sesong,runde,dato,tid,hjemme,borte,hjemmemaal,bortemaal
2012,1,2012-04-09,15:00,Sarpsborg 08,Start,4.0,4.0
2012,1,2012-04-09,18:00,HamKam,Sandefjord Fotball,2.0,3.0
2012,1,2012-04-09,18:00,Hødd,Kongsvinger,0.0,2.0
2012,1,2012-04-09,18:00,Bærum,Bodø/Glimt,3.0,3.0
2012,1,2012-04-09,18:00,Ullensaker/Kisa,Notodden,2.0,0.0
2012,1,2012-04-09,18:00,Tromsdalen,Ranheim,1.0,3.0
2012,1,2012-04-09,18:00,Alta,Mjøndalen,0.0,1.0
2012,1,2012-04-09,18:00,Bryne,Strømmen,3.0,1.0
2012,2,2012-04-15,15:00,Sandefjord Fotball,Sarpsborg 08,1.0,2.0
2012,2,2012-04-15,18:00,Kongsvinger,Tromsdalen,2.0,0.0
2012,2,2012-04-15,18:00,Bodø/Glimt,Alta,1.0,0.0
2012,2,2012-04-15,18:00,Start,HamKam,3.0,1.0
2012,2,2012-04-15,18:00,Notodden,Bryne,3.0,0.0
2012,2,2012-04-15,18:00,Ranheim,Ullensaker/Kisa,3.0,0.0
2012,2,2012-04-15,18:00,Strømmen,Hødd,4.0,2.0
2012,3,2012-04-21,14:30,Sandefjord Fotball,Start,1.0,1.0
2012,3,2012-04-22,18:00,Ullensaker/Kisa,Mjøndalen,5.0,0.0
2012,3,2012-04-22,18:00,Tromsdalen,Notodden,1.0,0.0
2012,3,2012-04-22,18:00,Bryne,Ranheim,0.0,1.0
2012,3,2012-04-22,18:00,Sarpsborg 08,Kongsvinger,1.0,2.0
2012,3,2012-04-22,18:00,Hødd,Bodø/Glimt,2.0,1.0
2012,3,2012-04-22,18:00,Alta,Bærum,3.0,3.0
2012,3,2012-04-22,18:00,HamKam,Strømmen,2.0,3.0
2012,4,2012-04-28,14:30,Kongsvinger,HamKam,0.0,3.0
2012,4,2012-04-28,18:00,Bærum,Ullensaker/Kisa,1.0,3.0
2012,4,2012-04-28,18:00,Alta,Hødd,5.0,0.0
2012,4,2012-04-28,18:00,Mjøndalen,Bryne,1.0,1.0
2012,4,2012-04-28,18:00,Strømmen,Sandefjord Fotball,1.0,1.0
2012,4,2012-04-28,18:00,Notodden,Sarpsborg 08,0.0,1.0
2012,4,2012-04-28,18:00,Ranheim,Start,1.0,1.0
2012,4,2012-04-28,18:00,Bodø/Glimt,Tromsdalen,3.0,2.0
2012,5,2012-05-06,15:00,HamKam,Notodden,1.0,0.0
2012,5,2012-05-06,18:00,Ullensaker/Kisa,Bodø/Glimt,0.0,3.0
2012,5,2012-05-06,18:00,Sarpsborg 08,Ranheim,2.0,2.0
2012,5,2012-05-06,18:00,Start,Strømmen,3.0,1.0
2012,5,2012-05-06,18:00,Tromsdalen,Mjøndalen,2.0,0.0
2012,5,2012-05-06,18:00,Bryne,Alta,1.0,1.0
2012,5,2012-05-06,18:00,Sandefjord Fotball,Kongsvinger,1.0,0.0
2012,6,2012-05-13,14:30,Kongsvinger,Start,0.0,1.0
2012,6,2012-05-13,18:00,Bærum,Tromsdalen,1.0,2.0
2012,6,2012-05-13,18:00,Bodø/Glimt,Bryne,4.0,1.0
2012,6,2012-05-13,18:00,Mjøndalen,Hødd,2.0,1.0
2012,6,2012-05-13,18:00,Alta,Ullensaker/Kisa,1.0,3.0
2012,6,2012-05-13,18:00,Notodden,Sandefjord Fotball,3.0,0.0
2012,6,2012-05-13,18:00,Ranheim,HamKam,1.0,1.0
2012,6,2012-05-13,18:00,Strømmen,Sarpsborg 08,0.0,2.0
2012,7,2012-05-16,18:00,Bryne,Bærum,3.0,1.0
2012,7,2012-05-16,18:00,Start,Notodden,7.0,0.0
2012,7,2012-05-16,18:00,Hødd,Ullensaker/Kisa,1.0,3.0
2012,7,2012-05-16,18:00,Sandefjord Fotball,Ranheim,3.0,0.0
2012,7,2012-05-16,18:00,Sarpsborg 08,Mjøndalen,3.0,1.0
2012,7,2012-05-16,18:00,Strømmen,Kongsvinger,1.0,0.0
2012,7,2012-05-16,18:00,Tromsdalen,Alta,1.0,1.0
2012,7,2012-05-16,18:00,HamKam,Bodø/Glimt,0.0,0.0
2012,8,2012-05-20,15:00,Bodø/Glimt,Sandefjord Fotball,4.0,0.0
2012,8,2012-05-20,18:00,Hødd,Bryne,0.0,1.0
2012,8,2012-05-20,18:00,Ranheim,Kongsvinger,7.0,0.0
2012,8,2012-05-20,18:00,Alta,Sarpsborg 08,1.0,3.0
2012,8,2012-05-20,18:00,Mjøndalen,Start,3.0,0.0
2012,8,2012-05-20,18:00,Bærum,HamKam,1.0,2.0
2012,8,2012-05-20,18:00,Notodden,Strømmen,2.0,0.0
2012,8,2012-05-22,20:00,Ullensaker/Kisa,Tromsdalen,2.0,1.0
2012,2,2012-05-23,18:00,Mjøndalen,Bærum,2.0,1.0
2012,9,2012-05-28,15:00,Start,Bodø/Glimt,3.0,0.0
2012,9,2012-05-28,18:00,Tromsdalen,Hødd,3.0,2.0
2012,9,2012-05-28,18:00,Sandefjord Fotball,Alta,2.0,2.0
2012,9,2012-05-28,18:00,HamKam,Mjøndalen,1.0,1.0
2012,9,2012-05-28,18:00,Kongsvinger,Notodden,3.0,1.0
2012,9,2012-05-28,18:00,Sarpsborg 08,Bærum,1.0,0.0
2012,9,2012-05-28,18:00,Bryne,Ullensaker/Kisa,0.0,2.0
2012,9,2012-05-28,18:00,Strømmen,Ranheim,2.0,1.0
2012,10,2012-06-03,15:00,Ullensaker/Kisa,Sarpsborg 08,2.0,1.0
2012,10,2012-06-03,18:00,Bryne,Tromsdalen,2.0,2.0
2012,10,2012-06-03,18:00,Notodden,Ranheim,2.0,3.0
2012,10,2012-06-03,18:00,Alta,Kongsvinger,1.0,1.0
2012,10,2012-06-03,18:00,Hødd,HamKam,5.0,0.0
2012,10,2012-06-03,18:00,Bærum,Start,2.0,3.0
2012,10,2012-06-03,18:00,Bodø/Glimt,Strømmen,0.0,0.0
2012,5,2012-06-24,16:30,Hødd,Bærum,2.0,0.0
2012,10,2012-06-24,18:00,Mjøndalen,Sandefjord Fotball,0.0,3.0
2012,11,2012-06-30,14:00,Start,Ullensaker/Kisa,2.0,0.0
2012,11,2012-06-30,18:00,Notodden,Bodø/Glimt,0.0,4.0
2012,11,2012-06-30,18:00,Ranheim,Hødd,1.0,1.0
2012,11,2012-06-30,18:00,Sandefjord Fotball,Tromsdalen,1.0,2.0
2012,11,2012-06-30,18:00,Kongsvinger,Bærum,6.0,2.0
2012,11,2012-06-30,18:00,Sarpsborg 08,Bryne,2.0,2.0
2012,11,2012-06-30,18:00,HamKam,Alta,3.0,0.0
2012,11,2012-06-30,18:00,Strømmen,Mjøndalen,2.0,2.0
2012,12,2012-07-08,15:00,Bodø/Glimt,Ranheim,0.0,3.0
2012,12,2012-07-08,18:00,Bærum,Notodden,6.0,0.0
2012,12,2012-07-08,18:00,Mjøndalen,Kongsvinger,2.0,1.0
2012,12,2012-07-08,18:00,Tromsdalen,Sarpsborg 08,0.0,0.0
2012,12,2012-07-08,18:00,Hødd,Start,0.0,0.0
2012,12,2012-07-08,18:00,Bryne,Sandefjord Fotball,0.0,1.0
2012,12,2012-07-11,18:00,Alta,Strømmen,2.0,3.0
2012,13,2012-07-15,15:00,Sandefjord Fotball,Ullensaker/Kisa,2.0,0.0
2012,13,2012-07-15,18:00,Notodden,Hødd,2.0,2.0
2012,13,2012-07-15,18:00,HamKam,Tromsdalen,7.0,2.0
2012,13,2012-07-15,18:00,Sarpsborg 08,Bodø/Glimt,1.0,1.0
2012,13,2012-07-15,18:00,Strømmen,Bærum,1.0,2.0
2012,13,2012-07-15,18:00,Start,Alta,4.0,0.0
2012,13,2012-07-15,18:00,Ranheim,Mjøndalen,1.0,2.0
2012,13,2012-07-15,18:00,Kongsvinger,Bryne,1.0,2.0
2012,12,2012-07-18,18:00,Ullensaker/Kisa,HamKam,0.0,1.0
2012,14,2012-07-22,14:00,Bodø/Glimt,Kongsvinger,1.0,1.0
2012,14,2012-07-22,15:00,Tromsdalen,Start,1.0,2.0
2012,14,2012-07-22,16:00,Mjøndalen,Notodden,2.0,2.0
2012,14,2012-07-22,16:00,Hødd,Sarpsborg 08,2.0,1.0
2012,14,2012-07-22,16:00,Alta,Ranheim,1.0,1.0
2012,14,2012-07-22,16:00,Bryne,HamKam,0.0,1.0
2012,14,2012-07-22,16:00,Bærum,Sandefjord Fotball,1.0,3.0
2012,14,2012-07-23,19:00,Ullensaker/Kisa,Strømmen,1.0,1.0
2012,15,2012-07-29,15:00,Start,Bryne,3.0,1.0
2012,15,2012-07-29,18:00,Ranheim,Bærum,3.0,1.0
2012,15,2012-07-29,18:00,Sarpsborg 08,HamKam,4.0,1.0
2012,15,2012-07-29,18:00,Notodden,Alta,4.0,1.0
2012,15,2012-07-29,18:00,Kongsvinger,Ullensaker/Kisa,1.0,0.0
2012,15,2012-07-29,18:00,Bodø/Glimt,Mjøndalen,2.0,2.0
2012,15,2012-07-29,18:00,Strømmen,Tromsdalen,5.0,0.0
2012,15,2012-07-29,18:00,Sandefjord Fotball,Hødd,1.0,0.0
2012,16,2012-08-05,15:00,HamKam,Kongsvinger,0.0,5.0
2012,16,2012-08-05,18:00,Mjøndalen,Ullensaker/Kisa,2.0,1.0
2012,16,2012-08-05,18:00,Hødd,Alta,1.0,1.0
2012,16,2012-08-05,18:00,Bærum,Sarpsborg 08,2.0,4.0
2012,16,2012-08-05,18:00,Tromsdalen,Sandefjord Fotball,0.0,3.0
2012,16,2012-08-05,18:00,Bryne,Notodden,2.0,1.0
2012,16,2012-08-05,18:00,Start,Ranheim,2.0,2.0
2012,16,2012-08-05,18:00,Strømmen,Bodø/Glimt,1.0,1.0
2012,17,2012-08-10,20:30,Sandefjord Fotball,Mjøndalen,1.0,1.0
2012,17,2012-08-12,18:00,Ranheim,Tromsdalen,4.0,1.0
2012,17,2012-08-12,18:00,Notodden,HamKam,0.0,3.0
2012,17,2012-08-12,18:00,Alta,Bryne,3.0,2.0
2012,17,2012-08-12,18:00,Kongsvinger,Hødd,2.0,1.0
2012,17,2012-08-12,18:00,Bodø/Glimt,Bærum,3.0,1.0
2012,17,2012-08-12,18:00,Sarpsborg 08,Strømmen,4.0,0.0
2012,17,2012-08-13,19:00,Ullensaker/Kisa,Start,0.0,3.0
2012,18,2012-08-19,15:00,Start,Sarpsborg 08,3.0,4.0
2012,18,2012-08-19,18:00,Mjøndalen,Alta,4.0,0.0
2012,18,2012-08-19,18:00,HamKam,Ranheim,2.0,1.0
2012,18,2012-08-19,18:00,Bærum,Strømmen,0.0,0.0
2012,19,2012-08-26,15:00,Bodø/Glimt,HamKam,3.0,1.0
2012,19,2012-08-26,18:00,Ranheim,Bryne,0.0,0.0
2012,19,2012-08-26,18:00,Bærum,Hødd,1.0,2.0
2012,19,2012-08-26,18:00,Alta,Sandefjord Fotball,0.0,1.0
2012,19,2012-08-26,18:00,Kongsvinger,Mjøndalen,0.0,2.0
2012,19,2012-08-26,18:00,Notodden,Ullensaker/Kisa,1.0,2.0
2012,19,2012-08-26,18:00,Sarpsborg 08,Tromsdalen,2.0,0.0
2012,19,2012-08-26,18:00,Strømmen,Start,1.0,2.0
2012,18,2012-08-29,18:00,Tromsdalen,Kongsvinger,2.0,1.0
2012,18,2012-08-29,18:30,Hødd,Notodden,2.0,1.0
2012,18,2012-08-29,19:00,Ullensaker/Kisa,Sandefjord Fotball,1.0,1.0
2012,20,2012-09-02,15:00,HamKam,Sarpsborg 08,3.0,5.0
2012,20,2012-09-02,18:00,Sandefjord Fotball,Notodden,3.0,3.0
2012,20,2012-09-02,18:00,Tromsdalen,Strømmen,3.0,0.0
2012,20,2012-09-02,18:00,Start,Bærum,4.0,0.0
2012,20,2012-09-02,18:00,Ullensaker/Kisa,Alta,3.0,0.0
2012,20,2012-09-02,18:00,Bryne,Kongsvinger,2.0,1.0
2012,20,2012-09-02,18:00,Hødd,Ranheim,1.0,3.0
2012,20,2012-09-02,18:00,Mjøndalen,Bodø/Glimt,2.0,1.0
2012,21,2012-09-09,15:00,Ranheim,Sandefjord Fotball,1.0,2.0
2012,21,2012-09-09,16:00,Bærum,Bryne,5.0,4.0
2012,21,2012-09-09,16:00,Strømmen,HamKam,0.0,4.0
2012,21,2012-09-09,18:00,Start,Tromsdalen,3.0,3.0
2012,21,2012-09-09,18:00,Notodden,Mjøndalen,0.0,2.0
2012,21,2012-09-09,18:00,Bodø/Glimt,Ullensaker/Kisa,1.0,0.0
2012,21,2012-09-09,18:00,Kongsvinger,Alta,4.0,0.0
2012,18,2012-09-12,18:00,Bryne,Bodø/Glimt,2.0,1.0
2012,22,2012-09-16,15:00,HamKam,Start,1.0,2.0
2012,22,2012-09-16,16:00,Tromsdalen,Bærum,2.0,3.0
2012,22,2012-09-16,16:00,Hødd,Strømmen,4.0,1.0
2012,22,2012-09-16,18:00,Sandefjord Fotball,Bodø/Glimt,2.0,1.0
2012,22,2012-09-16,18:00,Ullensaker/Kisa,Kongsvinger,0.0,1.0
2012,22,2012-09-16,18:00,Bryne,Sarpsborg 08,4.0,3.0
2012,22,2012-09-16,18:00,Alta,Notodden,1.0,0.0
2012,22,2012-09-16,18:00,Mjøndalen,Ranheim,2.0,1.0
2012,23,2012-09-23,15:00,Kongsvinger,Sandefjord Fotball,2.0,0.0
2012,23,2012-09-23,16:00,Ranheim,Alta,2.0,1.0
2012,23,2012-09-23,16:00,Strømmen,Bryne,1.0,1.0
2012,23,2012-09-23,16:00,Tromsdalen,HamKam,1.0,1.0
2012,23,2012-09-23,16:00,Bærum,Mjøndalen,0.0,3.0
2012,23,2012-09-23,18:00,Sarpsborg 08,Ullensaker/Kisa,2.0,1.0
2012,23,2012-09-23,18:00,Start,Hødd,2.0,1.0
2012,23,2012-09-23,18:00,Bodø/Glimt,Notodden,6.0,0.0
2012,24,2012-09-30,15:00,Bryne,Start,0.0,3.0
2012,24,2012-09-30,16:00,Hødd,Tromsdalen,4.0,3.0
2012,24,2012-09-30,18:00,Alta,Bodø/Glimt,1.0,1.0
2012,24,2012-09-30,18:00,HamKam,Bærum,3.0,1.0
2012,24,2012-09-30,18:00,Mjøndalen,Sarpsborg 08,0.0,2.0
2012,24,2012-09-30,18:00,Ullensaker/Kisa,Ranheim,1.0,0.0
2012,24,2012-09-30,18:00,Notodden,Kongsvinger,3.0,1.0
2012,24,2012-09-30,18:00,Sandefjord Fotball,Strømmen,1.0,0.0
2012,25,2012-10-07,15:00,Start,Mjøndalen,3.0,1.0
2012,25,2012-10-07,15:00,Tromsdalen,Bryne,5.0,1.0
2012,25,2012-10-07,16:00,Strømmen,Ullensaker/Kisa,2.0,1.0
2012,25,2012-10-07,16:00,Ranheim,Notodden,3.0,2.0
2012,25,2012-10-07,16:00,Bærum,Alta,1.0,1.0
2012,25,2012-10-07,18:00,HamKam,Hødd,2.0,0.0
2012,25,2012-10-07,18:00,Sarpsborg 08,Sandefjord Fotball,0.0,3.0
2012,25,2012-10-07,18:00,Kongsvinger,Bodø/Glimt,1.0,2.0
2012,26,2012-10-14,15:00,Bodø/Glimt,Sarpsborg 08,2.0,3.0
2012,26,2012-10-14,18:00,Alta,Start,0.0,2.0
2012,26,2012-10-14,18:00,Notodden,Tromsdalen,1.0,5.0
2012,26,2012-10-14,18:00,Bryne,Hødd,1.0,0.0
2012,26,2012-10-14,18:00,Ullensaker/Kisa,Bærum,5.0,2.0
2012,26,2012-10-14,18:00,Kongsvinger,Ranheim,2.0,2.0
2012,26,2012-10-14,18:00,Sandefjord Fotball,HamKam,2.0,0.0
2012,27,2012-10-21,14:00,Strømmen,Notodden,2.0,1.0
2012,27,2012-10-21,14:00,Bærum,Kongsvinger,4.0,1.0
2012,27,2012-10-21,14:00,Tromsdalen,Ullensaker/Kisa,1.0,2.0
2012,27,2012-10-21,14:00,Hødd,Mjøndalen,3.0,0.0
2012,27,2012-10-21,14:00,Ranheim,Bodø/Glimt,1.0,1.0
2012,27,2012-10-21,15:00,Start,Sandefjord Fotball,1.0,0.0
2012,27,2012-10-21,18:00,HamKam,Bryne,1.0,1.0
2012,27,2012-10-21,18:00,Sarpsborg 08,Alta,6.0,0.0
2012,21,2012-10-24,17:30,Sarpsborg 08,Hødd,2.0,2.0
2012,28,2012-10-28,13:00,Sandefjord Fotball,Bryne,2.0,0.0
2012,28,2012-10-28,13:00,Ranheim,Sarpsborg 08,1.0,2.0
2012,28,2012-10-28,15:00,Bodø/Glimt,Start,5.0,0.0
2012,28,2012-10-28,18:00,Notodden,Bærum,2.0,2.0
2012,28,2012-10-28,18:00,Mjøndalen,Tromsdalen,3.0,0.0
2012,28,2012-10-28,18:00,Ullensaker/Kisa,Hødd,3.0,1.0
2012,28,2012-10-28,18:00,Alta,HamKam,0.0,0.0
2012,28,2012-10-28,18:00,Kongsvinger,Strømmen,2.0,1.0
2012,26,2012-10-31,19:00,Mjøndalen,Strømmen,3.0,2.0
2012,29,2012-11-04,12:30,Tromsdalen,Bodø/Glimt,3.0,0.0
2012,29,2012-11-04,12:30,HamKam,Ullensaker/Kisa,2.0,1.0
2012,29,2012-11-04,12:30,Strømmen,Alta,1.0,0.0
2012,29,2012-11-04,12:30,Start,Kongsvinger,3.0,0.0
2012,29,2012-11-04,12:30,Bryne,Mjøndalen,2.0,2.0
2012,29,2012-11-04,12:30,Hødd,Sandefjord Fotball,1.0,0.0
2012,29,2012-11-04,12:30,Bærum,Ranheim,2.0,2.0
2012,29,2012-11-04,12:30,Sarpsborg 08,Notodden,3.0,2.0
2012,30,2012-11-11,13:00,Kongsvinger,Sarpsborg 08,1.0,3.0
2012,30,2012-11-11,13:00,Bodø/Glimt,Hødd,4.0,0.0
2012,30,2012-11-11,13:00,Ranheim,Strømmen,1.0,2.0
2012,30,2012-11-11,13:00,Mjøndalen,HamKam,4.0,2.0
2012,30,2012-11-11,13:00,Ullensaker/Kisa,Bryne,1.0,2.0
2012,30,2012-11-11,13:00,Alta,Tromsdalen,3.0,2.0
2012,30,2012-11-11,13:00,Notodden,Start,2.0,1.0
2012,30,2012-11-11,13:00,Sandefjord Fotball,Bærum,0.0,0.0
2013,1,2013-04-06,15:30,HamKam,Stabæk,2.0,2.0
2013,1,2013-04-07,18:00,Ranheim,Vard Haugesund,2.0,1.0
2013,1,2013-04-07,18:00,Strømmen,Sandefjord Fotball,0.0,0.0
2013,1,2013-04-07,18:00,Bodø/Glimt,Ullensaker/Kisa,3.0,1.0
2013,1,2013-04-07,18:00,Kristiansund,Elverum,3.0,1.0
2013,1,2013-04-07,18:00,Kongsvinger,Mjøndalen,1.0,0.0
2013,1,2013-04-08,19:00,Fredrikstad,Hødd,3.0,2.0
2013,2,2013-04-13,15:30,Stabæk,Kristiansund,0.0,0.0
2013,2,2013-04-14,18:00,Ullensaker/Kisa,Ranheim,1.0,3.0
2013,2,2013-04-14,18:00,Bryne,Fredrikstad,2.0,1.0
2013,2,2013-04-14,18:00,Mjøndalen,Follo,4.0,1.0
2013,2,2013-04-15,19:00,Sandefjord Fotball,Bodø/Glimt,2.0,1.0
2013,3,2013-04-20,15:30,Kongsvinger,Stabæk,2.0,2.0
2013,3,2013-04-21,18:00,Bodø/Glimt,Elverum,3.0,0.0
2013,3,2013-04-21,18:00,HamKam,Ullensaker/Kisa,2.0,1.0
2013,3,2013-04-21,18:00,Kristiansund,Vard Haugesund,1.0,2.0
2013,3,2013-04-21,18:00,Ranheim,Bryne,0.0,0.0
2013,3,2013-04-21,18:00,Strømmen,Mjøndalen,1.0,1.0
2013,3,2013-04-22,19:00,Fredrikstad,Sandefjord Fotball,1.0,2.0
2013,2,2013-04-24,18:30,Hødd,HamKam,2.0,1.0
2013,4,2013-04-27,15:30,Sandefjord Fotball,Ranheim,0.0,1.0
2013,4,2013-04-28,18:00,Elverum,Kongsvinger,2.0,2.0
2013,4,2013-04-28,18:00,Ullensaker/Kisa,Strømmen,1.0,1.0
2013,4,2013-04-28,18:00,Follo,Kristiansund,0.0,1.0
2013,4,2013-04-28,18:00,Bryne,Bodø/Glimt,4.0,0.0
2013,4,2013-04-28,18:00,Hødd,Stabæk,1.0,0.0
2013,4,2013-04-28,18:00,Mjøndalen,HamKam,0.0,2.0
2013,4,2013-04-29,19:00,Vard Haugesund,Fredrikstad,0.0,1.0
2013,5,2013-05-04,15:30,Stabæk,Bryne,2.0,2.0
2013,5,2013-05-05,15:00,Kongsvinger,Fredrikstad,2.0,1.0
2013,5,2013-05-05,18:00,Bodø/Glimt,Follo,3.0,0.0
2013,5,2013-05-05,18:00,Ullensaker/Kisa,Vard Haugesund,2.0,0.0
2013,5,2013-05-05,18:00,HamKam,Elverum,1.0,0.0
2013,5,2013-05-05,18:00,Kristiansund,Sandefjord Fotball,1.0,0.0
2013,5,2013-05-05,18:00,Ranheim,Mjøndalen,0.0,1.0
2013,5,2013-05-05,18:00,Strømmen,Hødd,0.0,2.0
2013,6,2013-05-09,15:00,Sandefjord Fotball,HamKam,3.0,2.0
2013,6,2013-05-09,15:30,Fredrikstad,Ullensaker/Kisa,2.0,2.0
2013,6,2013-05-09,18:00,Follo,Stabæk,2.0,3.0
2013,6,2013-05-09,18:00,Hødd,Kongsvinger,1.0,0.0
2013,6,2013-05-09,18:00,Mjøndalen,Kristiansund,2.0,1.0
2013,6,2013-05-09,18:00,Elverum,Ranheim,1.0,4.0
2013,6,2013-05-09,18:00,Vard Haugesund,Bodø/Glimt,2.0,2.0
2013,6,2013-05-09,18:00,Bryne,Strømmen,2.0,1.0
2013,7,2013-05-12,15:00,Stabæk,Mjøndalen,2.0,0.0
2013,7,2013-05-12,15:30,Ranheim,Fredrikstad,3.0,0.0
2013,7,2013-05-12,18:00,HamKam,Follo,3.0,1.0
2013,7,2013-05-12,18:00,Kongsvinger,Sandefjord Fotball,0.0,3.0
2013,7,2013-05-12,18:00,Kristiansund,Bryne,2.0,2.0
2013,7,2013-05-12,18:00,Bodø/Glimt,Hødd,1.0,0.0
2013,7,2013-05-12,18:00,Ullensaker/Kisa,Elverum,0.0,1.0
2013,7,2013-05-12,18:00,Strømmen,Vard Haugesund,3.0,2.0
2013,8,2013-05-16,18:00,Ullensaker/Kisa,Kristiansund,1.0,4.0
2013,8,2013-05-16,18:00,Hødd,Ranheim,2.0,3.0
2013,8,2013-05-16,18:00,Sandefjord Fotball,Follo,2.0,1.0
2013,8,2013-05-16,18:00,Elverum,Mjøndalen,0.0,2.0
2013,8,2013-05-16,18:00,Vard Haugesund,HamKam,0.0,3.0
2013,8,2013-05-16,18:00,Bryne,Kongsvinger,0.0,1.0
2013,8,2013-05-16,18:00,Bodø/Glimt,Strømmen,3.0,0.0
2013,8,2013-05-16,20:05,Fredrikstad,Stabæk,4.0,0.0
2013,9,2013-05-20,15:30,Stabæk,Ullensaker/Kisa,1.0,0.0
2013,9,2013-05-20,18:00,HamKam,Bodø/Glimt,0.0,0.0
2013,9,2013-05-20,18:00,Sandefjord Fotball,Vard Haugesund,3.0,1.0
2013,9,2013-05-20,18:00,Mjøndalen,Bryne,0.0,3.0
2013,9,2013-05-20,18:00,Follo,Elverum,3.0,1.0
2013,9,2013-05-20,18:00,Kongsvinger,Ranheim,2.0,3.0
2013,9,2013-05-20,18:00,Strømmen,Fredrikstad,2.0,1.0
2013,9,2013-05-22,19:00,Kristiansund,Hødd,0.0,1.0
2013,2,2013-05-23,18:00,Elverum,Strømmen,1.0,1.0
2013,2,2013-05-23,19:00,Vard Haugesund,Kongsvinger,2.0,2.0
2013,10,2013-05-25,15:30,Bryne,Sandefjord Fotball,1.0,2.0
2013,10,2013-05-26,18:00,Bodø/Glimt,Kristiansund,2.0,0.0
2013,10,2013-05-26,18:00,Ullensaker/Kisa,Kongsvinger,1.0,1.0
2013,10,2013-05-26,18:00,Vard Haugesund,Follo,1.0,2.0
2013,10,2013-05-26,18:00,Hødd,Mjøndalen,1.0,0.0
2013,10,2013-05-26,18:00,Ranheim,Strømmen,1.0,0.0
2013,10,2013-05-26,18:00,Elverum,Stabæk,3.0,4.0
2013,10,2013-05-27,19:00,Fredrikstad,HamKam,3.0,0.0
2013,1,2013-06-02,18:00,Follo,Bryne,0.0,0.0
2013,15,2013-06-02,18:00,Elverum,Hødd,0.0,2.0
2013,11,2013-06-08,15:30,Mjøndalen,Bodø/Glimt,0.0,3.0
2013,11,2013-06-09,18:00,HamKam,Strømmen,2.0,0.0
2013,11,2013-06-09,18:00,Hødd,Vard Haugesund,0.0,2.0
2013,11,2013-06-09,18:00,Stabæk,Ranheim,4.0,1.0
2013,11,2013-06-09,18:00,Kristiansund,Kongsvinger,1.0,0.0
2013,11,2013-06-09,18:00,Sandefjord Fotball,Ullensaker/Kisa,1.0,1.0
2013,11,2013-06-10,19:00,Follo,Fredrikstad,0.0,1.0
2013,3,2013-06-13,18:00,Follo,Hødd,2.0,2.0
2013,12,2013-06-15,15:30,Fredrikstad,Mjøndalen,3.0,0.0
2013,12,2013-06-16,18:00,Ullensaker/Kisa,Hødd,1.0,1.0
2013,12,2013-06-16,18:00,Kongsvinger,Follo,4.0,0.0
2013,12,2013-06-16,18:00,Strømmen,Kristiansund,0.0,3.0
2013,12,2013-06-16,18:00,Bodø/Glimt,Stabæk,2.0,1.0
2013,12,2013-06-16,18:00,Ranheim,HamKam,0.0,3.0
2013,12,2013-06-16,18:00,Vard Haugesund,Bryne,2.0,3.0
2013,12,2013-06-17,19:00,Elverum,Sandefjord Fotball,0.0,1.0
2013,13,2013-06-22,15:30,Kongsvinger,Bodø/Glimt,1.0,4.0
2013,13,2013-06-23,18:00,Bryne,HamKam,1.0,0.0
2013,13,2013-06-23,18:00,Kristiansund,Ranheim,1.0,0.0
2013,13,2013-06-23,18:00,Elverum,Fredrikstad,0.0,1.0
2013,13,2013-06-23,18:00,Stabæk,Strømmen,2.0,1.0
2013,13,2013-06-23,18:00,Follo,Ullensaker/Kisa,3.0,4.0
2013,13,2013-06-23,18:00,Mjøndalen,Vard Haugesund,2.0,1.0
2013,13,2013-06-24,19:00,Sandefjord Fotball,Hødd,0.0,2.0
2013,14,2013-06-30,13:00,HamKam,Kongsvinger,1.0,1.0
2013,14,2013-06-30,18:00,Hødd,Bryne,0.0,1.0
2013,14,2013-06-30,18:00,Ranheim,Bodø/Glimt,0.0,2.0
2013,14,2013-06-30,18:00,Sandefjord Fotball,Stabæk,0.0,0.0
2013,14,2013-06-30,18:00,Strømmen,Follo,1.0,0.0
2013,14,2013-06-30,18:00,Vard Haugesund,Elverum,0.0,3.0
2013,14,2013-06-30,18:00,Ullensaker/Kisa,Mjøndalen,4.0,0.0
2013,14,2013-07-01,19:00,Fredrikstad,Kristiansund,1.0,4.0
2013,15,2013-07-05,19:00,Kristiansund,HamKam,5.0,1.0
2013,15,2013-07-06,15:30,Stabæk,Vard Haugesund,1.0,1.0
2013,15,2013-07-07,18:00,Bodø/Glimt,Fredrikstad,4.0,0.0
2013,15,2013-07-07,18:00,Follo,Ranheim,0.0,2.0
2013,15,2013-07-07,18:00,Bryne,Ullensaker/Kisa,2.0,2.0
2013,15,2013-07-07,18:00,Mjøndalen,Sandefjord Fotball,2.0,1.0
2013,15,2013-07-07,18:00,Kongsvinger,Strømmen,0.0,0.0
2013,16,2013-07-26,19:00,HamKam,Mjøndalen,1.0,2.0
2013,16,2013-07-27,15:30,Sandefjord Fotball,Kongsvinger,2.0,2.0
2013,16,2013-07-28,18:00,Ullensaker/Kisa,Bodø/Glimt,1.0,2.0
2013,16,2013-07-28,18:00,Ranheim,Elverum,2.0,2.0
2013,16,2013-07-28,18:00,Fredrikstad,Follo,0.0,1.0
2013,16,2013-07-28,18:00,Kristiansund,Stabæk,1.0,2.0
2013,16,2013-07-28,18:00,Vard Haugesund,Hødd,2.0,2.0
2013,16,2013-07-28,18:00,Strømmen,Bryne,2.0,0.0
2013,11,2013-07-31,19:00,Bryne,Elverum,3.0,1.0
2013,17,2013-08-03,15:30,Stabæk,HamKam,1.0,5.0
2013,17,2013-08-04,18:00,Bryne,Ranheim,3.0,1.0
2013,17,2013-08-04,18:00,Kongsvinger,Ullensaker/Kisa,0.0,2.0
2013,17,2013-08-04,18:00,Elverum,Kristiansund,2.0,3.0
2013,17,2013-08-04,18:00,Hødd,Fredrikstad,0.0,1.0
2013,17,2013-08-04,18:00,Mjøndalen,Strømmen,2.0,2.0
2013,17,2013-08-05,19:00,Bodø/Glimt,Sandefjord Fotball,2.0,0.0
2013,18,2013-08-09,19:00,Sandefjord Fotball,Elverum,2.0,2.0
2013,18,2013-08-10,15:30,Bodø/Glimt,Bryne,5.0,3.0
2013,18,2013-08-11,18:00,Kristiansund,Mjøndalen,0.0,2.0
2013,18,2013-08-11,18:00,Strømmen,Stabæk,2.0,3.0
2013,18,2013-08-11,18:00,Ullensaker/Kisa,Follo,4.0,0.0
2013,18,2013-08-11,18:00,Ranheim,Kongsvinger,5.0,1.0
2013,18,2013-08-11,18:00,HamKam,Hødd,1.0,0.0
2013,18,2013-08-12,19:00,Fredrikstad,Vard Haugesund,4.0,4.0
2013,19,2013-08-16,19:00,Stabæk,Fredrikstad,2.0,1.0
2013,19,2013-08-17,15:30,Kongsvinger,HamKam,3.0,0.0
2013,19,2013-08-18,18:00,Follo,Bodø/Glimt,0.0,1.0
2013,19,2013-08-18,18:00,Bryne,Kristiansund,4.0,2.0
2013,19,2013-08-18,18:00,Elverum,Ullensaker/Kisa,5.0,1.0
2013,19,2013-08-18,18:00,Vard Haugesund,Strømmen,2.0,3.0
2013,19,2013-08-18,18:00,Hødd,Sandefjord Fotball,2.0,0.0
2013,19,2013-08-18,18:00,Mjøndalen,Ranheim,0.0,0.0
2013,20,2013-08-24,15:30,Fredrikstad,Kongsvinger,1.0,1.0
2013,20,2013-08-25,18:00,Bodø/Glimt,Mjøndalen,2.0,0.0
2013,20,2013-08-25,18:00,HamKam,Vard Haugesund,1.0,1.0
2013,20,2013-08-25,18:00,Kristiansund,Follo,4.0,2.0
2013,20,2013-08-25,18:00,Ranheim,Ullensaker/Kisa,2.0,0.0
2013,20,2013-08-25,18:00,Stabæk,Hødd,2.0,1.0
2013,20,2013-08-25,18:00,Strømmen,Elverum,2.0,0.0
2013,20,2013-08-26,19:00,Sandefjord Fotball,Bryne,2.0,0.0
2013,21,2013-08-31,15:30,Ullensaker/Kisa,Sandefjord Fotball,0.0,1.0
2013,21,2013-09-01,18:00,Vard Haugesund,Ranheim,2.0,0.0
2013,21,2013-09-01,18:00,Hødd,Strømmen,2.0,1.0
2013,21,2013-09-01,18:00,Follo,HamKam,2.0,1.0
2013,21,2013-09-01,18:00,Kongsvinger,Kristiansund,5.0,1.0
2013,21,2013-09-01,18:00,Elverum,Bodø/Glimt,1.0,2.0
2013,21,2013-09-01,18:00,Mjøndalen,Fredrikstad,0.0,0.0
2013,21,2013-09-02,19:00,Bryne,Stabæk,1.0,2.0
2013,17,2013-09-04,17:30,Follo,Vard Haugesund,4.0,0.0
2013,22,2013-09-08,16:00,Ranheim,Kristiansund,1.0,1.0
2013,22,2013-09-08,16:00,Strømmen,Ullensaker/Kisa,3.0,2.0
2013,22,2013-09-08,16:00,Hødd,Bodø/Glimt,2.0,1.0
2013,22,2013-09-08,18:00,HamKam,Bryne,3.0,2.0
2013,22,2013-09-08,18:00,Vard Haugesund,Sandefjord Fotball,2.0,1.0
2013,22,2013-09-08,18:00,Mjøndalen,Kongsvinger,3.0,0.0
2013,22,2013-09-09,19:00,Fredrikstad,Elverum,2.0,1.0
2013,23,2013-09-14,15:30,Sandefjord Fotball,Fredrikstad,0.0,0.0
2013,23,2013-09-15,16:00,Elverum,Vard Haugesund,0.0,2.0
2013,23,2013-09-15,16:00,Kristiansund,Strømmen,1.0,1.0
2013,23,2013-09-15,16:00,Ranheim,Hødd,1.0,1.0
2013,23,2013-09-15,16:00,Follo,Mjøndalen,0.0,1.0
2013,23,2013-09-15,18:00,Ullensaker/Kisa,Stabæk,2.0,0.0
2013,23,2013-09-15,18:00,Kongsvinger,Bryne,1.0,1.0
2013,23,2013-09-16,19:00,Bodø/Glimt,HamKam,2.0,0.0
2013,22,2013-09-18,18:30,Stabæk,Follo,2.0,1.0
2013,24,2013-09-21,15:30,Fredrikstad,Ranheim,1.0,1.0
2013,24,2013-09-22,16:00,Strømmen,Bodø/Glimt,1.0,1.0
2013,24,2013-09-22,16:00,Hødd,Ullensaker/Kisa,2.0,0.0
2013,24,2013-09-22,18:00,Stabæk,Kongsvinger,3.0,1.0
2013,24,2013-09-22,18:00,Vard Haugesund,Kristiansund,2.0,1.0
2013,24,2013-09-22,18:00,Bryne,Follo,4.0,3.0
2013,24,2013-09-22,18:00,Mjøndalen,Elverum,3.0,2.0
2013,24,2013-09-23,19:00,HamKam,Sandefjord Fotball,3.0,0.0
2013,25,2013-09-28,15:30,Sandefjord Fotball,Strømmen,1.0,1.0
2013,25,2013-09-29,16:00,Kristiansund,Fredrikstad,2.0,2.0
2013,25,2013-09-29,16:00,Elverum,HamKam,2.0,2.0
2013,25,2013-09-29,16:00,Ranheim,Follo,4.0,0.0
2013,25,2013-09-29,18:00,Mjøndalen,Stabæk,1.0,1.0
2013,25,2013-09-29,18:00,Kongsvinger,Hødd,0.0,1.0
2013,25,2013-09-29,18:00,Ullensaker/Kisa,Bryne,3.0,3.0
2013,25,2013-09-30,19:00,Bodø/Glimt,Vard Haugesund,1.0,0.0
2013,26,2013-10-05,15:30,Stabæk,Sandefjord Fotball,4.0,1.0
2013,26,2013-10-06,16:00,Follo,Kongsvinger,2.0,1.0
2013,26,2013-10-06,16:00,Hødd,Elverum,4.0,1.0
2013,26,2013-10-06,16:00,Strømmen,Ranheim,4.0,1.0
2013,26,2013-10-06,18:00,Bryne,Mjøndalen,0.0,1.0
2013,26,2013-10-06,18:00,HamKam,Kristiansund,2.0,1.0
2013,26,2013-10-06,18:00,Vard Haugesund,Ullensaker/Kisa,1.0,3.0
2013,26,2013-10-07,19:00,Fredrikstad,Bodø/Glimt,2.0,0.0
2013,27,2013-10-12,15:30,Fredrikstad,Bryne,4.0,0.0
2013,27,2013-10-13,15:00,Elverum,Follo,0.0,5.0
2013,27,2013-10-13,15:00,Hødd,Kristiansund,1.0,1.0
2013,27,2013-10-13,15:00,Strømmen,Kongsvinger,2.0,0.0
2013,27,2013-10-13,18:00,Bodø/Glimt,Ranheim,0.0,2.0
2013,27,2013-10-13,18:00,Ullensaker/Kisa,HamKam,1.0,2.0
2013,27,2013-10-14,19:00,Sandefjord Fotball,Mjøndalen,4.0,2.0
2013,28,2013-10-19,15:30,Ranheim,Sandefjord Fotball,1.0,3.0
2013,28,2013-10-19,15:30,Bryne,Hødd,3.0,1.0
2013,28,2013-10-20,15:00,Kristiansund,Bodø/Glimt,0.0,2.0
2013,28,2013-10-20,15:00,Follo,Strømmen,3.0,0.0
2013,28,2013-10-20,18:00,HamKam,Fredrikstad,2.0,1.0
2013,28,2013-10-20,18:00,Kongsvinger,Vard Haugesund,1.0,1.0
2013,28,2013-10-20,18:00,Mjøndalen,Ullensaker/Kisa,2.0,1.0
2013,28,2013-10-21,19:00,Stabæk,Elverum,3.0,3.0
2013,27,2013-10-24,18:30,Vard Haugesund,Stabæk,3.0,0.0
2013,29,2013-10-27,13:00,Ullensaker/Kisa,Fredrikstad,2.0,0.0
2013,29,2013-10-27,13:00,Elverum,Bryne,1.0,2.0
2013,29,2013-10-27,13:00,Ranheim,Stabæk,1.0,1.0
2013,29,2013-10-27,13:00,Vard Haugesund,Mjøndalen,2.0,1.0
2013,29,2013-10-27,13:00,Sandefjord Fotball,Kristiansund,1.0,2.0
2013,29,2013-10-27,13:00,Strømmen,HamKam,2.0,2.0
2013,29,2013-10-27,13:00,Bodø/Glimt,Kongsvinger,8.0,0.0
2013,29,2013-10-27,13:00,Hødd,Follo,2.0,0.0
2013,30,2013-11-03,13:00,Follo,Sandefjord Fotball,2.0,1.0
2013,30,2013-11-03,13:00,Bryne,Vard Haugesund,3.0,5.0
2013,30,2013-11-03,13:00,HamKam,Ranheim,1.0,4.0
2013,30,2013-11-03,13:00,Kongsvinger,Elverum,2.0,1.0
2013,30,2013-11-03,13:00,Fredrikstad,Strømmen,2.0,2.0
2013,30,2013-11-03,13:00,Stabæk,Bodø/Glimt,1.0,1.0
2013,30,2013-11-03,13:00,Kristiansund,Ullensaker/Kisa,0.0,2.0
2013,30,2013-11-03,13:00,Mjøndalen,Hødd,3.0,1.0
2014,1,2014-04-06,15:00,Fredrikstad,Tromsø,0.0,2.0
2014,1,2014-04-06,18:00,Alta,Kristiansund,3.0,0.0
2014,1,2014-04-06,18:00,Ranheim,Nest-Sotra,1.0,2.0
2014,1,2014-04-06,18:00,Ullensaker/Kisa,Sandefjord Fotball,0.0,2.0
2014,1,2014-04-06,18:00,Tromsdalen,Strømmen,2.0,1.0
2014,1,2014-04-06,18:00,Bærum,Hønefoss BK,4.0,3.0
2014,1,2014-04-06,18:00,Mjøndalen,Bryne,3.0,1.0
2014,1,2014-04-07,19:00,HamKam,Hødd,0.0,1.0
2014,2,2014-04-13,15:00,Tromsø,Alta,1.0,0.0
2014,2,2014-04-13,18:00,Bryne,Bærum,1.0,2.0
2014,2,2014-04-13,18:00,Nest-Sotra,HamKam,3.0,1.0
2014,2,2014-04-13,18:00,Hødd,Tromsdalen,1.0,1.0
2014,2,2014-04-13,18:00,Strømmen,Ranheim,2.0,0.0
2014,2,2014-04-13,18:00,Kristiansund,Ullensaker/Kisa,1.0,0.0
2014,2,2014-04-13,18:00,Hønefoss BK,Mjøndalen,1.0,1.0
2014,2,2014-04-14,19:00,Sandefjord Fotball,Fredrikstad,0.0,1.0
2014,3,2014-04-21,13:00,Fredrikstad,Hødd,2.0,1.0
2014,3,2014-04-21,15:00,Hønefoss BK,Tromsø,1.0,3.0
2014,3,2014-04-21,18:00,Bærum,Nest-Sotra,2.0,1.0
2014,3,2014-04-21,18:00,HamKam,Kristiansund,0.0,0.0
2014,3,2014-04-21,18:00,Ranheim,Bryne,1.0,1.0
2014,3,2014-04-21,18:00,Tromsdalen,Ullensaker/Kisa,3.0,1.0
2014,3,2014-04-21,18:00,Alta,Sandefjord Fotball,2.0,2.0
2014,3,2014-04-21,18:00,Mjøndalen,Strømmen,4.0,0.0
2014,4,2014-04-27,15:00,Tromsø,HamKam,1.0,0.0
2014,4,2014-04-27,15:00,Sandefjord Fotball,Ranheim,1.0,0.0
2014,4,2014-04-27,18:00,Bryne,Tromsdalen,2.0,0.0
2014,4,2014-04-27,18:00,Kristiansund,Fredrikstad,1.0,0.0
2014,4,2014-04-27,18:00,Hødd,Alta,3.0,0.0
2014,4,2014-04-27,18:00,Ullensaker/Kisa,Hønefoss BK,0.0,1.0
2014,4,2014-04-27,18:00,Strømmen,Bærum,2.0,2.0
2014,4,2014-04-27,18:00,Nest-Sotra,Mjøndalen,1.0,2.0
2014,5,2014-05-01,15:00,Fredrikstad,Ullensaker/Kisa,0.0,0.0
2014,5,2014-05-01,15:00,Tromsdalen,Tromsø,0.0,0.0
2014,5,2014-05-01,18:00,Hønefoss BK,Nest-Sotra,0.0,1.0
2014,5,2014-05-01,18:00,Bryne,Sandefjord Fotball,1.0,3.0
2014,5,2014-05-01,18:00,Mjøndalen,Hødd,1.0,3.0
2014,5,2014-05-01,18:00,Bærum,Alta,0.0,3.0
2014,5,2014-05-01,18:00,Ranheim,HamKam,2.0,0.0
2014,5,2014-05-01,18:00,Strømmen,Kristiansund,3.0,3.0
2014,6,2014-05-04,15:00,Tromsø,Ranheim,1.0,1.0
2014,6,2014-05-04,15:00,HamKam,Bryne,0.0,2.0
2014,6,2014-05-04,18:00,Alta,Fredrikstad,1.0,0.0
2014,6,2014-05-04,18:00,Nest-Sotra,Tromsdalen,4.0,0.0
2014,6,2014-05-04,18:00,Kristiansund,Hønefoss BK,4.0,1.0
2014,6,2014-05-04,18:00,Hødd,Strømmen,1.0,1.0
2014,6,2014-05-04,18:00,Sandefjord Fotball,Bærum,1.0,0.0
2014,6,2014-05-04,18:00,Ullensaker/Kisa,Mjøndalen,0.0,1.0
2014,7,2014-05-11,15:00,Nest-Sotra,Tromsø,2.0,1.0
2014,7,2014-05-11,15:00,Bærum,Kristiansund,2.0,1.0
2014,7,2014-05-11,18:00,Hønefoss BK,Sandefjord Fotball,2.0,3.0
2014,7,2014-05-11,18:00,Ranheim,Fredrikstad,4.0,1.0
2014,7,2014-05-11,18:00,Tromsdalen,HamKam,2.0,1.0
2014,7,2014-05-11,18:00,Mjøndalen,Alta,4.0,1.0
2014,7,2014-05-11,18:00,Strømmen,Ullensaker/Kisa,5.0,3.0
2014,7,2014-05-11,18:00,Bryne,Hødd,2.0,2.0
2014,8,2014-05-16,16:00,Alta,Strømmen,0.0,2.0
2014,8,2014-05-16,17:00,Sandefjord Fotball,Tromsdalen,2.0,1.0
2014,8,2014-05-16,18:00,Ullensaker/Kisa,Bryne,1.0,0.0
2014,8,2014-05-16,18:00,Kristiansund,Ranheim,0.0,3.0
2014,8,2014-05-16,18:00,Fredrikstad,Nest-Sotra,2.0,0.0
2014,8,2014-05-16,18:00,Tromsø,Bærum,5.0,2.0
2014,8,2014-05-16,18:00,Hødd,Hønefoss BK,0.0,0.0
2014,8,2014-05-16,20:05,HamKam,Mjøndalen,1.0,2.0
2014,9,2014-05-19,20:00,Strømmen,Tromsø,0.0,3.0
2014,9,2014-05-20,19:00,Hønefoss BK,HamKam,2.0,0.0
2014,9,2014-05-20,19:00,Nest-Sotra,Sandefjord Fotball,0.0,4.0
2014,9,2014-05-20,19:00,Bærum,Ullensaker/Kisa,3.0,1.0
2014,9,2014-05-20,19:00,Bryne,Kristiansund,1.0,3.0
2014,9,2014-05-20,19:00,Ranheim,Hødd,1.0,0.0
2014,9,2014-05-20,19:00,Tromsdalen,Alta,0.0,0.0
2014,9,2014-05-20,20:05,Mjøndalen,Fredrikstad,0.0,0.0
2014,10,2014-05-25,15:00,Fredrikstad,Bryne,2.0,1.0
2014,10,2014-05-25,18:00,Kristiansund,Tromsdalen,4.0,2.0
2014,10,2014-05-25,18:00,HamKam,Bærum,3.0,0.0
2014,10,2014-05-25,18:00,Ullensaker/Kisa,Ranheim,1.0,2.0
2014,10,2014-05-25,18:00,Sandefjord Fotball,Strømmen,1.0,0.0
2014,10,2014-05-25,18:00,Hødd,Nest-Sotra,2.0,5.0
2014,10,2014-05-25,18:00,Alta,Hønefoss BK,2.0,0.0
2014,10,2014-05-26,19:00,Tromsø,Mjøndalen,1.0,1.0
2014,11,2014-05-29,18:00,Tromsø,Kristiansund,3.0,1.0
2014,11,2014-05-29,18:00,Nest-Sotra,Ullensaker/Kisa,1.0,1.0
2014,11,2014-05-29,18:00,Strømmen,Fredrikstad,0.0,2.0
2014,11,2014-05-29,18:00,Alta,HamKam,2.0,0.0
2014,11,2014-05-29,18:00,Bærum,Hødd,0.0,1.0
2014,11,2014-05-29,18:00,Ranheim,Tromsdalen,1.0,0.0
2014,11,2014-05-29,19:00,Hønefoss BK,Bryne,1.0,2.0
2014,11,2014-05-29,19:00,Mjøndalen,Sandefjord Fotball,2.0,2.0
2014,12,2014-06-01,18:00,Fredrikstad,Hønefoss BK,5.0,0.0
2014,12,2014-06-01,18:00,Ullensaker/Kisa,Alta,0.0,0.0
2014,12,2014-06-01,18:00,Kristiansund,Nest-Sotra,2.0,1.0
2014,12,2014-06-01,18:00,Bryne,Strømmen,1.0,4.0
2014,12,2014-06-01,18:00,Hødd,Tromsø,0.0,2.0
2014,12,2014-06-01,18:00,Ranheim,Bærum,5.0,0.0
2014,12,2014-06-01,18:00,Tromsdalen,Mjøndalen,3.0,1.0
2014,12,2014-06-02,19:00,Sandefjord Fotball,HamKam,3.0,0.0
2014,13,2014-06-09,18:00,Hønefoss BK,Tromsdalen,4.0,0.0
2014,13,2014-06-09,18:00,HamKam,Ullensaker/Kisa,0.0,1.0
2014,13,2014-06-09,18:00,Nest-Sotra,Strømmen,2.0,0.0
2014,13,2014-06-09,18:00,Alta,Bryne,1.0,1.0
2014,13,2014-06-09,18:00,Bærum,Fredrikstad,1.0,0.0
2014,13,2014-06-09,18:00,Mjøndalen,Ranheim,0.0,1.0
2014,13,2014-06-09,20:00,Tromsø,Sandefjord Fotball,0.0,0.0
2014,13,2014-06-10,19:00,Hødd,Kristiansund,1.0,2.0
2014,15,2014-06-12,17:30,Tromsø,Bryne,2.0,3.0
2014,14,2014-06-15,15:00,Kristiansund,Mjøndalen,1.0,1.0
2014,14,2014-06-15,15:00,Ullensaker/Kisa,Tromsø,1.0,3.0
2014,14,2014-06-15,18:00,Ranheim,Alta,2.0,0.0
2014,14,2014-06-15,18:00,Strømmen,Hønefoss BK,6.0,0.0
2014,14,2014-06-15,18:00,Fredrikstad,HamKam,3.0,0.0
2014,14,2014-06-15,18:00,Sandefjord Fotball,Hødd,1.0,1.0
2014,14,2014-06-15,18:00,Tromsdalen,Bærum,2.0,3.0
2014,14,2014-06-15,18:00,Bryne,Nest-Sotra,3.0,1.0
2014,15,2014-06-22,15:00,Sandefjord Fotball,Kristiansund,0.0,0.0
2014,15,2014-06-22,15:00,Bærum,Mjøndalen,1.0,3.0
2014,15,2014-06-22,18:00,Fredrikstad,Tromsdalen,2.0,2.0
2014,15,2014-06-22,18:00,HamKam,Strømmen,1.0,1.0
2014,15,2014-06-22,18:00,Alta,Nest-Sotra,2.0,2.0
2014,15,2014-06-22,18:00,Hønefoss BK,Ranheim,2.0,1.0
2014,15,2014-06-22,18:00,Hødd,Ullensaker/Kisa,4.0,0.0
2014,16,2014-07-19,16:00,Ullensaker/Kisa,HamKam,5.0,0.0
2014,16,2014-07-20,15:00,Bryne,Fredrikstad,1.0,2.0
2014,16,2014-07-20,18:00,Ranheim,Sandefjord Fotball,1.0,1.0
2014,16,2014-07-20,18:00,Tromsdalen,Hødd,2.0,3.0
2014,16,2014-07-20,18:00,Kristiansund,Bærum,4.0,1.0
2014,16,2014-07-21,19:00,Nest-Sotra,Hønefoss BK,0.0,1.0
2014,16,2014-07-23,19:00,Strømmen,Alta,3.0,1.0
2014,17,2014-07-27,15:00,Sandefjord Fotball,Nest-Sotra,3.0,2.0
2014,17,2014-07-27,18:00,Alta,Tromsdalen,1.0,2.0
2014,17,2014-07-27,18:00,HamKam,Ranheim,1.0,3.0
2014,17,2014-07-27,18:00,Hødd,Mjøndalen,1.0,4.0
2014,17,2014-07-27,18:00,Tromsø,Strømmen,4.0,0.0
2014,17,2014-07-27,18:00,Bærum,Bryne,1.0,0.0
2014,17,2014-07-27,18:00,Hønefoss BK,Ullensaker/Kisa,1.0,0.0
2014,17,2014-07-28,19:00,Fredrikstad,Kristiansund,2.0,1.0
2014,18,2014-08-03,15:00,Strømmen,Sandefjord Fotball,1.0,1.0
2014,18,2014-08-03,18:00,Nest-Sotra,Bærum,1.0,2.0
2014,18,2014-08-03,18:00,Tromsdalen,Fredrikstad,1.0,1.0
2014,18,2014-08-03,18:00,Ullensaker/Kisa,Hødd,1.0,1.0
2014,18,2014-08-03,18:00,Kristiansund,Alta,6.0,0.0
2014,18,2014-08-03,18:00,Bryne,Hønefoss BK,3.0,2.0
2014,18,2014-08-03,18:00,Mjøndalen,HamKam,3.0,1.0
2014,18,2014-08-04,19:00,Ranheim,Tromsø,0.0,3.0
2014,19,2014-08-08,19:00,Sandefjord Fotball,Bryne,5.0,0.0
2014,19,2014-08-10,15:00,Tromsø,Tromsdalen,5.0,1.0
2014,19,2014-08-10,18:00,Ullensaker/Kisa,Strømmen,1.0,0.0
2014,19,2014-08-10,18:00,Hønefoss BK,Kristiansund,1.0,0.0
2014,19,2014-08-10,18:00,HamKam,Nest-Sotra,1.0,1.0
2014,19,2014-08-10,18:00,Alta,Ranheim,1.0,0.0
2014,19,2014-08-10,18:00,Hødd,Bærum,0.0,4.0
2014,19,2014-08-11,19:00,Fredrikstad,Mjøndalen,0.0,0.0
2014,20,2014-08-13,19:00,Bryne,Ullensaker/Kisa,2.0,1.0
2014,20,2014-08-13,19:00,Tromsdalen,Ranheim,0.0,2.0
2014,20,2014-08-13,19:00,Strømmen,Hødd,4.0,1.0
2014,20,2014-08-13,19:00,Nest-Sotra,Alta,2.0,1.0
2014,20,2014-08-13,20:00,Kristiansund,Sandefjord Fotball,1.0,1.0
2014,20,2014-08-14,18:00,Bærum,Tromsø,2.0,1.0
2014,20,2014-08-14,19:00,HamKam,Fredrikstad,1.0,3.0
2014,20,2014-08-14,19:00,Mjøndalen,Hønefoss BK,4.0,0.0
2014,21,2014-08-17,15:00,Sandefjord Fotball,Mjøndalen,2.0,1.0
2014,21,2014-08-17,18:00,Strømmen,Bryne,0.0,3.0
2014,21,2014-08-17,18:00,Alta,Bærum,2.0,3.0
2014,21,2014-08-17,18:00,Hødd,HamKam,4.0,0.0
2014,21,2014-08-17,18:00,Ranheim,Kristiansund,1.0,1.0
2014,21,2014-08-17,18:00,Ullensaker/Kisa,Tromsdalen,1.0,0.0
2014,21,2014-08-17,18:00,Hønefoss BK,Fredrikstad,0.0,1.0
2014,21,2014-08-18,19:00,Tromsø,Nest-Sotra,4.0,2.0
2014,22,2014-08-24,15:00,Bryne,Ranheim,1.0,2.0
2014,22,2014-08-24,18:00,Bærum,Tromsdalen,1.0,0.0
2014,22,2014-08-24,18:00,Fredrikstad,Alta,0.0,0.0
2014,22,2014-08-24,18:00,Nest-Sotra,Hødd,0.0,1.0
2014,22,2014-08-24,18:00,Kristiansund,Strømmen,4.0,0.0
2014,22,2014-08-24,18:00,HamKam,Sandefjord Fotball,2.0,3.0
2014,22,2014-08-24,18:00,Mjøndalen,Ullensaker/Kisa,3.0,1.0
2014,22,2014-08-25,19:00,Tromsø,Hønefoss BK,1.0,1.0
2014,23,2014-08-31,15:00,Ullensaker/Kisa,Fredrikstad,0.0,1.0
2014,23,2014-08-31,18:00,Alta,Tromsø,0.0,3.0
2014,23,2014-08-31,18:00,Tromsdalen,Nest-Sotra,1.0,2.0
2014,23,2014-08-31,18:00,Hødd,Sandefjord Fotball,1.0,4.0
2014,23,2014-08-31,18:00,Hønefoss BK,Bærum,2.0,1.0
2014,23,2014-08-31,18:00,Strømmen,HamKam,6.0,1.0
2014,23,2014-08-31,18:00,Kristiansund,Bryne,3.0,0.0
2014,23,2014-09-01,19:00,Ranheim,Mjøndalen,1.0,1.0
2014,16,2014-09-05,19:00,Mjøndalen,Tromsø,2.0,1.0
2014,24,2014-09-14,15:00,Sandefjord Fotball,Ullensaker/Kisa,4.0,0.0
2014,24,2014-09-14,16:00,Nest-Sotra,Kristiansund,1.0,1.0
2014,24,2014-09-14,17:30,Bærum,Ranheim,0.0,0.0
2014,24,2014-09-14,18:00,HamKam,Hønefoss BK,1.0,4.0
2014,24,2014-09-14,18:00,Fredrikstad,Strømmen,1.0,2.0
2014,24,2014-09-14,18:00,Bryne,Alta,6.0,1.0
2014,24,2014-09-14,18:00,Mjøndalen,Tromsdalen,1.0,2.0
2014,24,2014-09-15,19:00,Tromsø,Hødd,5.0,0.0
2014,25,2014-09-21,15:00,Hødd,Fredrikstad,2.0,0.0
2014,25,2014-09-21,15:00,Tromsdalen,Sandefjord Fotball,1.0,2.0
2014,25,2014-09-21,15:00,Kristiansund,Tromsø,1.0,0.0
2014,25,2014-09-21,16:00,Strømmen,Nest-Sotra,2.0,2.0
2014,25,2014-09-21,18:00,Ullensaker/Kisa,Bærum,0.0,2.0
2014,25,2014-09-21,18:00,Alta,Mjøndalen,2.0,1.0
2014,25,2014-09-21,18:00,Ranheim,Hønefoss BK,4.0,1.0
2014,25,2014-09-21,18:00,Bryne,HamKam,1.0,0.0
2014,26,2014-09-28,15:00,Sandefjord Fotball,Alta,3.0,0.0
2014,26,2014-09-28,16:00,Bærum,Strømmen,1.0,1.0
2014,26,2014-09-28,16:00,Nest-Sotra,Bryne,2.0,3.0
2014,26,2014-09-28,18:00,Tromsø,Ullensaker/Kisa,5.0,0.0
2014,26,2014-09-28,18:00,Mjøndalen,Kristiansund,2.0,2.0
2014,26,2014-09-28,18:00,HamKam,Tromsdalen,0.0,4.0
2014,26,2014-09-28,18:00,Hønefoss BK,Hødd,1.0,4.0
2014,26,2014-09-29,19:00,Fredrikstad,Ranheim,1.0,0.0
2014,27,2014-10-05,13:00,Tromsdalen,Hønefoss BK,2.0,3.0
2014,27,2014-10-05,15:00,Nest-Sotra,Fredrikstad,2.0,1.0
2014,27,2014-10-05,15:00,Kristiansund,HamKam,2.0,2.0
2014,27,2014-10-05,15:00,Bærum,Sandefjord Fotball,3.0,4.0
2014,27,2014-10-05,15:00,Strømmen,Mjøndalen,3.0,0.0
2014,27,2014-10-05,18:00,Ranheim,Ullensaker/Kisa,0.0,2.0
2014,27,2014-10-05,18:00,Alta,Hødd,1.0,1.0
2014,27,2014-10-06,19:00,Bryne,Tromsø,2.0,1.0
2014,28,2014-10-19,13:00,Tromsdalen,Bryne,4.0,1.0
2014,28,2014-10-19,15:00,Hødd,Ranheim,4.0,2.0
2014,28,2014-10-19,15:00,Fredrikstad,Bærum,2.0,1.0
2014,28,2014-10-19,18:00,Hønefoss BK,Strømmen,3.0,2.0
2014,28,2014-10-19,18:00,HamKam,Alta,2.0,4.0
2014,28,2014-10-19,18:00,Mjøndalen,Nest-Sotra,3.0,2.0
2014,28,2014-10-19,18:00,Ullensaker/Kisa,Kristiansund,1.0,2.0
2014,28,2014-10-20,19:00,Sandefjord Fotball,Tromsø,3.0,1.0
2014,29,2014-10-26,13:00,Bærum,HamKam,6.0,2.0
2014,29,2014-10-26,13:00,Sandefjord Fotball,Hønefoss BK,0.0,0.0
2014,29,2014-10-26,13:00,Strømmen,Tromsdalen,4.0,4.0
2014,29,2014-10-26,13:00,Kristiansund,Hødd,0.0,4.0
2014,29,2014-10-26,13:00,Bryne,Mjøndalen,0.0,5.0
2014,29,2014-10-26,13:00,Tromsø,Fredrikstad,1.0,0.0
2014,29,2014-10-26,13:00,Nest-Sotra,Ranheim,2.0,2.0
2014,29,2014-10-26,13:00,Alta,Ullensaker/Kisa,2.0,1.0
2014,30,2014-11-02,12:00,Hønefoss BK,Alta,1.0,0.0
2014,30,2014-11-02,12:00,Ranheim,Strømmen,2.0,4.0
2014,30,2014-11-02,12:00,Ullensaker/Kisa,Nest-Sotra,2.0,2.0
2014,30,2014-11-02,12:00,Tromsdalen,Kristiansund,2.0,2.0
2014,30,2014-11-02,12:00,Hødd,Bryne,0.0,3.0
2014,30,2014-11-02,12:00,Fredrikstad,Sandefjord Fotball,0.0,1.0
2014,30,2014-11-02,12:00,HamKam,Tromsø,1.0,4.0
2014,30,2014-11-02,12:00,Mjøndalen,Bærum,1.0,1.0
2015,1,2015-04-06,15:00,Fredrikstad,Brann,1.0,1.0
2015,1,2015-04-06,15:00,Follo,Hønefoss BK,4.0,0.0
2015,1,2015-04-06,17:30,Strømmen,Hødd,0.0,1.0
2015,1,2015-04-06,18:00,Bryne,Nest-Sotra,2.0,1.0
2015,1,2015-04-06,18:00,Kristiansund,Ranheim,0.0,0.0
2015,1,2015-04-06,18:00,Sandnes Ulf,Jerv,2.0,2.0
2015,1,2015-04-06,18:00,Sogndal,Bærum,3.0,1.0
2015,1,2015-04-06,18:00,Åsane,Levanger,5.0,0.0
2015,2,2015-04-12,18:00,Hønefoss BK,Bryne,1.0,2.0
2015,2,2015-04-12,18:00,Jerv,Sogndal,0.0,0.0
2015,2,2015-04-12,18:00,Ranheim,Sandnes Ulf,1.0,1.0
2015,2,2015-04-12,18:00,Bærum,Follo,1.0,1.0
2015,2,2015-04-12,18:00,Nest-Sotra,Åsane,2.0,3.0
2015,2,2015-04-12,18:00,Levanger,Kristiansund,0.0,2.0
2015,2,2015-04-13,19:00,Brann,Strømmen,2.0,0.0
2015,2,2015-04-13,19:00,Hødd,Fredrikstad,1.0,1.0
2015,3,2015-04-19,18:00,Bryne,Ranheim,2.0,2.0
2015,3,2015-04-19,18:00,Follo,Jerv,2.0,1.0
2015,3,2015-04-19,18:00,Kristiansund,Åsane,0.0,1.0
2015,3,2015-04-19,18:00,Sandnes Ulf,Nest-Sotra,3.0,1.0
2015,3,2015-04-19,18:00,Sogndal,Hønefoss BK,2.0,1.0
2015,3,2015-04-19,18:00,Strømmen,Bærum,3.0,1.0
2015,3,2015-04-20,19:00,Hødd,Brann,3.0,0.0
2015,3,2015-04-20,19:00,Fredrikstad,Levanger,2.0,2.0
2015,4,2015-04-26,18:00,Bærum,Hødd,4.0,0.0
2015,4,2015-04-26,18:00,Nest-Sotra,Sogndal,1.0,2.0
2015,4,2015-04-26,18:00,Kristiansund,Strømmen,2.0,1.0
2015,4,2015-04-26,18:00,Ranheim,Follo,0.0,1.0
2015,4,2015-04-26,18:00,Åsane,Bryne,2.0,2.0
2015,4,2015-04-26,18:00,Levanger,Sandnes Ulf,0.0,0.0
2015,4,2015-04-27,18:00,Jerv,Brann,2.0,2.0
2015,4,2015-04-27,19:00,Hønefoss BK,Fredrikstad,2.0,0.0
2015,5,2015-04-30,18:00,Brann,Ranheim,4.0,1.0
2015,5,2015-04-30,18:00,Bærum,Hønefoss BK,1.0,0.0
2015,5,2015-04-30,18:00,Follo,Nest-Sotra,1.0,1.0
2015,5,2015-04-30,18:00,Sandnes Ulf,Kristiansund,2.0,1.0
2015,5,2015-04-30,18:00,Hødd,Jerv,0.0,0.0
2015,5,2015-04-30,18:00,Fredrikstad,Åsane,1.0,1.0
2015,5,2015-04-30,18:00,Sogndal,Levanger,1.0,3.0
2015,5,2015-04-30,18:00,Strømmen,Bryne,2.0,2.0
2015,6,2015-05-03,15:00,Nest-Sotra,Fredrikstad,1.0,0.0
2015,6,2015-05-03,18:00,Hønefoss BK,Hødd,1.0,3.0
2015,6,2015-05-03,18:00,Ranheim,Bærum,0.0,0.0
2015,6,2015-05-03,18:00,Åsane,Sandnes Ulf,0.0,0.0
2015,6,2015-05-03,18:00,Jerv,Strømmen,0.0,0.0
2015,6,2015-05-03,18:00,Levanger,Follo,3.0,1.0
2015,6,2015-05-03,18:00,Kristiansund,Sogndal,1.0,1.0
2015,6,2015-05-03,20:00,Bryne,Brann,0.0,1.0
2015,7,2015-05-09,18:00,Brann,Sandnes Ulf,0.0,0.0
2015,7,2015-05-09,18:00,Strømmen,Hønefoss BK,1.0,0.0
2015,7,2015-05-10,15:00,Fredrikstad,Ranheim,3.0,1.0
2015,7,2015-05-10,18:00,Bærum,Levanger,3.0,2.0
2015,7,2015-05-10,18:00,Follo,Kristiansund,2.0,3.0
2015,7,2015-05-10,18:00,Jerv,Bryne,3.0,0.0
2015,7,2015-05-10,18:00,Hødd,Nest-Sotra,3.0,2.0
2015,7,2015-05-10,18:00,Sogndal,Åsane,3.0,0.0
2015,8,2015-05-12,18:00,Hønefoss BK,Brann,0.0,0.0
2015,8,2015-05-13,18:00,Nest-Sotra,Bærum,1.0,2.0
2015,8,2015-05-13,18:00,Kristiansund,Jerv,1.0,1.0
2015,8,2015-05-13,18:00,Bryne,Sogndal,0.0,2.0
2015,8,2015-05-13,18:00,Levanger,Hødd,0.0,0.0
2015,8,2015-05-13,18:00,Ranheim,Strømmen,2.0,0.0
2015,8,2015-05-13,18:00,Sandnes Ulf,Fredrikstad,6.0,1.0
2015,8,2015-05-13,18:00,Åsane,Follo,0.0,1.0
2015,9,2015-05-16,15:00,Bærum,Bryne,1.0,4.0
2015,9,2015-05-16,15:00,Follo,Sandnes Ulf,2.0,2.0
2015,9,2015-05-16,18:00,Brann,Nest-Sotra,2.0,2.0
2015,9,2015-05-16,18:00,Hødd,Åsane,4.0,0.0
2015,9,2015-05-16,18:00,Fredrikstad,Kristiansund,1.0,4.0
2015,9,2015-05-16,18:00,Jerv,Hønefoss BK,2.0,1.0
2015,9,2015-05-16,18:00,Sogndal,Ranheim,1.0,0.0
2015,9,2015-05-16,18:00,Strømmen,Levanger,2.0,1.0
2015,10,2015-05-25,15:00,Sandnes Ulf,Sogndal,1.0,2.0
2015,10,2015-05-25,18:00,Bryne,Hødd,1.0,4.0
2015,10,2015-05-25,18:00,Nest-Sotra,Hønefoss BK,1.0,3.0
2015,10,2015-05-25,18:00,Åsane,Strømmen,0.0,3.0
2015,10,2015-05-25,18:00,Fredrikstad,Follo,2.0,2.0
2015,10,2015-05-25,18:00,Kristiansund,Bærum,0.0,1.0
2015,10,2015-05-25,18:00,Ranheim,Jerv,0.0,1.0
2015,10,2015-05-26,19:00,Levanger,Brann,4.0,1.0
2015,11,2015-05-31,15:00,Sogndal,Fredrikstad,2.0,0.0
2015,11,2015-05-31,18:00,Bærum,Åsane,3.0,2.0
2015,11,2015-05-31,18:00,Hødd,Kristiansund,0.0,1.0
2015,11,2015-05-31,18:00,Hønefoss BK,Ranheim,2.0,2.0
2015,11,2015-05-31,18:00,Jerv,Levanger,4.0,2.0
2015,11,2015-05-31,18:00,Bryne,Sandnes Ulf,2.0,1.0
2015,11,2015-05-31,18:00,Strømmen,Nest-Sotra,2.0,1.0
2015,11,2015-06-01,19:00,Brann,Follo,2.0,1.0
2015,12,2015-06-07,15:00,Fredrikstad,Strømmen,0.0,0.0
2015,12,2015-06-07,15:30,Åsane,Brann,2.0,3.0
2015,12,2015-06-07,18:00,Follo,Sogndal,0.0,1.0
2015,12,2015-06-07,18:00,Levanger,Hønefoss BK,0.0,1.0
2015,12,2015-06-07,18:00,Ranheim,Hødd,4.0,1.0
2015,12,2015-06-07,18:00,Sandnes Ulf,Bærum,3.0,2.0
2015,12,2015-06-07,18:00,Nest-Sotra,Jerv,4.0,0.0
2015,12,2015-06-07,18:00,Kristiansund,Bryne,1.0,1.0
2015,13,2015-06-21,15:00,Bærum,Fredrikstad,2.0,3.0
2015,13,2015-06-21,18:00,Bryne,Levanger,4.0,1.0
2015,13,2015-06-21,18:00,Hønefoss BK,Kristiansund,1.0,1.0
2015,13,2015-06-21,18:00,Jerv,Åsane,1.0,1.0
2015,13,2015-06-21,18:00,Ranheim,Nest-Sotra,3.0,0.0
2015,13,2015-06-21,18:00,Strømmen,Follo,1.0,2.0
2015,13,2015-06-21,18:00,Brann,Sogndal,0.0,4.0
2015,13,2015-06-21,18:00,Hødd,Sandnes Ulf,1.0,3.0
2015,16,2015-06-24,19:00,Sogndal,Jerv,1.0,1.0
2015,14,2015-06-27,20:00,Sogndal,Hødd,1.0,1.0
2015,14,2015-06-28,18:00,Levanger,Ranheim,1.0,1.0
2015,14,2015-06-28,18:00,Kristiansund,Nest-Sotra,1.0,1.0
2015,14,2015-06-28,18:00,Sandnes Ulf,Strømmen,3.0,1.0
2015,14,2015-06-28,18:00,Åsane,Hønefoss BK,2.0,1.0
2015,14,2015-06-28,18:00,Follo,Bryne,1.0,4.0
2015,14,2015-06-29,19:00,Bærum,Brann,1.0,1.0
2015,14,2015-06-29,19:00,Fredrikstad,Jerv,1.0,0.0
2015,15,2015-07-05,18:00,Bryne,Fredrikstad,2.0,3.0
2015,15,2015-07-05,18:00,Nest-Sotra,Levanger,1.0,1.0
2015,15,2015-07-05,18:00,Strømmen,Sogndal,1.0,1.0
2015,15,2015-07-05,18:00,Hødd,Follo,2.0,1.0
2015,15,2015-07-05,18:00,Jerv,Bærum,5.0,0.0
2015,15,2015-07-05,18:00,Ranheim,Åsane,3.0,2.0
2015,15,2015-07-06,19:00,Hønefoss BK,Sandnes Ulf,0.0,1.0
2015,15,2015-07-06,19:00,Brann,Kristiansund,2.0,1.0
2015,16,2015-07-26,15:00,Kristiansund,Hødd,2.0,1.0
2015,16,2015-07-26,18:00,Bærum,Ranheim,0.0,1.0
2015,16,2015-07-26,18:00,Hønefoss BK,Strømmen,1.0,3.0
2015,16,2015-07-26,18:00,Sandnes Ulf,Bryne,3.0,2.0
2015,16,2015-07-26,18:00,Åsane,Nest-Sotra,0.0,1.0
2015,16,2015-07-26,18:00,Levanger,Fredrikstad,4.0,1.0
2015,16,2015-07-28,19:00,Follo,Brann,0.0,1.0
2015,17,2015-08-02,18:00,Nest-Sotra,Follo,0.0,0.0
2015,17,2015-08-02,18:00,Hødd,Bærum,4.0,2.0
2015,17,2015-08-02,18:00,Jerv,Sandnes Ulf,0.0,0.0
2015,17,2015-08-02,18:00,Bryne,Kristiansund,2.0,0.0
2015,17,2015-08-02,18:00,Fredrikstad,Hønefoss BK,1.0,1.0
2015,17,2015-08-02,18:00,Strømmen,Åsane,1.0,0.0
2015,17,2015-08-03,19:00,Brann,Levanger,1.0,0.0
2015,17,2015-08-03,19:00,Ranheim,Sogndal,3.0,2.0
2015,18,2015-08-08,15:30,Sandnes Ulf,Brann,1.0,1.0
2015,18,2015-08-09,18:00,Levanger,Jerv,1.0,4.0
2015,18,2015-08-09,18:00,Bærum,Strømmen,0.0,1.0
2015,18,2015-08-09,18:00,Follo,Ranheim,3.0,0.0
2015,18,2015-08-09,18:00,Hønefoss BK,Nest-Sotra,2.0,2.0
2015,18,2015-08-09,18:00,Kristiansund,Fredrikstad,1.0,0.0
2015,18,2015-08-09,18:00,Åsane,Hødd,2.0,0.0
2015,18,2015-08-10,19:00,Sogndal,Bryne,3.0,1.0
2015,19,2015-08-12,19:00,Levanger,Bærum,4.0,1.0
2015,19,2015-08-12,19:00,Brann,Åsane,2.0,2.0
2015,19,2015-08-12,19:00,Jerv,Hødd,0.0,1.0
2015,19,2015-08-12,19:00,Nest-Sotra,Kristiansund,0.0,1.0
2015,19,2015-08-12,19:00,Ranheim,Hønefoss BK,4.0,0.0
2015,19,2015-08-12,19:00,Sandnes Ulf,Follo,2.0,1.0
2015,19,2015-08-13,19:00,Bryne,Strømmen,0.0,0.0
2015,19,2015-08-13,19:00,Fredrikstad,Sogndal,1.0,1.0
2015,20,2015-08-16,18:00,Hønefoss BK,Jerv,2.0,1.0
2015,20,2015-08-16,18:00,Åsane,Ranheim,1.0,2.0
2015,20,2015-08-16,18:00,Hødd,Levanger,0.0,4.0
2015,20,2015-08-16,18:00,Follo,Bærum,2.0,2.0
2015,20,2015-08-16,18:00,Nest-Sotra,Bryne,2.0,0.0
2015,20,2015-08-16,18:00,Strømmen,Fredrikstad,1.0,2.0
2015,20,2015-08-17,19:00,Sogndal,Brann,0.0,0.0
2015,20,2015-08-17,19:00,Kristiansund,Sandnes Ulf,3.0,1.0
2015,21,2015-08-23,18:00,Bryne,Åsane,0.0,0.0
2015,21,2015-08-23,18:00,Bærum,Sogndal,0.0,5.0
2015,21,2015-08-23,18:00,Ranheim,Kristiansund,0.0,1.0
2015,21,2015-08-23,18:00,Levanger,Nest-Sotra,0.0,3.0
2015,21,2015-08-23,18:00,Brann,Hønefoss BK,3.0,0.0
2015,21,2015-08-23,18:00,Jerv,Fredrikstad,4.0,0.0
2015,21,2015-08-24,18:30,Follo,Strømmen,1.0,1.0
2015,21,2015-08-24,19:00,Sandnes Ulf,Hødd,0.0,2.0
2015,22,2015-08-30,15:00,Strømmen,Brann,2.0,3.0
2015,22,2015-08-30,18:00,Hødd,Bryne,2.0,0.0
2015,22,2015-08-30,18:00,Nest-Sotra,Ranheim,1.0,2.0
2015,22,2015-08-30,18:00,Kristiansund,Levanger,2.0,1.0
2015,22,2015-08-30,18:00,Fredrikstad,Sandnes Ulf,3.0,2.0
2015,22,2015-08-30,18:00,Hønefoss BK,Bærum,2.0,2.0
2015,22,2015-08-30,18:00,Sogndal,Follo,2.0,1.0
2015,22,2015-08-30,18:00,Åsane,Jerv,1.0,1.0
2015,23,2015-09-13,17:30,Jerv,Ranheim,2.0,0.0
2015,23,2015-09-13,17:30,Bærum,Kristiansund,1.0,2.0
2015,23,2015-09-13,17:30,Follo,Hødd,3.0,0.0
2015,23,2015-09-13,17:30,Levanger,Strømmen,0.0,1.0
2015,23,2015-09-13,18:00,Bryne,Hønefoss BK,3.0,2.0
2015,23,2015-09-13,18:00,Sandnes Ulf,Åsane,1.0,3.0
2015,23,2015-09-14,19:00,Sogndal,Nest-Sotra,3.0,0.0
2015,23,2015-09-14,19:00,Brann,Fredrikstad,5.0,1.0
2015,24,2015-09-20,16:00,Nest-Sotra,Sandnes Ulf,2.0,3.0
2015,24,2015-09-20,16:00,Kristiansund,Follo,1.0,1.0
2015,24,2015-09-20,16:00,Åsane,Bærum,5.0,0.0
2015,24,2015-09-20,17:00,Strømmen,Jerv,0.0,1.0
2015,24,2015-09-20,18:00,Fredrikstad,Bryne,2.0,0.0
2015,24,2015-09-20,18:00,Hønefoss BK,Levanger,3.0,0.0
2015,24,2015-09-21,19:00,Hødd,Sogndal,1.0,0.0
2015,24,2015-09-21,19:00,Ranheim,Brann,0.0,0.0
2015,25,2015-09-27,16:00,Bærum,Nest-Sotra,5.0,2.0
2015,25,2015-09-27,16:00,Follo,Fredrikstad,2.0,3.0
2015,25,2015-09-27,16:00,Levanger,Åsane,2.0,2.0
2015,25,2015-09-27,16:00,Jerv,Kristiansund,0.0,1.0
2015,25,2015-09-27,18:00,Hødd,Ranheim,1.0,1.0
2015,25,2015-09-27,18:00,Sandnes Ulf,Hønefoss BK,1.0,0.0
2015,25,2015-09-28,19:00,Sogndal,Strømmen,3.0,2.0
2015,25,2015-09-28,19:00,Brann,Bryne,2.0,1.0
2015,26,2015-10-04,15:00,Åsane,Sogndal,1.0,1.0
2015,26,2015-10-04,15:00,Nest-Sotra,Hødd,3.0,2.0
2015,26,2015-10-04,15:00,Strømmen,Sandnes Ulf,0.0,3.0
2015,26,2015-10-04,15:30,Kristiansund,Brann,0.0,1.0
2015,26,2015-10-04,18:00,Hønefoss BK,Follo,2.0,1.0
2015,26,2015-10-04,18:00,Bryne,Jerv,1.0,2.0
2015,26,2015-10-04,18:00,Ranheim,Levanger,3.0,2.0
2015,26,2015-10-05,19:00,Fredrikstad,Bærum,3.0,3.0
2015,27,2015-10-11,15:00,Nest-Sotra,Strømmen,2.0,0.0
2015,27,2015-10-11,15:00,Levanger,Bryne,1.0,0.0
2015,27,2015-10-11,15:00,Follo,Åsane,2.0,0.0
2015,27,2015-10-11,15:00,Bærum,Sandnes Ulf,2.0,0.0
2015,27,2015-10-14,19:00,Brann,Jerv,2.0,0.0
2015,27,2015-10-14,19:00,Ranheim,Fredrikstad,4.0,0.0
2015,27,2015-10-14,19:00,Hødd,Hønefoss BK,0.0,1.0
2015,28,2015-10-18,15:00,Jerv,Nest-Sotra,3.0,0.0
2015,28,2015-10-18,15:00,Åsane,Kristiansund,2.0,0.0
2015,28,2015-10-18,15:00,Strømmen,Ranheim,2.0,4.0
2015,28,2015-10-18,15:30,Hønefoss BK,Sogndal,2.0,5.0
2015,28,2015-10-18,18:00,Bryne,Follo,2.0,0.0
2015,28,2015-10-18,18:00,Fredrikstad,Hødd,1.0,2.0
2015,28,2015-10-18,18:00,Sandnes Ulf,Levanger,2.0,3.0
2015,28,2015-10-19,19:00,Brann,Bærum,2.0,2.0
2015,27,2015-10-21,19:00,Sogndal,Kristiansund,4.0,3.0
2015,29,2015-10-25,13:00,Hødd,Strømmen,1.0,1.0
2015,29,2015-10-25,13:00,Nest-Sotra,Brann,2.0,1.0
2015,29,2015-10-25,13:00,Sogndal,Sandnes Ulf,2.0,1.0
2015,29,2015-10-25,13:00,Bærum,Jerv,0.0,4.0
2015,29,2015-10-25,13:00,Follo,Levanger,1.0,2.0
2015,29,2015-10-25,13:00,Ranheim,Bryne,4.0,1.0
2015,29,2015-10-25,13:00,Kristiansund,Hønefoss BK,1.0,0.0
2015,29,2015-10-25,13:00,Åsane,Fredrikstad,3.0,3.0
2015,30,2015-11-01,13:00,Levanger,Sogndal,4.0,1.0
2015,30,2015-11-01,13:00,Bryne,Bærum,2.0,1.0
2015,30,2015-11-01,13:00,Hønefoss BK,Åsane,3.0,3.0
2015,30,2015-11-01,13:00,Jerv,Follo,2.0,2.0
2015,30,2015-11-01,13:00,Brann,Hødd,1.0,2.0
2015,30,2015-11-01,13:00,Fredrikstad,Nest-Sotra,1.0,1.0
2015,30,2015-11-01,13:00,Sandnes Ulf,Ranheim,1.0,0.0
2015,30,2015-11-01,13:00,Strømmen,Kristiansund,1.0,0.0
2016,1,2016-04-03,15:30,Fredrikstad,Levanger,2.0,3.0
2016,1,2016-04-03,17:00,Åsane,Kongsvinger,3.0,0.0
2016,1,2016-04-03,17:00,Raufoss,KFUM,0.0,0.0
2016,1,2016-04-03,17:00,Jerv,Ranheim,2.0,1.0
2016,1,2016-04-03,18:00,Hødd,Bryne,1.0,1.0
2016,1,2016-04-03,18:00,Sandefjord Fotball,Strømmen,4.0,1.0
2016,1,2016-04-03,18:00,Ullensaker/Kisa,Sandnes Ulf,1.0,1.0
2016,1,2016-04-04,19:00,Mjøndalen,Kristiansund,3.0,1.0
2016,2,2016-04-10,15:30,Strømmen,Fredrikstad,0.0,0.0
2016,2,2016-04-10,17:00,KFUM,Åsane,0.0,2.0
2016,2,2016-04-10,17:00,Kristiansund,Jerv,2.0,0.0
2016,2,2016-04-10,17:00,Levanger,Sandefjord Fotball,1.0,0.0
2016,2,2016-04-10,18:00,Ranheim,Hødd,2.0,1.0
2016,2,2016-04-10,18:00,Kongsvinger,Raufoss,3.0,2.0
2016,2,2016-04-10,18:00,Bryne,Ullensaker/Kisa,1.0,1.0
2016,2,2016-04-11,19:00,Sandnes Ulf,Mjøndalen,5.0,0.0
2016,3,2016-04-17,15:30,Sandefjord Fotball,Sandnes Ulf,2.0,2.0
2016,3,2016-04-17,17:00,Raufoss,Bryne,5.0,1.0
2016,3,2016-04-17,17:00,Jerv,KFUM,1.0,1.0
2016,3,2016-04-17,17:00,Åsane,Ranheim,0.0,1.0
2016,3,2016-04-17,18:00,Hødd,Kongsvinger,2.0,2.0
2016,3,2016-04-17,18:00,Ullensaker/Kisa,Levanger,1.0,3.0
2016,3,2016-04-17,18:00,Mjøndalen,Strømmen,1.0,1.0
2016,3,2016-04-18,19:00,Fredrikstad,Kristiansund,0.0,1.0
2016,4,2016-04-22,19:00,Bryne,Mjøndalen,3.0,0.0
2016,4,2016-04-24,15:30,Sandnes Ulf,Fredrikstad,3.0,1.0
2016,4,2016-04-24,18:00,Levanger,Hødd,2.0,0.0
2016,4,2016-04-24,18:00,Kongsvinger,Jerv,5.0,0.0
2016,4,2016-04-24,18:00,Ullensaker/Kisa,Sandefjord Fotball,1.0,2.0
2016,4,2016-04-24,18:00,Strømmen,Åsane,0.0,0.0
2016,4,2016-04-24,18:00,KFUM,Ranheim,3.0,2.0
2016,4,2016-04-24,18:00,Kristiansund,Raufoss,2.0,1.0
2016,5,2016-04-30,15:30,Fredrikstad,Sandefjord Fotball,1.0,2.0
2016,5,2016-05-01,15:30,Hødd,Sandnes Ulf,2.0,0.0
2016,5,2016-05-01,18:00,Raufoss,Ullensaker/Kisa,2.0,1.0
2016,5,2016-05-01,18:00,Jerv,Strømmen,2.0,2.0
2016,5,2016-05-01,18:00,Åsane,Bryne,2.0,2.0
2016,5,2016-05-01,18:00,KFUM,Kristiansund,0.0,0.0
2016,5,2016-05-01,18:00,Ranheim,Kongsvinger,0.0,3.0
2016,5,2016-05-01,18:00,Mjøndalen,Levanger,2.0,2.0
2016,6,2016-05-08,15:30,Ullensaker/Kisa,Fredrikstad,1.0,2.0
2016,6,2016-05-08,18:00,Sandnes Ulf,Åsane,0.0,2.0
2016,6,2016-05-08,18:00,Bryne,Jerv,0.0,1.0
2016,6,2016-05-08,18:00,Kristiansund,Ranheim,3.0,1.0
2016,6,2016-05-08,18:00,Levanger,Raufoss,3.0,0.0
2016,6,2016-05-08,18:00,Strømmen,Hødd,2.0,1.0
2016,6,2016-05-08,18:00,Kongsvinger,KFUM,2.0,0.0
2016,6,2016-05-09,19:00,Sandefjord Fotball,Mjøndalen,2.0,0.0
2016,7,2016-05-11,19:00,Raufoss,Sandnes Ulf,1.0,2.0
2016,7,2016-05-12,19:00,KFUM,Strømmen,1.0,3.0
2016,7,2016-05-12,19:00,Åsane,Ullensaker/Kisa,4.0,2.0
2016,7,2016-05-12,19:00,Hødd,Sandefjord Fotball,1.0,3.0
2016,7,2016-05-12,19:00,Ranheim,Bryne,1.0,0.0
2016,7,2016-05-12,19:00,Kongsvinger,Kristiansund,1.0,3.0
2016,7,2016-05-12,19:00,Jerv,Levanger,0.0,1.0
2016,7,2016-05-12,19:00,Mjøndalen,Fredrikstad,4.0,0.0
2016,8,2016-05-16,15:00,Levanger,Ranheim,1.0,2.0
2016,8,2016-05-16,15:00,Sandnes Ulf,Jerv,0.0,1.0
2016,8,2016-05-16,15:00,Bryne,KFUM,0.0,1.0
2016,8,2016-05-16,15:00,Sandefjord Fotball,Åsane,2.0,0.0
2016,8,2016-05-16,18:00,Fredrikstad,Raufoss,1.0,1.0
2016,8,2016-05-16,18:00,Kristiansund,Hødd,2.0,0.0
2016,8,2016-05-16,18:00,Ullensaker/Kisa,Mjøndalen,5.0,1.0
2016,8,2016-05-16,18:00,Strømmen,Kongsvinger,2.0,1.0
2016,9,2016-05-21,15:30,Jerv,Mjøndalen,1.0,1.0
2016,9,2016-05-22,15:30,Åsane,Fredrikstad,3.0,0.0
2016,9,2016-05-22,18:00,Hødd,Ullensaker/Kisa,1.0,0.0
2016,9,2016-05-22,18:00,Bryne,Kristiansund,2.0,2.0
2016,9,2016-05-22,18:00,KFUM,Levanger,5.0,0.0
2016,9,2016-05-22,18:00,Raufoss,Sandefjord Fotball,0.0,2.0
2016,9,2016-05-22,18:00,Ranheim,Strømmen,4.0,1.0
2016,9,2016-05-22,18:00,Kongsvinger,Sandnes Ulf,1.0,2.0
2016,10,2016-05-28,15:30,Fredrikstad,Hødd,1.0,0.0
2016,10,2016-05-29,18:00,Sandnes Ulf,KFUM,6.0,2.0
2016,10,2016-05-29,18:00,Sandefjord Fotball,Ranheim,3.0,1.0
2016,10,2016-05-29,18:00,Strømmen,Bryne,2.0,2.0
2016,10,2016-05-29,18:00,Kristiansund,Åsane,2.0,1.0
2016,10,2016-05-29,18:00,Levanger,Kongsvinger,2.0,2.0
2016,10,2016-05-29,18:00,Ullensaker/Kisa,Jerv,1.0,1.0
2016,10,2016-05-30,19:00,Mjøndalen,Raufoss,1.0,1.0
2016,11,2016-06-05,18:00,Bryne,Sandnes Ulf,1.0,0.0
2016,11,2016-06-05,18:00,KFUM,Ullensaker/Kisa,0.0,0.0
2016,11,2016-06-05,18:00,Kongsvinger,Sandefjord Fotball,1.0,0.0
2016,11,2016-06-05,18:00,Åsane,Levanger,1.0,1.0
2016,11,2016-06-05,18:00,Hødd,Raufoss,1.0,0.0
2016,11,2016-06-05,18:00,Strømmen,Kristiansund,1.0,3.0
2016,11,2016-06-05,18:00,Ranheim,Mjøndalen,2.0,2.0
2016,11,2016-06-06,19:00,Jerv,Fredrikstad,1.0,0.0
2016,12,2016-06-11,17:00,Mjøndalen,Åsane,2.0,0.0
2016,12,2016-06-12,13:00,Sandefjord Fotball,Kristiansund,0.0,0.0
2016,12,2016-06-12,18:00,Sandnes Ulf,Ranheim,2.0,0.0
2016,12,2016-06-12,18:00,Hødd,KFUM,1.0,2.0
2016,12,2016-06-12,18:00,Raufoss,Jerv,0.0,1.0
2016,12,2016-06-12,18:00,Fredrikstad,Bryne,2.0,1.0
2016,12,2016-06-12,18:00,Levanger,Strømmen,2.0,2.0
2016,12,2016-06-12,18:00,Ullensaker/Kisa,Kongsvinger,2.0,2.0
2016,13,2016-06-19,15:30,Bryne,Sandefjord Fotball,0.0,2.0
2016,13,2016-06-19,18:00,Kristiansund,Levanger,1.0,0.0
2016,13,2016-06-19,18:00,Strømmen,Sandnes Ulf,3.0,1.0
2016,13,2016-06-19,18:00,Jerv,Hødd,5.0,1.0
2016,13,2016-06-19,18:00,Åsane,Raufoss,3.0,1.0
2016,13,2016-06-19,18:00,KFUM,Mjøndalen,0.0,1.0
2016,13,2016-06-19,18:00,Ranheim,Ullensaker/Kisa,2.0,2.0
2016,13,2016-06-19,18:00,Kongsvinger,Fredrikstad,1.0,2.0
2016,14,2016-06-25,13:00,Sandnes Ulf,Kristiansund,0.0,1.0
2016,14,2016-06-26,13:00,Sandefjord Fotball,Jerv,3.0,2.0
2016,14,2016-06-26,18:00,Fredrikstad,KFUM,1.0,1.0
2016,14,2016-06-26,18:00,Hødd,Åsane,3.0,0.0
2016,14,2016-06-26,18:00,Raufoss,Ranheim,1.0,2.0
2016,14,2016-06-26,18:00,Ullensaker/Kisa,Strømmen,2.0,0.0
2016,14,2016-06-26,18:00,Levanger,Bryne,4.0,0.0
2016,14,2016-06-26,18:00,Mjøndalen,Kongsvinger,2.0,1.0
2016,15,2016-06-29,19:00,KFUM,Sandefjord Fotball,1.0,2.0
2016,15,2016-06-29,19:00,Strømmen,Raufoss,4.0,0.0
2016,15,2016-06-29,19:00,Sandnes Ulf,Levanger,1.0,1.0
2016,15,2016-06-29,19:00,Kristiansund,Ullensaker/Kisa,1.0,0.0
2016,15,2016-06-29,19:00,Ranheim,Fredrikstad,0.0,0.0
2016,15,2016-06-29,19:00,Kongsvinger,Bryne,2.0,0.0
2016,15,2016-06-29,19:00,Åsane,Jerv,1.0,1.0
2016,15,2016-06-30,19:00,Mjøndalen,Hødd,3.0,0.0
2016,16,2016-07-03,15:30,Raufoss,Mjøndalen,1.0,0.0
2016,16,2016-07-03,18:00,Hødd,Ranheim,2.0,0.0
2016,16,2016-07-03,18:00,Bryne,Strømmen,0.0,1.0
2016,16,2016-07-03,18:00,Sandefjord Fotball,Levanger,1.0,2.0
2016,16,2016-07-03,18:00,Ullensaker/Kisa,KFUM,3.0,0.0
2016,16,2016-07-03,18:00,Åsane,Kristiansund,2.0,0.0
2016,16,2016-07-03,18:00,Jerv,Kongsvinger,3.0,2.0
2016,16,2016-07-05,19:00,Fredrikstad,Sandnes Ulf,0.0,0.0
2016,17,2016-07-10,15:30,Raufoss,Fredrikstad,2.0,1.0
2016,17,2016-07-10,18:00,Mjøndalen,Jerv,1.0,1.0
2016,17,2016-07-10,18:00,Kongsvinger,Åsane,2.0,0.0
2016,17,2016-07-10,18:00,Sandnes Ulf,Strømmen,1.0,0.0
2016,17,2016-07-10,18:00,KFUM,Hødd,1.0,1.0
2016,17,2016-07-10,18:00,Kristiansund,Bryne,2.0,1.0
2016,17,2016-07-10,18:00,Levanger,Ullensaker/Kisa,3.0,1.0
2016,17,2016-07-11,19:00,Ranheim,Sandefjord Fotball,3.0,0.0
2016,18,2016-07-30,15:30,Fredrikstad,Mjøndalen,0.0,1.0
2016,18,2016-07-31,18:00,Bryne,Ranheim,1.0,1.0
2016,18,2016-07-31,18:00,Sandefjord Fotball,Kongsvinger,1.0,3.0
2016,18,2016-07-31,18:00,Ullensaker/Kisa,Raufoss,2.0,1.0
2016,18,2016-07-31,18:00,Jerv,Sandnes Ulf,2.0,0.0
2016,18,2016-07-31,18:00,Åsane,KFUM,0.0,0.0
2016,18,2016-07-31,18:00,Strømmen,Levanger,2.0,1.0
2016,18,2016-08-02,19:00,Hødd,Kristiansund,1.0,0.0
2016,19,2016-08-07,15:30,Levanger,Fredrikstad,1.0,0.0
2016,19,2016-08-07,18:00,KFUM,Bryne,3.0,0.0
2016,19,2016-08-07,18:00,Raufoss,Åsane,1.0,2.0
2016,19,2016-08-07,18:00,Kristiansund,Strømmen,2.0,0.0
2016,19,2016-08-07,18:00,Ranheim,Jerv,1.0,4.0
2016,19,2016-08-07,18:00,Mjøndalen,Ullensaker/Kisa,0.0,0.0
2016,19,2016-08-07,18:00,Kongsvinger,Hødd,2.0,1.0
2016,19,2016-08-08,19:00,Sandnes Ulf,Sandefjord Fotball,5.0,0.0
2016,20,2016-08-14,15:30,Åsane,Mjøndalen,1.0,4.0
2016,20,2016-08-14,18:00,Fredrikstad,Ullensaker/Kisa,5.0,1.0
2016,20,2016-08-14,18:00,Bryne,Kongsvinger,1.0,1.0
2016,20,2016-08-14,18:00,Sandefjord Fotball,KFUM,3.0,0.0
2016,20,2016-08-14,18:00,Hødd,Levanger,3.0,2.0
2016,20,2016-08-14,18:00,Strømmen,Ranheim,2.0,1.0
2016,20,2016-08-14,18:00,Jerv,Raufoss,4.0,0.0
2016,20,2016-08-15,19:00,Kristiansund,Sandnes Ulf,2.0,3.0
2016,21,2016-08-21,15:30,KFUM,Fredrikstad,2.0,2.0
2016,21,2016-08-21,18:00,Levanger,Jerv,1.0,2.0
2016,21,2016-08-21,18:00,Ranheim,Kristiansund,0.0,1.0
2016,21,2016-08-21,18:00,Kongsvinger,Strømmen,2.0,2.0
2016,21,2016-08-21,18:00,Ullensaker/Kisa,Åsane,1.0,0.0
2016,21,2016-08-21,18:00,Sandnes Ulf,Bryne,1.0,1.0
2016,21,2016-08-21,18:00,Raufoss,Hødd,2.0,0.0
2016,21,2016-08-22,19:00,Mjøndalen,Sandefjord Fotball,2.0,2.0
2016,22,2016-08-24,18:00,Kristiansund,Kongsvinger,1.0,2.0
2016,22,2016-08-24,18:00,Strømmen,KFUM,2.0,1.0
2016,22,2016-08-24,18:00,Jerv,Ullensaker/Kisa,1.0,0.0
2016,22,2016-08-24,19:00,Fredrikstad,Åsane,3.0,2.0
2016,22,2016-08-24,19:00,Bryne,Levanger,4.0,3.0
2016,22,2016-08-24,19:00,Ranheim,Sandnes Ulf,0.0,2.0
2016,22,2016-08-25,19:00,Sandefjord Fotball,Raufoss,3.0,1.0
2016,22,2016-08-25,19:00,Hødd,Mjøndalen,2.0,1.0
2016,23,2016-08-28,15:00,KFUM,Sandnes Ulf,1.0,3.0
2016,23,2016-08-28,15:00,Raufoss,Strømmen,4.0,5.0
2016,23,2016-08-28,15:00,Åsane,Sandefjord Fotball,1.0,1.0
2016,23,2016-08-28,15:30,Levanger,Kristiansund,1.0,3.0
2016,23,2016-08-28,18:00,Kongsvinger,Ranheim,1.0,0.0
2016,23,2016-08-28,18:00,Ullensaker/Kisa,Hødd,8.0,3.0
2016,23,2016-08-28,18:00,Mjøndalen,Bryne,3.0,0.0
2016,23,2016-08-29,19:00,Fredrikstad,Jerv,2.0,1.0
2016,24,2016-09-11,15:00,Kristiansund,KFUM,3.0,2.0
2016,24,2016-09-11,15:00,Jerv,Åsane,2.0,0.0
2016,24,2016-09-11,15:30,Strømmen,Mjøndalen,0.0,0.0
2016,24,2016-09-11,18:00,Sandnes Ulf,Kongsvinger,1.0,1.0
2016,24,2016-09-11,18:00,Sandefjord Fotball,Ullensaker/Kisa,1.0,0.0
2016,24,2016-09-11,18:00,Bryne,Raufoss,2.0,0.0
2016,24,2016-09-11,18:00,Ranheim,Levanger,3.0,1.0
2016,24,2016-09-12,19:00,Hødd,Fredrikstad,2.0,2.0
2016,25,2016-09-18,15:00,KFUM,Kongsvinger,1.0,2.0
2016,25,2016-09-18,15:00,Raufoss,Kristiansund,1.0,2.0
2016,25,2016-09-18,15:00,Levanger,Sandnes Ulf,0.0,2.0
2016,25,2016-09-18,15:00,Åsane,Hødd,1.0,1.0
2016,25,2016-09-18,15:30,Jerv,Sandefjord Fotball,2.0,2.0
2016,25,2016-09-18,18:00,Mjøndalen,Ranheim,6.0,2.0
2016,25,2016-09-18,18:00,Ullensaker/Kisa,Bryne,3.0,0.0
2016,25,2016-09-19,19:00,Fredrikstad,Strømmen,2.0,1.0
2016,26,2016-09-25,15:00,Strømmen,Ullensaker/Kisa,2.0,1.0
2016,26,2016-09-25,15:30,Kristiansund,Mjøndalen,0.0,2.0
2016,26,2016-09-25,18:00,Bryne,Åsane,3.0,1.0
2016,26,2016-09-25,18:00,Ranheim,KFUM,2.0,0.0
2016,26,2016-09-25,18:00,Sandnes Ulf,Raufoss,3.0,0.0
2016,26,2016-09-25,18:00,Hødd,Jerv,0.0,2.0
2016,26,2016-09-25,18:00,Kongsvinger,Levanger,1.0,2.0
2016,26,2016-09-27,19:00,Sandefjord Fotball,Fredrikstad,2.0,1.0
2016,27,2016-10-02,15:00,Åsane,Strømmen,2.0,0.0
2016,27,2016-10-02,15:00,Raufoss,Kongsvinger,2.0,4.0
2016,27,2016-10-02,15:00,Levanger,KFUM,0.0,3.0
2016,27,2016-10-02,15:00,Jerv,Bryne,1.0,3.0
2016,27,2016-10-02,15:30,Mjøndalen,Sandnes Ulf,1.0,0.0
2016,27,2016-10-02,18:00,Fredrikstad,Ranheim,1.0,7.0
2016,27,2016-10-02,18:00,Sandefjord Fotball,Hødd,3.0,0.0
2016,27,2016-10-03,19:00,Ullensaker/Kisa,Kristiansund,2.0,3.0
2016,28,2016-10-16,15:00,Kristiansund,Fredrikstad,0.0,0.0
2016,28,2016-10-16,15:00,Levanger,Åsane,1.0,0.0
2016,28,2016-10-16,15:00,KFUM,Jerv,0.0,1.0
2016,28,2016-10-16,15:00,Strømmen,Sandefjord Fotball,0.0,3.0
2016,28,2016-10-16,18:00,Sandnes Ulf,Ullensaker/Kisa,4.0,0.0
2016,28,2016-10-16,18:00,Bryne,Hødd,0.0,0.0
2016,28,2016-10-16,18:00,Ranheim,Raufoss,1.0,0.0
2016,28,2016-10-17,19:00,Kongsvinger,Mjøndalen,3.0,1.0
2016,29,2016-10-23,13:00,Hødd,Strømmen,0.0,3.0
2016,29,2016-10-23,13:00,Mjøndalen,KFUM,2.0,0.0
2016,29,2016-10-23,13:00,Sandefjord Fotball,Bryne,1.0,0.0
2016,29,2016-10-23,13:00,Ullensaker/Kisa,Ranheim,2.0,2.0
2016,29,2016-10-23,13:00,Åsane,Sandnes Ulf,1.0,0.0
2016,29,2016-10-23,13:00,Fredrikstad,Kongsvinger,1.0,1.0
2016,29,2016-10-23,13:00,Raufoss,Levanger,0.0,6.0
2016,29,2016-10-23,13:00,Jerv,Kristiansund,1.0,1.0
2016,30,2016-10-30,13:00,Bryne,Fredrikstad,3.0,1.0
2016,30,2016-10-30,13:00,Kristiansund,Sandefjord Fotball,3.0,2.0
2016,30,2016-10-30,13:00,Levanger,Mjøndalen,2.0,2.0
2016,30,2016-10-30,13:00,Ranheim,Åsane,1.0,1.0
2016,30,2016-10-30,13:00,Kongsvinger,Ullensaker/Kisa,2.0,3.0
2016,30,2016-10-30,13:00,Strømmen,Jerv,2.0,1.0
2016,30,2016-10-30,13:00,Sandnes Ulf,Hødd,5.0,0.0
2016,30,2016-10-30,13:00,KFUM,Raufoss,0.0,3.0
2017,1,2017-04-02,15:00,Start,Fredrikstad,2.0,2.0
2017,1,2017-04-02,15:30,Tromsdalen,Åsane,2.0,0.0
2017,1,2017-04-02,17:00,Florø,Jerv,1.0,1.0
2017,1,2017-04-02,18:00,Sandnes Ulf,Elverum,2.0,0.0
2017,1,2017-04-02,18:00,Ullensaker/Kisa,Levanger,2.0,2.0
2017,1,2017-04-02,18:00,Mjøndalen,Arendal,2.0,1.0
2017,1,2017-04-02,18:00,Ranheim,Strømmen,1.0,0.0
2017,1,2017-04-04,19:00,Bodø/Glimt,Kongsvinger,3.0,2.0
2017,2,2017-04-09,15:00,Kongsvinger,Start,0.0,2.0
2017,2,2017-04-09,17:00,Arendal,Ullensaker/Kisa,1.0,2.0
2017,2,2017-04-09,17:00,Elverum,Tromsdalen,1.0,1.0
2017,2,2017-04-09,17:00,Åsane,Bodø/Glimt,1.0,1.0
2017,2,2017-04-09,17:00,Jerv,Ranheim,1.0,2.0
2017,2,2017-04-09,17:00,Levanger,Sandnes Ulf,0.0,1.0
2017,2,2017-04-09,17:00,Strømmen,Florø,1.0,1.0
2017,2,2017-04-11,19:00,Fredrikstad,Mjøndalen,1.0,1.0
2017,3,2017-04-17,15:00,Sandnes Ulf,Fredrikstad,0.0,0.0
2017,3,2017-04-17,18:00,Florø,Levanger,0.0,0.0
2017,3,2017-04-17,18:00,Start,Åsane,4.0,0.0
2017,3,2017-04-17,18:00,Ranheim,Arendal,2.0,1.0
2017,3,2017-04-17,18:00,Ullensaker/Kisa,Strømmen,2.0,0.0
2017,3,2017-04-17,18:00,Bodø/Glimt,Elverum,5.0,0.0
2017,3,2017-04-17,18:00,Tromsdalen,Kongsvinger,2.0,2.0
2017,3,2017-04-18,19:00,Mjøndalen,Jerv,3.0,0.0
2017,4,2017-04-22,15:00,Kongsvinger,Ranheim,0.0,0.0
2017,4,2017-04-23,15:00,Fredrikstad,Bodø/Glimt,0.0,1.0
2017,4,2017-04-23,15:00,Arendal,Florø,2.0,0.0
2017,4,2017-04-23,15:30,Tromsdalen,Start,1.0,2.0
2017,4,2017-04-23,18:00,Elverum,Ullensaker/Kisa,0.0,3.0
2017,4,2017-04-23,18:00,Jerv,Strømmen,0.0,1.0
2017,4,2017-04-23,18:00,Levanger,Mjøndalen,1.0,1.0
2017,4,2017-04-23,18:00,Åsane,Sandnes Ulf,4.0,0.0
2017,5,2017-04-30,15:00,Mjøndalen,Kongsvinger,5.0,1.0
2017,5,2017-04-30,18:00,Jerv,Levanger,2.0,2.0
2017,5,2017-04-30,18:00,Sandnes Ulf,Tromsdalen,2.0,0.0
2017,5,2017-04-30,18:00,Strømmen,Arendal,1.0,0.0
2017,5,2017-04-30,18:00,Ullensaker/Kisa,Fredrikstad,2.0,1.0
2017,5,2017-04-30,18:00,Florø,Elverum,1.0,1.0
2017,5,2017-04-30,18:00,Ranheim,Åsane,2.0,1.0
2017,5,2017-05-02,19:00,Bodø/Glimt,Start,3.0,2.0
2017,6,2017-05-06,15:00,Arendal,Jerv,1.0,1.0
2017,6,2017-05-07,15:30,Tromsdalen,Bodø/Glimt,2.0,3.0
2017,6,2017-05-07,18:00,Levanger,Strømmen,0.0,1.0
2017,6,2017-05-07,18:00,Elverum,Ranheim,1.0,1.0
2017,6,2017-05-07,18:00,Åsane,Mjøndalen,2.0,2.0
2017,6,2017-05-07,18:00,Fredrikstad,Florø,1.0,2.0
2017,6,2017-05-07,18:00,Start,Ullensaker/Kisa,3.0,1.0
2017,6,2017-05-09,19:00,Kongsvinger,Sandnes Ulf,2.0,3.0
2017,7,2017-05-13,18:00,Jerv,Kongsvinger,2.0,2.0
2017,7,2017-05-13,18:00,Ullensaker/Kisa,Åsane,2.0,3.0
2017,7,2017-05-13,18:00,Strømmen,Tromsdalen,1.0,1.0
2017,7,2017-05-13,18:00,Arendal,Levanger,0.0,3.0
2017,7,2017-05-13,18:00,Florø,Start,1.0,4.0
2017,7,2017-05-13,18:00,Ranheim,Fredrikstad,1.0,0.0
2017,7,2017-05-13,18:00,Sandnes Ulf,Bodø/Glimt,3.0,0.0
2017,7,2017-05-13,18:00,Mjøndalen,Elverum,2.0,2.0
2017,8,2017-05-16,17:00,Levanger,Ranheim,1.0,1.0
2017,8,2017-05-16,18:00,Start,Sandnes Ulf,2.0,1.0
2017,8,2017-05-16,18:00,Kongsvinger,Arendal,2.0,3.0
2017,8,2017-05-16,18:00,Åsane,Florø,1.0,0.0
2017,8,2017-05-16,18:00,Bodø/Glimt,Ullensaker/Kisa,3.0,1.0
2017,8,2017-05-16,18:00,Fredrikstad,Jerv,1.0,1.0
2017,8,2017-05-16,18:00,Elverum,Strømmen,2.0,1.0
2017,8,2017-05-16,18:00,Tromsdalen,Mjøndalen,2.0,1.0
2017,9,2017-05-19,19:00,Mjøndalen,Sandnes Ulf,2.0,2.0
2017,9,2017-05-21,15:00,Strømmen,Kongsvinger,0.0,4.0
2017,9,2017-05-21,18:00,Arendal,Elverum,0.0,3.0
2017,9,2017-05-21,18:00,Florø,Bodø/Glimt,1.0,2.0
2017,9,2017-05-21,18:00,Ullensaker/Kisa,Tromsdalen,1.0,0.0
2017,9,2017-05-21,18:00,Levanger,Fredrikstad,3.0,1.0
2017,9,2017-05-21,18:00,Ranheim,Start,1.0,0.0
2017,9,2017-05-21,18:00,Jerv,Åsane,1.0,1.0
2017,10,2017-05-27,15:00,Start,Jerv,3.0,2.0
2017,10,2017-05-28,18:00,Kongsvinger,Florø,2.0,1.0
2017,10,2017-05-28,18:00,Åsane,Strømmen,2.0,2.0
2017,10,2017-05-28,18:00,Bodø/Glimt,Mjøndalen,1.0,0.0
2017,10,2017-05-28,18:00,Elverum,Levanger,0.0,2.0
2017,10,2017-05-28,18:00,Fredrikstad,Arendal,1.0,1.0
2017,10,2017-05-28,18:00,Tromsdalen,Ranheim,3.0,2.0
2017,10,2017-05-28,18:00,Sandnes Ulf,Ullensaker/Kisa,0.0,0.0
2017,11,2017-06-04,15:00,Mjøndalen,Start,2.0,1.0
2017,11,2017-06-04,18:00,Levanger,Åsane,3.0,0.0
2017,11,2017-06-04,18:00,Strømmen,Fredrikstad,4.0,1.0
2017,11,2017-06-04,18:00,Arendal,Tromsdalen,1.0,2.0
2017,11,2017-06-04,18:00,Florø,Sandnes Ulf,3.0,1.0
2017,11,2017-06-04,18:00,Ranheim,Bodø/Glimt,2.0,1.0
2017,11,2017-06-04,18:00,Ullensaker/Kisa,Kongsvinger,0.0,3.0
2017,11,2017-06-04,18:00,Jerv,Elverum,2.0,0.0
2017,12,2017-06-10,13:30,Kongsvinger,Levanger,0.0,1.0
2017,12,2017-06-10,15:30,Start,Strømmen,0.0,1.0
2017,12,2017-06-11,15:30,Bodø/Glimt,Jerv,4.0,0.0
2017,12,2017-06-11,18:00,Fredrikstad,Elverum,4.0,0.0
2017,12,2017-06-11,18:00,Åsane,Arendal,2.0,2.0
2017,12,2017-06-11,18:00,Sandnes Ulf,Ranheim,2.0,0.0
2017,12,2017-06-11,18:00,Tromsdalen,Florø,1.0,0.0
2017,12,2017-06-11,18:00,Mjøndalen,Ullensaker/Kisa,3.0,1.0
2017,13,2017-06-17,15:00,Arendal,Bodø/Glimt,1.0,3.0
2017,13,2017-06-18,18:00,Elverum,Åsane,0.0,0.0
2017,13,2017-06-18,18:00,Ranheim,Mjøndalen,1.0,1.0
2017,13,2017-06-18,18:00,Jerv,Tromsdalen,1.0,1.0
2017,13,2017-06-18,18:00,Strømmen,Sandnes Ulf,1.0,3.0
2017,13,2017-06-18,18:00,Florø,Ullensaker/Kisa,3.0,1.0
2017,13,2017-06-18,18:00,Levanger,Start,0.0,0.0
2017,13,2017-06-20,19:00,Fredrikstad,Kongsvinger,1.0,1.0
2017,14,2017-06-25,15:00,Mjøndalen,Florø,2.0,4.0
2017,14,2017-06-25,18:00,Kongsvinger,Elverum,1.0,1.0
2017,14,2017-06-25,18:00,Ullensaker/Kisa,Ranheim,0.0,1.0
2017,14,2017-06-25,18:00,Åsane,Fredrikstad,1.0,1.0
2017,14,2017-06-25,18:00,Sandnes Ulf,Jerv,0.0,3.0
2017,14,2017-06-25,18:00,Tromsdalen,Levanger,2.0,1.0
2017,14,2017-06-25,18:00,Bodø/Glimt,Strømmen,4.0,3.0
2017,14,2017-06-27,19:00,Start,Arendal,3.0,1.0
2017,15,2017-07-02,15:00,Strømmen,Mjøndalen,2.0,2.0
2017,15,2017-07-02,18:00,Elverum,Start,1.0,1.0
2017,15,2017-07-02,18:00,Jerv,Ullensaker/Kisa,6.0,2.0
2017,15,2017-07-02,18:00,Fredrikstad,Tromsdalen,2.0,1.0
2017,15,2017-07-02,18:00,Kongsvinger,Åsane,2.0,0.0
2017,15,2017-07-02,18:00,Levanger,Bodø/Glimt,1.0,1.0
2017,15,2017-07-02,18:00,Ranheim,Florø,0.0,2.0
2017,15,2017-07-04,19:00,Arendal,Sandnes Ulf,2.0,3.0
2017,16,2017-07-22,18:00,Bodø/Glimt,Ranheim,3.0,3.0
2017,16,2017-07-23,18:00,Start,Kongsvinger,2.0,1.0
2017,16,2017-07-23,18:00,Strømmen,Jerv,2.0,1.0
2017,16,2017-07-23,18:00,Tromsdalen,Arendal,1.0,1.0
2017,16,2017-07-23,18:00,Åsane,Levanger,2.0,1.0
2017,16,2017-07-23,18:00,Sandnes Ulf,Mjøndalen,1.0,0.0
2017,16,2017-07-23,18:00,Florø,Fredrikstad,4.0,1.0
2017,16,2017-07-23,18:00,Ullensaker/Kisa,Elverum,2.0,0.0
2017,17,2017-07-29,18:00,Mjøndalen,Bodø/Glimt,1.0,2.0
2017,17,2017-07-30,15:00,Sandnes Ulf,Start,1.0,1.0
2017,17,2017-07-30,18:00,Elverum,Florø,3.0,4.0
2017,17,2017-07-30,18:00,Fredrikstad,Strømmen,1.0,1.0
2017,17,2017-07-30,18:00,Ranheim,Tromsdalen,3.0,1.0
2017,17,2017-07-30,18:00,Kongsvinger,Ullensaker/Kisa,1.0,3.0
2017,17,2017-07-30,18:00,Arendal,Åsane,0.0,1.0
2017,17,2017-07-30,18:00,Levanger,Jerv,0.0,1.0
2017,18,2017-08-05,15:00,Start,Mjøndalen,2.0,1.0
2017,18,2017-08-06,15:00,Ullensaker/Kisa,Sandnes Ulf,3.0,3.0
2017,18,2017-08-06,18:00,Bodø/Glimt,Arendal,5.0,0.0
2017,18,2017-08-06,18:00,Tromsdalen,Elverum,1.0,1.0
2017,18,2017-08-06,18:00,Jerv,Fredrikstad,2.0,0.0
2017,18,2017-08-06,18:00,Florø,Kongsvinger,1.0,0.0
2017,18,2017-08-06,18:00,Strømmen,Levanger,0.0,1.0
2017,18,2017-08-06,18:00,Åsane,Ranheim,1.0,3.0
2017,19,2017-08-13,15:00,Elverum,Bodø/Glimt,0.0,4.0
2017,19,2017-08-13,18:00,Fredrikstad,Levanger,0.0,0.0
2017,19,2017-08-13,18:00,Kongsvinger,Jerv,6.0,1.0
2017,19,2017-08-13,18:00,Sandnes Ulf,Åsane,3.0,3.0
2017,19,2017-08-13,18:00,Mjøndalen,Tromsdalen,2.0,0.0
2017,19,2017-08-13,18:00,Start,Florø,2.0,0.0
2017,19,2017-08-13,18:00,Ranheim,Ullensaker/Kisa,3.0,4.0
2017,19,2017-08-13,18:00,Arendal,Strømmen,0.0,3.0
2017,20,2017-08-16,18:00,Tromsdalen,Sandnes Ulf,1.0,2.0
2017,20,2017-08-16,18:30,Strømmen,Ranheim,1.0,0.0
2017,20,2017-08-16,19:00,Åsane,Kongsvinger,2.0,3.0
2017,20,2017-08-16,19:00,Levanger,Elverum,1.0,1.0
2017,20,2017-08-16,19:00,Florø,Mjøndalen,5.0,0.0
2017,20,2017-08-16,19:00,Bodø/Glimt,Fredrikstad,4.0,0.0
2017,20,2017-08-16,19:00,Jerv,Arendal,2.0,3.0
2017,20,2017-08-17,19:00,Ullensaker/Kisa,Start,1.0,2.0
2017,21,2017-08-19,15:00,Ranheim,Levanger,6.0,1.0
2017,21,2017-08-20,18:00,Arendal,Fredrikstad,1.0,1.0
2017,21,2017-08-20,18:00,Åsane,Ullensaker/Kisa,0.0,3.0
2017,21,2017-08-20,18:00,Elverum,Jerv,2.0,3.0
2017,21,2017-08-20,18:00,Sandnes Ulf,Florø,3.0,0.0
2017,21,2017-08-20,18:00,Start,Tromsdalen,2.0,2.0
2017,21,2017-08-20,18:00,Mjøndalen,Strømmen,3.0,0.0
2017,21,2017-08-22,19:00,Kongsvinger,Bodø/Glimt,0.0,1.0
2017,22,2017-09-03,15:00,Jerv,Start,1.0,3.0
2017,22,2017-09-03,15:00,Florø,Tromsdalen,1.0,1.0
2017,22,2017-09-03,15:00,Strømmen,Elverum,0.0,0.0
2017,22,2017-09-03,18:00,Ranheim,Kongsvinger,1.0,0.0
2017,22,2017-09-03,18:00,Fredrikstad,Åsane,2.0,1.0
2017,22,2017-09-03,18:00,Ullensaker/Kisa,Mjøndalen,0.0,1.0
2017,22,2017-09-04,18:00,Levanger,Arendal,3.0,2.0
2017,22,2017-09-06,19:00,Bodø/Glimt,Sandnes Ulf,0.0,0.0
2017,23,2017-09-10,15:00,Elverum,Fredrikstad,1.0,1.0
2017,23,2017-09-10,15:00,Åsane,Jerv,1.0,1.0
2017,23,2017-09-10,15:00,Mjøndalen,Ranheim,3.0,0.0
2017,23,2017-09-10,15:00,Tromsdalen,Ullensaker/Kisa,2.0,3.0
2017,23,2017-09-10,15:00,Florø,Arendal,0.0,1.0
2017,23,2017-09-10,18:00,Sandnes Ulf,Levanger,2.0,2.0
2017,23,2017-09-10,18:00,Kongsvinger,Strømmen,0.0,0.0
2017,23,2017-09-12,19:00,Start,Bodø/Glimt,2.0,2.0
2017,24,2017-09-17,15:00,Arendal,Mjøndalen,0.0,1.0
2017,24,2017-09-17,15:00,Strømmen,Åsane,2.0,2.0
2017,24,2017-09-17,15:00,Jerv,Sandnes Ulf,2.0,0.0
2017,24,2017-09-17,17:00,Fredrikstad,Start,2.0,1.0
2017,24,2017-09-17,18:00,Levanger,Kongsvinger,2.0,1.0
2017,24,2017-09-17,18:00,Ullensaker/Kisa,Florø,3.0,0.0
2017,24,2017-09-17,18:00,Ranheim,Elverum,2.0,2.0
2017,24,2017-09-19,19:00,Bodø/Glimt,Tromsdalen,1.0,0.0
2017,25,2017-09-24,15:00,Elverum,Arendal,5.0,0.0
2017,25,2017-09-24,15:00,Start,Levanger,1.0,1.0
2017,25,2017-09-24,15:00,Tromsdalen,Jerv,1.0,4.0
2017,25,2017-09-24,15:00,Florø,Ranheim,1.0,1.0
2017,25,2017-09-24,18:00,Kongsvinger,Fredrikstad,3.0,2.0
2017,25,2017-09-24,18:00,Mjøndalen,Åsane,3.0,0.0
2017,25,2017-09-24,18:00,Sandnes Ulf,Strømmen,2.0,0.0
2017,25,2017-09-26,19:00,Ullensaker/Kisa,Bodø/Glimt,2.0,5.0
2017,26,2017-10-01,15:00,Strømmen,Start,1.0,2.0
2017,26,2017-10-01,15:00,Jerv,Mjøndalen,0.0,1.0
2017,26,2017-10-01,15:00,Åsane,Elverum,1.0,0.0
2017,26,2017-10-01,18:00,Levanger,Tromsdalen,0.0,3.0
2017,26,2017-10-01,18:00,Ranheim,Sandnes Ulf,0.0,1.0
2017,26,2017-10-01,18:00,Bodø/Glimt,Florø,4.0,1.0
2017,26,2017-10-01,18:00,Arendal,Kongsvinger,3.0,0.0
2017,26,2017-10-03,19:00,Fredrikstad,Ullensaker/Kisa,1.0,2.0
2017,27,2017-10-15,15:00,Tromsdalen,Strømmen,1.0,1.0
2017,27,2017-10-15,15:00,Bodø/Glimt,Levanger,1.0,3.0
2017,27,2017-10-15,15:00,Elverum,Kongsvinger,1.0,2.0
2017,27,2017-10-15,15:00,Florø,Åsane,1.0,1.0
2017,27,2017-10-15,18:00,Ullensaker/Kisa,Jerv,7.0,1.0
2017,27,2017-10-15,18:00,Mjøndalen,Fredrikstad,3.0,1.0
2017,27,2017-10-15,18:00,Sandnes Ulf,Arendal,2.0,2.0
2017,27,2017-10-17,19:00,Start,Ranheim,4.0,2.0
2017,28,2017-10-21,15:00,Arendal,Start,0.0,2.0
2017,28,2017-10-22,13:00,Jerv,Bodø/Glimt,1.0,4.0
2017,28,2017-10-22,13:00,Strømmen,Ullensaker/Kisa,3.0,4.0
2017,28,2017-10-22,13:00,Åsane,Tromsdalen,2.0,2.0
2017,28,2017-10-22,13:00,Elverum,Sandnes Ulf,0.0,1.0
2017,28,2017-10-22,18:00,Kongsvinger,Mjøndalen,3.0,2.0
2017,28,2017-10-22,18:00,Levanger,Florø,1.0,1.0
2017,28,2017-10-24,19:00,Fredrikstad,Ranheim,1.0,2.0
2017,29,2017-10-29,12:00,Start,Elverum,0.0,1.0
2017,29,2017-10-29,12:00,Bodø/Glimt,Åsane,6.0,0.0
2017,29,2017-10-29,12:00,Sandnes Ulf,Kongsvinger,0.0,3.0
2017,29,2017-10-29,12:00,Tromsdalen,Fredrikstad,5.0,0.0
2017,29,2017-10-29,12:00,Ullensaker/Kisa,Arendal,4.0,2.0
2017,29,2017-10-29,12:00,Ranheim,Jerv,3.0,1.0
2017,29,2017-10-29,12:00,Florø,Strømmen,1.0,5.0
2017,29,2017-10-29,12:00,Mjøndalen,Levanger,3.0,1.0
2017,30,2017-11-05,13:00,Jerv,Florø,0.0,2.0
2017,30,2017-11-05,13:00,Levanger,Ullensaker/Kisa,2.0,0.0
2017,30,2017-11-05,13:00,Kongsvinger,Tromsdalen,0.0,1.0
2017,30,2017-11-05,13:00,Strømmen,Bodø/Glimt,1.0,6.0
2017,30,2017-11-05,13:00,Elverum,Mjøndalen,0.0,3.0
2017,30,2017-11-05,13:00,Arendal,Ranheim,1.0,2.0
2017,30,2017-11-05,13:00,Fredrikstad,Sandnes Ulf,3.0,0.0
2017,30,2017-11-05,13:00,Åsane,Start,3.0,2.0
2018,1,2018-04-02,15:00,Åsane,Nest-Sotra,3.0,1.0
2018,1,2018-04-02,18:00,Sandnes Ulf,Strømmen,2.0,1.0
2018,1,2018-04-02,18:00,Kongsvinger,Viking,0.0,2.0
2018,1,2018-04-02,18:00,Notodden,Levanger,1.0,1.0
2018,1,2018-04-02,18:00,Ullensaker/Kisa,HamKam,1.0,1.0
2018,1,2018-04-02,18:00,Mjøndalen,Florø,1.0,1.0
2018,1,2018-04-03,19:00,Aalesund,Sogndal,0.0,0.0
2018,2,2018-04-08,15:00,Levanger,Aalesund,1.0,2.0
2018,2,2018-04-08,17:00,Strømmen,Åsane,3.0,0.0
2018,2,2018-04-08,18:00,Florø,Kongsvinger,1.0,0.0
2018,2,2018-04-08,18:00,HamKam,Notodden,1.0,3.0
2018,2,2018-04-08,18:00,Nest-Sotra,Sandnes Ulf,2.0,3.0
2018,2,2018-04-08,18:00,Jerv,Ullensaker/Kisa,1.0,1.0
2018,2,2018-04-08,18:00,Sogndal,Tromsdalen,1.0,1.0
2018,2,2018-04-10,19:00,Viking,Mjøndalen,0.0,2.0
2018,3,2018-04-14,15:30,Mjøndalen,Sogndal,0.0,0.0
2018,3,2018-04-15,15:00,Aalesund,Florø,4.0,0.0
2018,3,2018-04-15,18:00,Åsane,HamKam,1.0,1.0
2018,3,2018-04-15,18:00,Notodden,Nest-Sotra,2.0,1.0
2018,3,2018-04-15,18:00,Kongsvinger,Jerv,2.0,0.0
2018,3,2018-04-15,18:00,Sandnes Ulf,Levanger,1.0,0.0
2018,3,2018-04-15,18:00,Tromsdalen,Viking,0.0,2.0
2018,3,2018-04-15,18:00,Ullensaker/Kisa,Strømmen,2.0,1.0
2018,4,2018-04-22,15:00,Strømmen,Levanger,3.0,0.0
2018,4,2018-04-22,18:00,Nest-Sotra,Ullensaker/Kisa,0.0,3.0
2018,4,2018-04-22,18:00,Viking,Åsane,4.0,0.0
2018,4,2018-04-22,18:00,Aalesund,Tromsdalen,4.0,0.0
2018,4,2018-04-22,18:00,Florø,Notodden,1.0,4.0
2018,4,2018-04-22,18:00,Sogndal,Kongsvinger,4.0,1.0
2018,4,2018-04-22,18:00,Jerv,Mjøndalen,0.0,0.0
2018,4,2018-04-24,19:00,HamKam,Sandnes Ulf,0.0,0.0
2018,5,2018-04-28,15:30,Kongsvinger,Aalesund,1.0,3.0
2018,5,2018-04-29,15:00,Ullensaker/Kisa,Viking,4.0,5.0
2018,5,2018-04-29,18:00,Levanger,HamKam,4.0,3.0
2018,5,2018-04-29,18:00,Notodden,Sogndal,0.0,2.0
2018,5,2018-04-29,18:00,Sandnes Ulf,Jerv,0.0,0.0
2018,5,2018-04-29,18:00,Åsane,Florø,3.0,1.0
2018,5,2018-04-29,18:00,Strømmen,Nest-Sotra,1.0,2.0
2018,5,2018-04-29,18:00,Mjøndalen,Tromsdalen,0.0,0.0
2018,6,2018-05-05,15:30,HamKam,Strømmen,3.0,2.0
2018,6,2018-05-06,15:00,Aalesund,Mjøndalen,2.0,1.0
2018,6,2018-05-06,18:00,Jerv,Åsane,1.0,1.0
2018,6,2018-05-06,18:00,Nest-Sotra,Levanger,4.0,1.0
2018,6,2018-05-06,18:00,Sogndal,Sandnes Ulf,2.0,2.0
2018,6,2018-05-06,18:00,Viking,Notodden,3.0,1.0
2018,6,2018-05-06,18:00,Florø,Ullensaker/Kisa,1.0,1.0
2018,6,2018-05-06,18:00,Tromsdalen,Kongsvinger,3.0,3.0
2018,7,2018-05-13,15:00,Ullensaker/Kisa,Sogndal,2.0,0.0
2018,7,2018-05-13,18:00,Åsane,Aalesund,2.0,3.0
2018,7,2018-05-13,18:00,HamKam,Nest-Sotra,1.0,1.0
2018,7,2018-05-13,18:00,Kongsvinger,Mjøndalen,0.0,1.0
2018,7,2018-05-13,18:00,Levanger,Viking,0.0,0.0
2018,7,2018-05-13,18:00,Notodden,Tromsdalen,2.0,3.0
2018,7,2018-05-13,18:00,Sandnes Ulf,Florø,4.0,0.0
2018,7,2018-05-13,18:00,Strømmen,Jerv,2.0,3.0
2018,8,2018-05-16,16:30,Tromsdalen,Levanger,1.0,2.0
2018,8,2018-05-16,18:00,Florø,Nest-Sotra,0.0,2.0
2018,8,2018-05-16,18:00,Sogndal,Åsane,1.0,4.0
2018,8,2018-05-16,18:00,Viking,Sandnes Ulf,5.0,2.0
2018,8,2018-05-16,18:00,Aalesund,Strømmen,2.0,2.0
2018,8,2018-05-16,18:00,Jerv,Notodden,1.0,0.0
2018,8,2018-05-16,18:00,Kongsvinger,HamKam,2.0,1.0
2018,8,2018-05-16,18:00,Mjøndalen,Ullensaker/Kisa,0.0,2.0
2018,9,2018-05-21,18:00,Åsane,Kongsvinger,3.0,1.0
2018,9,2018-05-21,18:00,HamKam,Florø,3.0,0.0
2018,9,2018-05-21,18:00,Nest-Sotra,Sogndal,0.0,1.0
2018,9,2018-05-21,18:00,Sandnes Ulf,Tromsdalen,2.0,1.0
2018,9,2018-05-21,18:00,Strømmen,Mjøndalen,0.0,1.0
2018,9,2018-05-21,18:00,Levanger,Jerv,2.0,3.0
2018,9,2018-05-21,18:00,Ullensaker/Kisa,Notodden,1.0,2.0
2018,9,2018-05-22,19:00,Viking,Aalesund,0.0,2.0
2018,10,2018-05-27,18:00,Sogndal,Strømmen,5.0,1.0
2018,10,2018-05-27,18:00,Aalesund,HamKam,1.0,2.0
2018,10,2018-05-27,18:00,Florø,Levanger,0.0,2.0
2018,10,2018-05-27,18:00,Jerv,Viking,3.0,2.0
2018,10,2018-05-27,18:00,Notodden,Åsane,0.0,0.0
2018,10,2018-05-27,18:00,Tromsdalen,Nest-Sotra,3.0,1.0
2018,10,2018-05-27,18:00,Mjøndalen,Sandnes Ulf,1.0,0.0
2018,10,2018-05-29,19:00,Kongsvinger,Ullensaker/Kisa,2.0,1.0
2018,11,2018-06-02,18:00,Sandnes Ulf,Kongsvinger,0.0,3.0
2018,11,2018-06-03,15:00,Ullensaker/Kisa,Tromsdalen,4.0,2.0
2018,11,2018-06-03,18:00,Åsane,Mjøndalen,0.0,2.0
2018,11,2018-06-03,18:00,Levanger,Sogndal,1.0,2.0
2018,11,2018-06-03,18:00,Nest-Sotra,Aalesund,1.0,0.0
2018,11,2018-06-03,18:00,HamKam,Jerv,2.0,0.0
2018,11,2018-06-03,18:00,Strømmen,Notodden,1.0,0.0
2018,1,2018-06-06,19:00,Tromsdalen,Jerv,1.0,0.0
2018,12,2018-06-09,15:30,Sogndal,Viking,1.0,0.0
2018,12,2018-06-10,18:00,Aalesund,Ullensaker/Kisa,3.0,2.0
2018,12,2018-06-10,18:00,Florø,Strømmen,2.0,1.0
2018,12,2018-06-10,18:00,Mjøndalen,HamKam,2.0,1.0
2018,12,2018-06-10,18:00,Jerv,Nest-Sotra,4.0,1.0
2018,12,2018-06-10,18:00,Kongsvinger,Levanger,2.0,1.0
2018,12,2018-06-10,18:00,Notodden,Sandnes Ulf,1.0,0.0
2018,12,2018-06-10,18:00,Tromsdalen,Åsane,1.0,0.0
2018,13,2018-06-16,19:00,Nest-Sotra,Viking,5.0,0.0
2018,13,2018-06-17,15:00,HamKam,Sogndal,1.0,3.0
2018,13,2018-06-17,18:00,Åsane,Ullensaker/Kisa,1.0,5.0
2018,13,2018-06-17,18:00,Florø,Jerv,3.0,2.0
2018,13,2018-06-17,18:00,Levanger,Mjøndalen,0.0,4.0
2018,13,2018-06-17,18:00,Sandnes Ulf,Aalesund,1.0,2.0
2018,13,2018-06-17,18:00,Strømmen,Tromsdalen,1.0,3.0
2018,13,2018-06-17,18:00,Notodden,Kongsvinger,1.0,2.0
2018,11,2018-06-20,18:00,Viking,Florø,2.0,1.0
2018,14,2018-06-24,15:00,Viking,HamKam,2.0,0.0
2018,14,2018-06-24,18:00,Åsane,Levanger,3.0,3.0
2018,14,2018-06-24,18:00,Tromsdalen,Florø,1.0,0.0
2018,14,2018-06-24,18:00,Ullensaker/Kisa,Sandnes Ulf,2.0,2.0
2018,14,2018-06-24,18:00,Aalesund,Notodden,3.0,0.0
2018,14,2018-06-24,18:00,Kongsvinger,Strømmen,1.0,2.0
2018,14,2018-06-24,20:00,Sogndal,Jerv,0.0,0.0
2018,14,2018-06-26,19:00,Mjøndalen,Nest-Sotra,3.0,3.0
2018,15,2018-07-01,15:00,Strømmen,Viking,1.0,6.0
2018,15,2018-07-01,18:00,Florø,Sogndal,1.0,2.0
2018,15,2018-07-01,18:00,Nest-Sotra,Kongsvinger,2.0,2.0
2018,15,2018-07-01,18:00,Sandnes Ulf,Åsane,3.0,0.0
2018,15,2018-07-01,18:00,HamKam,Tromsdalen,0.0,0.0
2018,15,2018-07-01,18:00,Levanger,Ullensaker/Kisa,2.0,3.0
2018,15,2018-07-03,19:00,Notodden,Mjøndalen,1.0,0.0
2018,16,2018-07-21,18:00,Kongsvinger,Florø,5.0,1.0
2018,16,2018-07-22,18:00,Aalesund,Sandnes Ulf,4.0,0.0
2018,16,2018-07-22,18:00,Åsane,Notodden,1.0,0.0
2018,16,2018-07-22,18:00,Mjøndalen,Levanger,4.0,0.0
2018,16,2018-07-22,18:00,Sogndal,HamKam,1.0,0.0
2018,16,2018-07-22,18:00,Tromsdalen,Strømmen,3.0,2.0
2018,16,2018-07-22,18:00,Ullensaker/Kisa,Nest-Sotra,1.0,1.0
2018,16,2018-07-22,18:00,Viking,Jerv,4.0,1.0
2018,17,2018-07-29,18:00,Nest-Sotra,Mjøndalen,1.0,2.0
2018,17,2018-07-29,18:00,Notodden,Aalesund,1.0,1.0
2018,17,2018-07-29,18:00,Florø,Tromsdalen,1.0,0.0
2018,17,2018-07-29,18:00,Jerv,Sogndal,0.0,0.0
2018,17,2018-07-29,18:00,Levanger,Åsane,1.0,2.0
2018,17,2018-07-29,18:00,Sandnes Ulf,Ullensaker/Kisa,1.0,1.0
2018,17,2018-07-29,18:00,Strømmen,Kongsvinger,2.0,6.0
2018,17,2018-07-31,19:00,HamKam,Viking,2.0,3.0
2018,18,2018-08-05,15:00,Mjøndalen,Strømmen,1.0,0.0
2018,18,2018-08-05,18:00,Aalesund,Åsane,1.0,0.0
2018,18,2018-08-05,18:00,Tromsdalen,Notodden,4.0,2.0
2018,18,2018-08-05,18:00,Viking,Nest-Sotra,2.0,3.0
2018,18,2018-08-05,18:00,Jerv,HamKam,2.0,3.0
2018,18,2018-08-05,18:00,Sogndal,Levanger,5.0,1.0
2018,18,2018-08-05,18:00,Ullensaker/Kisa,Florø,1.0,1.0
2018,18,2018-08-07,19:00,Kongsvinger,Sandnes Ulf,6.0,0.0
2018,19,2018-08-12,15:00,Notodden,Ullensaker/Kisa,5.0,3.0
2018,19,2018-08-12,18:00,Åsane,Viking,1.0,2.0
2018,19,2018-08-12,18:00,HamKam,Kongsvinger,3.0,1.0
2018,19,2018-08-12,18:00,Sandnes Ulf,Mjøndalen,0.0,2.0
2018,19,2018-08-12,18:00,Florø,Aalesund,1.0,4.0
2018,19,2018-08-12,18:00,Nest-Sotra,Jerv,2.0,2.0
2018,19,2018-08-12,20:00,Levanger,Tromsdalen,1.0,2.0
2018,19,2018-08-14,19:00,Strømmen,Sogndal,1.0,0.0
2018,20,2018-08-19,15:00,Sogndal,Florø,2.0,3.0
2018,20,2018-08-19,18:00,Kongsvinger,Notodden,2.0,0.0
2018,20,2018-08-19,18:00,Tromsdalen,Aalesund,2.0,2.0
2018,20,2018-08-19,18:00,Ullensaker/Kisa,Levanger,3.0,2.0
2018,20,2018-08-19,18:00,Viking,Strømmen,2.0,0.0
2018,20,2018-08-19,18:00,Jerv,Sandnes Ulf,1.0,1.0
2018,20,2018-08-19,18:00,Nest-Sotra,HamKam,1.0,0.0
2018,20,2018-08-21,19:00,Mjøndalen,Åsane,1.0,1.0
2018,21,2018-08-25,15:30,Sandnes Ulf,Viking,3.0,0.0
2018,21,2018-08-26,18:00,Aalesund,Nest-Sotra,0.0,1.0
2018,21,2018-08-26,18:00,Åsane,Tromsdalen,3.0,1.0
2018,21,2018-08-26,18:00,Florø,HamKam,0.0,1.0
2018,21,2018-08-26,18:00,Notodden,Jerv,0.0,1.0
2018,21,2018-08-26,18:00,Levanger,Kongsvinger,1.0,1.0
2018,21,2018-08-26,18:00,Strømmen,Ullensaker/Kisa,3.0,2.0
2018,21,2018-08-28,19:00,Sogndal,Mjøndalen,3.0,4.0
2018,15,2018-08-29,18:00,Jerv,Aalesund,0.0,3.0
2018,22,2018-09-02,14:00,HamKam,Åsane,2.0,1.0
2018,22,2018-09-02,15:00,Ullensaker/Kisa,Aalesund,3.0,0.0
2018,22,2018-09-02,16:00,Tromsdalen,Sandnes Ulf,2.0,2.0
2018,22,2018-09-02,18:00,Viking,Levanger,3.0,0.0
2018,22,2018-09-02,18:00,Jerv,Florø,1.0,0.0
2018,22,2018-09-02,18:00,Kongsvinger,Sogndal,1.0,3.0
2018,22,2018-09-02,18:00,Nest-Sotra,Strømmen,0.0,2.0
2018,22,2018-09-02,18:00,Mjøndalen,Notodden,1.0,1.0
2018,23,2018-09-16,15:00,Strømmen,HamKam,3.0,2.0
2018,23,2018-09-16,16:00,Åsane,Jerv,2.0,0.0
2018,23,2018-09-16,16:00,Florø,Sandnes Ulf,1.0,3.0
2018,23,2018-09-16,16:00,Tromsdalen,Mjøndalen,0.0,2.0
2018,23,2018-09-16,18:00,Aalesund,Kongsvinger,2.0,1.0
2018,23,2018-09-16,18:00,Levanger,Nest-Sotra,0.0,1.0
2018,23,2018-09-16,18:00,Sogndal,Ullensaker/Kisa,1.0,2.0
2018,23,2018-09-18,19:00,Notodden,Viking,1.0,2.0
2018,24,2018-09-23,15:00,Viking,Sogndal,2.0,0.0
2018,24,2018-09-23,16:00,Jerv,Strømmen,1.0,0.0
2018,24,2018-09-23,16:00,Nest-Sotra,Florø,0.0,1.0
2018,24,2018-09-23,18:00,HamKam,Levanger,2.0,2.0
2018,24,2018-09-23,18:00,Sandnes Ulf,Notodden,1.0,1.0
2018,24,2018-09-23,18:00,Ullensaker/Kisa,Åsane,1.0,1.0
2018,24,2018-09-23,18:00,Kongsvinger,Tromsdalen,1.0,1.0
2018,24,2018-09-25,19:00,Mjøndalen,Aalesund,2.0,0.0
2018,25,2018-09-30,15:00,Florø,Viking,3.0,2.0
2018,25,2018-09-30,15:00,Tromsdalen,Ullensaker/Kisa,3.0,0.0
2018,25,2018-09-30,16:00,Åsane,Sandnes Ulf,0.0,2.0
2018,25,2018-09-30,18:00,Notodden,HamKam,0.0,1.0
2018,25,2018-09-30,18:00,Levanger,Strømmen,1.0,4.0
2018,25,2018-09-30,18:00,Sogndal,Nest-Sotra,1.0,0.0
2018,25,2018-09-30,18:00,Aalesund,Jerv,1.0,1.0
2018,25,2018-10-02,19:00,Mjøndalen,Kongsvinger,2.0,0.0
2018,26,2018-10-07,15:00,HamKam,Aalesund,1.0,3.0
2018,26,2018-10-07,15:00,Nest-Sotra,Notodden,1.0,0.0
2018,26,2018-10-07,15:00,Strømmen,Florø,2.0,0.0
2018,26,2018-10-07,16:00,Jerv,Levanger,0.0,0.0
2018,26,2018-10-07,18:00,Viking,Tromsdalen,2.0,4.0
2018,26,2018-10-07,18:00,Kongsvinger,Åsane,7.0,2.0
2018,26,2018-10-07,18:00,Ullensaker/Kisa,Mjøndalen,2.0,2.0
2018,26,2018-10-07,18:00,Sandnes Ulf,Sogndal,1.0,0.0
2018,27,2018-10-21,13:00,Tromsdalen,HamKam,0.0,2.0
2018,27,2018-10-21,15:00,Åsane,Sogndal,1.0,2.0
2018,27,2018-10-21,15:00,Ullensaker/Kisa,Kongsvinger,1.0,1.0
2018,27,2018-10-21,18:00,Mjøndalen,Jerv,1.0,1.0
2018,27,2018-10-21,18:00,Sandnes Ulf,Nest-Sotra,1.0,1.0
2018,27,2018-10-21,18:00,Levanger,Florø,0.0,1.0
2018,27,2018-10-21,18:00,Notodden,Strømmen,1.0,1.0
2018,27,2018-10-23,19:00,Aalesund,Viking,1.0,3.0
2018,28,2018-10-28,13:00,Jerv,Kongsvinger,1.0,2.0
2018,28,2018-10-28,13:00,Strømmen,Sandnes Ulf,2.0,1.0
2018,28,2018-10-28,14:00,Florø,Åsane,1.0,2.0
2018,28,2018-10-28,14:00,Nest-Sotra,Tromsdalen,2.0,0.0
2018,28,2018-10-28,15:00,Viking,Ullensaker/Kisa,1.0,0.0
2018,28,2018-10-28,18:00,Sogndal,Aalesund,2.0,0.0
2018,28,2018-10-28,18:00,Levanger,Notodden,0.0,3.0
2018,28,2018-10-30,19:00,HamKam,Mjøndalen,1.0,3.0
2018,29,2018-11-04,12:00,Sandnes Ulf,HamKam,1.0,3.0
2018,29,2018-11-04,12:00,Tromsdalen,Sogndal,0.0,3.0
2018,29,2018-11-04,12:00,Kongsvinger,Nest-Sotra,2.0,2.0
2018,29,2018-11-04,12:00,Mjøndalen,Viking,2.0,4.0
2018,29,2018-11-04,12:00,Aalesund,Levanger,4.0,0.0
2018,29,2018-11-04,12:00,Åsane,Strømmen,0.0,5.0
2018,29,2018-11-04,12:00,Notodden,Florø,2.0,1.0
2018,29,2018-11-04,12:00,Ullensaker/Kisa,Jerv,4.0,1.0
2018,30,2018-11-11,13:00,Florø,Mjøndalen,0.0,2.0
2018,30,2018-11-11,13:00,HamKam,Ullensaker/Kisa,3.0,1.0
2018,30,2018-11-11,13:00,Jerv,Tromsdalen,0.0,1.0
2018,30,2018-11-11,13:00,Viking,Kongsvinger,3.0,1.0
2018,30,2018-11-11,13:00,Levanger,Sandnes Ulf,3.0,4.0
2018,30,2018-11-11,13:00,Nest-Sotra,Åsane,1.0,0.0
2018,30,2018-11-11,13:00,Sogndal,Notodden,0.0,1.0
2018,30,2018-11-11,13:00,Strømmen,Aalesund,0.0,1.0
2019,1,2019-03-30,15:30,Start,Aalesund,0.0,1.0
2019,1,2019-03-31,15:00,Skeid,HamKam,1.0,0.0
2019,1,2019-03-31,15:00,Nest-Sotra,Raufoss,1.0,2.0
2019,1,2019-03-31,15:00,Strømmen,Ullensaker/Kisa,1.0,1.0
2019,1,2019-03-31,18:00,Kongsvinger,Notodden,1.0,0.0
2019,1,2019-03-31,18:00,Sandefjord Fotball,KFUM,1.0,0.0
2019,1,2019-03-31,18:00,Sogndal,Sandnes Ulf,1.0,1.0
2019,2,2019-04-06,15:30,Aalesund,Kongsvinger,1.0,0.0
2019,2,2019-04-07,15:00,Jerv,Strømmen,1.0,1.0
2019,2,2019-04-07,15:00,HamKam,Tromsdalen,2.0,1.0
2019,2,2019-04-07,15:00,Raufoss,Sandefjord Fotball,0.0,2.0
2019,2,2019-04-07,15:00,KFUM,Start,1.0,2.0
2019,2,2019-04-07,18:00,Sandnes Ulf,Nest-Sotra,0.0,0.0
2019,2,2019-04-07,18:00,Ullensaker/Kisa,Sogndal,3.0,0.0
2019,2,2019-04-07,18:00,Notodden,Skeid,1.0,1.0
2019,3,2019-04-13,15:30,Sandefjord Fotball,Aalesund,1.0,1.0
2019,3,2019-04-14,15:00,Nest-Sotra,HamKam,2.0,0.0
2019,3,2019-04-14,15:00,Kongsvinger,KFUM,0.0,0.0
2019,3,2019-04-14,15:00,Strømmen,Sandnes Ulf,0.0,0.0
2019,3,2019-04-14,15:00,Skeid,Jerv,0.0,0.0
2019,3,2019-04-14,18:00,Start,Raufoss,2.0,1.0
2019,3,2019-04-14,18:00,Tromsdalen,Ullensaker/Kisa,0.0,8.0
2019,3,2019-04-14,18:00,Sogndal,Notodden,4.0,1.0
2019,4,2019-04-22,15:00,KFUM,Nest-Sotra,2.0,1.0
2019,4,2019-04-22,18:00,Sandnes Ulf,Start,2.0,0.0
2019,4,2019-04-22,18:00,Aalesund,Skeid,4.0,2.0
2019,4,2019-04-22,18:00,Raufoss,Strømmen,1.0,0.0
2019,4,2019-04-22,18:00,Jerv,Notodden,3.0,1.0
2019,4,2019-04-22,18:00,Tromsdalen,Sandefjord Fotball,3.0,3.0
2019,4,2019-04-22,18:00,Ullensaker/Kisa,Kongsvinger,0.0,2.0
2019,5,2019-04-27,15:30,Start,Sandefjord Fotball,2.0,2.0
2019,5,2019-04-28,15:00,Notodden,Aalesund,0.0,1.0
2019,5,2019-04-28,18:00,Strømmen,HamKam,0.0,0.0
2019,5,2019-04-28,18:00,Sogndal,Raufoss,1.0,3.0
2019,5,2019-04-28,18:00,Sandnes Ulf,KFUM,2.0,3.0
2019,5,2019-04-28,18:00,Kongsvinger,Jerv,1.0,1.0
2019,5,2019-04-28,18:00,Skeid,Tromsdalen,3.0,0.0
2019,5,2019-04-28,18:00,Nest-Sotra,Ullensaker/Kisa,2.0,0.0
2019,6,2019-05-04,15:30,Aalesund,Sogndal,3.0,1.0
2019,6,2019-05-05,15:00,Sandefjord Fotball,Nest-Sotra,2.0,1.0
2019,6,2019-05-05,18:00,Tromsdalen,Notodden,0.0,2.0
2019,6,2019-05-05,18:00,KFUM,Jerv,5.0,0.0
2019,6,2019-05-05,18:00,Ullensaker/Kisa,Skeid,3.0,2.0
2019,6,2019-05-05,18:00,Raufoss,Kongsvinger,0.0,0.0
2019,6,2019-05-05,18:00,HamKam,Sandnes Ulf,2.0,3.0
2019,6,2019-05-05,18:00,Start,Strømmen,4.0,0.0
2019,4,2019-05-08,18:00,HamKam,Sogndal,0.0,0.0
2019,7,2019-05-11,15:30,Sogndal,KFUM,4.0,2.0
2019,7,2019-05-12,15:00,Strømmen,Aalesund,1.0,2.0
2019,7,2019-05-12,18:00,Notodden,HamKam,1.0,2.0
2019,7,2019-05-12,18:00,Jerv,Ullensaker/Kisa,2.0,0.0
2019,7,2019-05-12,18:00,Nest-Sotra,Start,0.0,1.0
2019,7,2019-05-12,18:00,Sandnes Ulf,Sandefjord Fotball,2.0,4.0
2019,7,2019-05-12,18:00,Kongsvinger,Tromsdalen,3.0,2.0
2019,7,2019-05-12,18:00,Skeid,Raufoss,2.0,3.0
2019,8,2019-05-16,18:00,Raufoss,Sandnes Ulf,2.0,5.0
2019,8,2019-05-16,18:00,KFUM,Strømmen,1.0,0.0
2019,8,2019-05-16,18:00,Ullensaker/Kisa,Notodden,3.0,1.0
2019,8,2019-05-16,18:00,Nest-Sotra,Sogndal,1.0,0.0
2019,8,2019-05-16,18:00,HamKam,Kongsvinger,2.0,0.0
2019,8,2019-05-16,18:00,Start,Jerv,3.0,2.0
2019,8,2019-05-16,18:00,Aalesund,Tromsdalen,5.0,0.0
2019,8,2019-05-16,18:00,Sandefjord Fotball,Skeid,1.0,0.0
2019,9,2019-05-25,15:30,Tromsdalen,KFUM,2.0,3.0
2019,9,2019-05-25,15:30,Ullensaker/Kisa,HamKam,0.0,0.0
2019,9,2019-05-26,18:00,Strømmen,Sandefjord Fotball,2.0,3.0
2019,9,2019-05-26,18:00,Kongsvinger,Nest-Sotra,1.0,0.0
2019,9,2019-05-26,18:00,Notodden,Raufoss,0.0,1.0
2019,9,2019-05-26,18:00,Skeid,Sandnes Ulf,0.0,0.0
2019,9,2019-05-26,18:00,Jerv,Aalesund,0.0,0.0
2019,10,2019-06-01,15:30,Sandnes Ulf,Kongsvinger,1.0,2.0
2019,10,2019-06-02,18:00,Aalesund,Ullensaker/Kisa,1.0,0.0
2019,10,2019-06-02,18:00,Raufoss,Tromsdalen,6.0,4.0
2019,10,2019-06-02,18:00,Start,Skeid,2.0,0.0
2019,10,2019-06-02,18:00,KFUM,Notodden,4.0,1.0
2019,10,2019-06-02,18:00,Nest-Sotra,Strømmen,1.0,1.0
2019,10,2019-06-02,18:00,HamKam,Jerv,2.0,2.0
2019,10,2019-06-02,20:00,Sandefjord Fotball,Sogndal,0.0,3.0
2019,1,2019-06-06,18:00,Tromsdalen,Jerv,1.0,3.0
2019,11,2019-06-15,15:30,Kongsvinger,Start,4.0,2.0
2019,11,2019-06-16,15:00,HamKam,Aalesund,1.0,2.0
2019,11,2019-06-16,18:00,Tromsdalen,Nest-Sotra,2.0,2.0
2019,11,2019-06-16,18:00,Sogndal,Strømmen,4.0,2.0
2019,11,2019-06-16,18:00,Skeid,KFUM,1.0,1.0
2019,11,2019-06-16,18:00,Ullensaker/Kisa,Raufoss,5.0,1.0
2019,11,2019-06-16,18:00,Jerv,Sandnes Ulf,0.0,0.0
2019,11,2019-06-16,18:00,Notodden,Sandefjord Fotball,0.0,2.0
2019,12,2019-06-22,15:30,Sandefjord Fotball,Ullensaker/Kisa,3.0,2.0
2019,12,2019-06-22,15:30,Start,Notodden,0.0,3.0
2019,12,2019-06-23,18:00,Strømmen,Kongsvinger,2.0,0.0
2019,12,2019-06-23,18:00,Nest-Sotra,Jerv,4.0,1.0
2019,12,2019-06-23,18:00,Sogndal,Skeid,4.0,2.0
2019,12,2019-06-23,18:00,Sandnes Ulf,Tromsdalen,3.0,2.0
2019,12,2019-06-23,18:00,Raufoss,Aalesund,2.0,1.0
2019,12,2019-06-23,18:00,KFUM,HamKam,2.0,0.0
2019,13,2019-06-29,15:30,HamKam,Raufoss,1.0,2.0
2019,13,2019-06-30,15:00,Kongsvinger,Sogndal,3.0,0.0
2019,13,2019-06-30,18:00,Aalesund,Sandnes Ulf,3.0,1.0
2019,13,2019-06-30,18:00,Skeid,Nest-Sotra,1.0,2.0
2019,13,2019-06-30,18:00,Tromsdalen,Start,1.0,3.0
2019,13,2019-06-30,18:00,Notodden,Strømmen,3.0,0.0
2019,13,2019-06-30,18:00,Ullensaker/Kisa,KFUM,4.0,2.0
2019,13,2019-06-30,18:00,Jerv,Sandefjord Fotball,0.0,2.0
2019,14,2019-07-21,18:00,Raufoss,Jerv,4.0,2.0
2019,14,2019-07-21,18:00,Nest-Sotra,Notodden,2.0,1.0
2019,14,2019-07-21,18:00,Sogndal,Tromsdalen,5.0,2.0
2019,14,2019-07-21,18:00,Strømmen,Skeid,1.0,1.0
2019,14,2019-07-21,18:00,Sandnes Ulf,Ullensaker/Kisa,2.0,0.0
2019,14,2019-07-21,18:00,KFUM,Aalesund,2.0,4.0
2019,14,2019-07-21,18:00,Start,HamKam,4.0,1.0
2019,14,2019-07-21,20:00,Sandefjord Fotball,Kongsvinger,1.0,0.0
2019,9,2019-07-24,18:00,Sogndal,Start,0.0,1.0
2019,15,2019-07-28,17:00,Tromsdalen,Strømmen,0.0,2.0
2019,15,2019-07-28,18:00,KFUM,Raufoss,2.0,1.0
2019,15,2019-07-28,18:00,HamKam,Sandefjord Fotball,1.0,0.0
2019,15,2019-07-28,18:00,Kongsvinger,Skeid,0.0,2.0
2019,15,2019-07-28,18:00,Notodden,Sandnes Ulf,0.0,4.0
2019,15,2019-07-28,18:00,Aalesund,Nest-Sotra,2.0,0.0
2019,15,2019-07-28,18:00,Jerv,Sogndal,1.0,1.0
2019,15,2019-07-28,20:00,Ullensaker/Kisa,Start,0.0,2.0
2019,16,2019-08-03,15:30,Skeid,Aalesund,0.0,1.0
2019,16,2019-08-04,15:00,Start,Kongsvinger,3.0,1.0
2019,16,2019-08-04,18:00,Sandnes Ulf,HamKam,0.0,2.0
2019,16,2019-08-04,18:00,Raufoss,Notodden,1.0,4.0
2019,16,2019-08-04,18:00,Sogndal,Ullensaker/Kisa,3.0,0.0
2019,16,2019-08-04,18:00,Strømmen,Jerv,3.0,1.0
2019,16,2019-08-04,18:00,Sandefjord Fotball,Tromsdalen,1.0,0.0
2019,16,2019-08-04,18:00,Nest-Sotra,KFUM,2.0,2.0
2019,17,2019-08-09,19:00,Sandefjord Fotball,Start,0.0,0.0
2019,17,2019-08-10,15:30,KFUM,Sandnes Ulf,3.0,0.0
2019,17,2019-08-11,15:00,Kongsvinger,Raufoss,1.0,0.0
2019,17,2019-08-11,18:00,Tromsdalen,Skeid,1.0,0.0
2019,17,2019-08-11,18:00,Notodden,Sogndal,1.0,3.0
2019,17,2019-08-11,18:00,Jerv,HamKam,1.0,0.0
2019,17,2019-08-11,18:00,Aalesund,Strømmen,3.0,1.0
2019,17,2019-08-11,18:00,Ullensaker/Kisa,Nest-Sotra,1.0,1.0
2019,18,2019-08-17,15:30,Sogndal,Aalesund,2.0,3.0
2019,18,2019-08-17,15:30,Skeid,Sandefjord Fotball,2.0,2.0
2019,18,2019-08-18,15:00,HamKam,KFUM,4.0,4.0
2019,18,2019-08-18,18:00,Strømmen,Notodden,1.0,1.0
2019,18,2019-08-18,18:00,Sandnes Ulf,Jerv,2.0,3.0
2019,18,2019-08-18,18:00,Raufoss,Ullensaker/Kisa,4.0,2.0
2019,18,2019-08-18,18:00,Nest-Sotra,Kongsvinger,3.0,0.0
2019,18,2019-08-18,18:00,Start,Tromsdalen,2.0,0.0
2019,19,2019-08-21,18:00,Tromsdalen,Sogndal,0.0,1.0
2019,19,2019-08-21,18:00,Kongsvinger,Strømmen,3.0,2.0
2019,19,2019-08-21,18:00,Notodden,Nest-Sotra,2.0,3.0
2019,19,2019-08-21,18:00,Sandefjord Fotball,Raufoss,1.0,0.0
2019,19,2019-08-21,18:00,Ullensaker/Kisa,Sandnes Ulf,2.0,1.0
2019,19,2019-08-21,18:00,Jerv,KFUM,2.0,2.0
2019,19,2019-08-22,19:00,Skeid,Start,1.0,1.0
2019,20,2019-08-24,15:30,Sandnes Ulf,Aalesund,1.0,2.0
2019,20,2019-08-25,15:00,HamKam,Notodden,1.0,2.0
2019,20,2019-08-25,18:00,Sogndal,Kongsvinger,2.0,1.0
2019,20,2019-08-25,18:00,Strømmen,Tromsdalen,0.0,4.0
2019,20,2019-08-25,18:00,Jerv,Skeid,5.0,1.0
2019,20,2019-08-25,18:00,Nest-Sotra,Sandefjord Fotball,1.0,1.0
2019,20,2019-08-25,18:00,Raufoss,Start,1.0,2.0
2019,20,2019-08-25,18:00,KFUM,Ullensaker/Kisa,5.0,1.0
2019,19,2019-08-28,18:00,Aalesund,HamKam,5.0,2.0
2019,21,2019-08-31,15:30,Start,Sogndal,1.0,0.0
2019,21,2019-08-31,15:30,Skeid,Kongsvinger,0.0,2.0
2019,21,2019-09-01,15:00,Sandefjord Fotball,Sandnes Ulf,3.0,1.0
2019,21,2019-09-01,17:00,Tromsdalen,HamKam,2.0,5.0
2019,21,2019-09-01,18:00,Notodden,KFUM,1.0,1.0
2019,21,2019-09-01,18:00,Ullensaker/Kisa,Strømmen,2.0,2.0
2019,21,2019-09-01,18:00,Aalesund,Jerv,4.0,0.0
2019,21,2019-09-01,18:00,Raufoss,Nest-Sotra,2.0,1.0
2019,22,2019-09-14,15:30,Kongsvinger,Aalesund,1.0,1.0
2019,22,2019-09-15,15:00,KFUM,Skeid,2.0,1.0
2019,22,2019-09-15,15:00,Nest-Sotra,Tromsdalen,2.0,0.0
2019,22,2019-09-15,15:00,Strømmen,Start,0.0,0.0
2019,22,2019-09-15,15:00,Jerv,Raufoss,1.0,0.0
2019,22,2019-09-15,18:00,Sogndal,Sandefjord Fotball,1.0,1.0
2019,22,2019-09-15,18:00,HamKam,Ullensaker/Kisa,2.0,0.0
2019,22,2019-09-15,18:00,Sandnes Ulf,Notodden,1.0,0.0
2019,23,2019-09-18,15:00,Tromsdalen,Sandnes Ulf,1.0,4.0
2019,23,2019-09-18,18:00,Aalesund,KFUM,2.0,1.0
2019,23,2019-09-18,18:00,Sandefjord Fotball,Strømmen,2.0,0.0
2019,23,2019-09-18,18:00,Skeid,Sogndal,2.0,2.0
2019,23,2019-09-18,18:00,Ullensaker/Kisa,Jerv,1.0,0.0
2019,23,2019-09-18,18:00,Start,Nest-Sotra,2.0,0.0
2019,23,2019-09-18,18:00,Notodden,Kongsvinger,2.0,0.0
2019,23,2019-09-18,19:00,Raufoss,HamKam,1.0,2.0
2019,24,2019-09-21,15:30,Kongsvinger,Ullensaker/Kisa,1.0,2.0
2019,24,2019-09-22,15:00,Strømmen,Sogndal,2.0,0.0
2019,24,2019-09-22,15:00,Nest-Sotra,Skeid,2.0,1.0
2019,24,2019-09-22,15:00,HamKam,Start,4.0,0.0
2019,24,2019-09-22,15:00,KFUM,Sandefjord Fotball,3.0,3.0
2019,24,2019-09-22,15:00,Jerv,Tromsdalen,1.0,0.0
2019,24,2019-09-22,18:00,Sandnes Ulf,Raufoss,3.0,1.0
2019,24,2019-09-22,18:00,Aalesund,Notodden,3.0,1.0
2019,25,2019-09-28,15:30,Start,Sandnes Ulf,3.0,2.0
2019,25,2019-09-29,15:00,Tromsdalen,Kongsvinger,1.0,3.0
2019,25,2019-09-29,15:00,Sandefjord Fotball,HamKam,2.0,0.0
2019,25,2019-09-29,18:00,Notodden,Jerv,1.0,1.0
2019,25,2019-09-29,18:00,Ullensaker/Kisa,Aalesund,2.0,2.0
2019,25,2019-09-29,18:00,Sogndal,Nest-Sotra,0.0,1.0
2019,25,2019-09-29,18:00,Raufoss,KFUM,1.0,0.0
2019,25,2019-09-30,19:00,Skeid,Strømmen,1.0,1.0
2019,26,2019-10-05,15:30,Jerv,Start,1.0,7.0
2019,26,2019-10-06,15:00,Strømmen,Nest-Sotra,0.0,2.0
2019,26,2019-10-06,15:00,KFUM,Tromsdalen,1.0,1.0
2019,26,2019-10-06,15:00,HamKam,Skeid,2.0,1.0
2019,26,2019-10-06,18:00,Kongsvinger,Sandefjord Fotball,2.0,3.0
2019,26,2019-10-06,18:00,Sandnes Ulf,Sogndal,0.0,1.0
2019,26,2019-10-06,18:00,Notodden,Ullensaker/Kisa,0.0,0.0
2019,26,2019-10-06,18:00,Aalesund,Raufoss,3.0,1.0
2019,27,2019-10-19,15:30,Kongsvinger,HamKam,2.0,1.0
2019,27,2019-10-20,15:00,Strømmen,Raufoss,2.0,1.0
2019,27,2019-10-20,15:00,Nest-Sotra,Sandnes Ulf,3.0,0.0
2019,27,2019-10-20,18:00,Sogndal,Jerv,4.0,0.0
2019,27,2019-10-20,18:00,Sandefjord Fotball,Notodden,3.0,0.0
2019,27,2019-10-20,18:00,Skeid,Ullensaker/Kisa,1.0,2.0
2019,27,2019-10-20,18:00,Tromsdalen,Aalesund,0.0,1.0
2019,27,2019-10-20,18:00,Start,KFUM,0.0,0.0
2019,28,2019-10-26,18:30,Aalesund,Start,2.0,1.0
2019,28,2019-10-27,14:00,Jerv,Nest-Sotra,0.0,1.0
2019,28,2019-10-27,14:00,Notodden,Tromsdalen,3.0,3.0
2019,28,2019-10-27,14:00,KFUM,Kongsvinger,0.0,1.0
2019,28,2019-10-27,15:00,Ullensaker/Kisa,Sandefjord Fotball,0.0,2.0
2019,28,2019-10-27,18:00,Raufoss,Sogndal,1.0,1.0
2019,28,2019-10-27,18:00,HamKam,Strømmen,1.0,2.0
2019,28,2019-10-27,18:00,Sandnes Ulf,Skeid,3.0,2.0
2019,29,2019-11-02,16:00,Sogndal,HamKam,3.0,0.0
2019,29,2019-11-02,16:00,Strømmen,KFUM,0.0,3.0
2019,29,2019-11-02,16:00,Sandefjord Fotball,Jerv,1.0,0.0
2019,29,2019-11-02,16:00,Skeid,Notodden,2.0,2.0
2019,29,2019-11-02,16:00,Nest-Sotra,Aalesund,0.0,1.0
2019,29,2019-11-02,16:00,Tromsdalen,Raufoss,3.0,0.0
2019,29,2019-11-02,16:00,Kongsvinger,Sandnes Ulf,1.0,2.0
2019,29,2019-11-02,16:00,Start,Ullensaker/Kisa,2.0,1.0
2019,30,2019-11-09,15:30,Notodden,Start,0.0,2.0
2019,30,2019-11-09,15:30,Aalesund,Sandefjord Fotball,3.0,1.0
2019,30,2019-11-09,15:30,Ullensaker/Kisa,Tromsdalen,2.0,0.0
2019,30,2019-11-09,15:30,Jerv,Kongsvinger,0.0,2.0
2019,30,2019-11-09,15:30,HamKam,Nest-Sotra,3.0,2.0
2019,30,2019-11-09,15:30,Sandnes Ulf,Strømmen,0.0,3.0
2019,30,2019-11-09,15:30,Raufoss,Skeid,4.0,5.0
2019,30,2019-11-09,15:30,KFUM,Sogndal,1.0,0.0
2020,1,2020-07-03,18:00,KFUM,Jerv,2.0,1.0
2020,1,2020-07-03,18:00,Stjørdals-Blink,Ranheim,2.0,3.0
2020,1,2020-07-03,18:00,Tromsø,Raufoss,1.0,0.0
2020,1,2020-07-03,18:00,Ullensaker/Kisa,Strømmen,4.0,0.0
2020,1,2020-07-03,18:00,Grorud,Lillestrøm,0.0,1.0
2020,1,2020-07-03,18:00,Sandnes Ulf,Øygarden FK,4.0,3.0
2020,1,2020-07-03,18:00,Åsane,Sogndal,1.0,4.0
2020,1,2020-07-03,20:30,HamKam,Kongsvinger,2.0,3.0
2020,2,2020-07-06,18:00,Jerv,Sandnes Ulf,2.0,2.0
2020,2,2020-07-06,18:00,Kongsvinger,Tromsø,0.0,2.0
2020,2,2020-07-06,18:00,Strømmen,KFUM,2.0,1.0
2020,2,2020-07-06,18:00,Øygarden FK,Åsane,0.0,2.0
2020,2,2020-07-06,18:00,Ranheim,Grorud,5.0,3.0
2020,2,2020-07-06,18:00,Raufoss,Stjørdals-Blink,3.0,1.0
2020,2,2020-07-06,18:00,Sogndal,Ullensaker/Kisa,6.0,1.0
2020,2,2020-07-07,19:00,Lillestrøm,HamKam,2.0,0.0
2020,3,2020-07-13,18:00,Grorud,Sogndal,3.0,1.0
2020,3,2020-07-13,18:00,HamKam,Øygarden FK,3.0,4.0
2020,3,2020-07-13,18:00,Stjørdals-Blink,Kongsvinger,5.0,2.0
2020,3,2020-07-13,18:00,Tromsø,Strømmen,1.0,0.0
2020,3,2020-07-13,18:00,Åsane,Ranheim,0.0,3.0
2020,3,2020-07-13,18:00,KFUM,Raufoss,2.0,1.0
2020,3,2020-07-13,18:00,Ullensaker/Kisa,Jerv,2.0,2.0
2020,3,2020-07-14,19:00,Sandnes Ulf,Lillestrøm,1.0,1.0
2020,4,2020-07-20,18:00,Kongsvinger,Grorud,0.0,1.0
2020,4,2020-07-20,18:00,Lillestrøm,Stjørdals-Blink,0.0,1.0
2020,4,2020-07-20,18:00,Sogndal,Sandnes Ulf,0.0,2.0
2020,4,2020-07-20,18:00,Ullensaker/Kisa,KFUM,1.0,1.0
2020,4,2020-07-20,18:00,Øygarden FK,Raufoss,4.0,4.0
2020,4,2020-07-20,18:00,Jerv,HamKam,3.0,2.0
2020,4,2020-07-20,18:00,Strømmen,Åsane,0.0,3.0
2020,4,2020-07-21,19:00,Ranheim,Tromsø,1.0,2.0
2020,5,2020-07-27,18:00,Grorud,Jerv,0.0,3.0
2020,5,2020-07-27,18:00,KFUM,Sogndal,4.0,1.0
2020,5,2020-07-27,18:00,Sandnes Ulf,Ullensaker/Kisa,2.0,1.0
2020,5,2020-07-27,18:00,Stjørdals-Blink,Strømmen,2.0,1.0
2020,5,2020-07-27,18:00,Tromsø,Øygarden FK,1.0,0.0
2020,5,2020-07-27,18:00,Åsane,Lillestrøm,3.0,1.0
2020,5,2020-07-27,18:00,Raufoss,Kongsvinger,2.0,0.0
2020,5,2020-07-28,19:00,HamKam,Ranheim,3.0,4.0
2020,6,2020-07-31,18:00,Sogndal,Raufoss,1.0,0.0
2020,6,2020-07-31,18:00,Strømmen,Sandnes Ulf,4.0,0.0
2020,6,2020-07-31,18:00,KFUM,Åsane,0.0,0.0
2020,6,2020-07-31,18:00,Ranheim,Kongsvinger,3.0,2.0
2020,6,2020-07-31,18:00,Tromsø,Stjørdals-Blink,4.0,2.0
2020,6,2020-07-31,18:00,Ullensaker/Kisa,HamKam,2.0,2.0
2020,6,2020-07-31,18:00,Øygarden FK,Grorud,1.0,1.0
2020,6,2020-07-31,20:30,Jerv,Lillestrøm,2.0,2.0
2020,7,2020-08-03,18:00,HamKam,KFUM,2.0,2.0
2020,7,2020-08-03,18:00,Kongsvinger,Øygarden FK,1.0,1.0
2020,7,2020-08-03,18:00,Raufoss,Strømmen,1.0,1.0
2020,7,2020-08-03,18:00,Sandnes Ulf,Ranheim,2.0,1.0
2020,7,2020-08-03,18:00,Grorud,Ullensaker/Kisa,3.0,1.0
2020,7,2020-08-03,18:00,Stjørdals-Blink,Jerv,2.0,2.0
2020,7,2020-08-03,18:00,Åsane,Tromsø,0.0,1.0
2020,7,2020-08-04,19:00,Lillestrøm,Sogndal,0.0,2.0
2020,8,2020-08-10,18:00,Ranheim,Raufoss,3.0,0.0
2020,8,2020-08-10,18:00,Strømmen,Grorud,2.0,1.0
2020,8,2020-08-10,18:00,Tromsø,Sandnes Ulf,5.0,0.0
2020,8,2020-08-10,18:00,Ullensaker/Kisa,Åsane,0.0,3.0
2020,8,2020-08-10,18:00,Jerv,Kongsvinger,1.0,1.0
2020,8,2020-08-10,18:00,Sogndal,HamKam,4.0,2.0
2020,8,2020-08-10,18:00,Øygarden FK,Stjørdals-Blink,0.0,1.0
2020,8,2020-08-11,19:00,KFUM,Lillestrøm,1.0,2.0
2020,9,2020-08-14,18:00,Kongsvinger,Strømmen,2.0,1.0
2020,9,2020-08-14,18:00,Stjørdals-Blink,Sogndal,2.0,2.0
2020,9,2020-08-14,18:00,Åsane,HamKam,2.0,2.0
2020,9,2020-08-14,18:00,Grorud,Tromsø,2.0,0.0
2020,9,2020-08-14,18:00,Ranheim,Øygarden FK,6.0,1.0
2020,9,2020-08-14,18:00,Raufoss,Jerv,1.0,1.0
2020,9,2020-08-14,18:00,Sandnes Ulf,KFUM,3.0,1.0
2020,9,2020-08-14,20:30,Lillestrøm,Ullensaker/Kisa,2.0,2.0
2020,10,2020-08-17,18:00,Sogndal,Ranheim,4.0,0.0
2020,10,2020-08-17,18:00,Ullensaker/Kisa,Stjørdals-Blink,2.0,1.0
2020,10,2020-08-17,18:00,HamKam,Grorud,1.0,1.0
2020,10,2020-08-17,18:00,Jerv,Tromsø,1.0,0.0
2020,10,2020-08-17,18:00,Lillestrøm,Raufoss,2.0,2.0
2020,10,2020-08-17,18:00,Strømmen,Øygarden FK,2.0,2.0
2020,10,2020-08-17,18:00,Åsane,Sandnes Ulf,4.0,1.0
2020,10,2020-08-18,19:00,KFUM,Kongsvinger,1.0,1.0
2020,11,2020-08-24,18:00,Sandnes Ulf,HamKam,1.0,2.0
2020,11,2020-08-24,18:00,Stjørdals-Blink,Åsane,2.0,2.0
2020,11,2020-08-24,18:00,Tromsø,Sogndal,2.0,2.0
2020,11,2020-08-24,18:00,Grorud,KFUM,3.0,0.0
2020,11,2020-08-24,18:00,Ranheim,Strømmen,5.0,1.0
2020,11,2020-08-24,18:00,Raufoss,Ullensaker/Kisa,1.0,1.0
2020,11,2020-08-24,18:00,Øygarden FK,Jerv,1.0,0.0
2020,11,2020-08-24,20:30,Kongsvinger,Lillestrøm,0.0,3.0
2020,12,2020-08-27,18:00,Jerv,Ranheim,1.0,6.0
2020,12,2020-08-27,18:00,Lillestrøm,Strømmen,1.0,0.0
2020,12,2020-08-27,18:00,Ullensaker/Kisa,Kongsvinger,0.0,2.0
2020,12,2020-08-27,18:00,KFUM,Stjørdals-Blink,0.0,1.0
2020,12,2020-08-27,18:00,Sandnes Ulf,Raufoss,2.0,1.0
2020,12,2020-08-27,18:00,Sogndal,Øygarden FK,2.0,0.0
2020,12,2020-08-27,18:00,Åsane,Grorud,1.0,1.0
2020,12,2020-08-27,18:30,HamKam,Tromsø,0.0,2.0
2020,13,2020-08-30,15:00,Grorud,Sandnes Ulf,1.0,1.0
2020,13,2020-08-30,15:00,Kongsvinger,Sogndal,0.0,0.0
2020,13,2020-08-30,15:00,Ranheim,KFUM,0.0,1.0
2020,13,2020-08-30,15:00,Stjørdals-Blink,HamKam,0.0,1.0
2020,13,2020-08-30,15:00,Strømmen,Jerv,5.0,2.0
2020,13,2020-08-30,15:00,Tromsø,Ullensaker/Kisa,2.0,1.0
2020,13,2020-08-30,15:00,Øygarden FK,Lillestrøm,0.0,0.0
2020,13,2020-08-30,15:00,Raufoss,Åsane,3.0,1.0
2020,14,2020-09-08,17:00,Grorud,Stjørdals-Blink,1.0,1.0
2020,14,2020-09-08,17:30,KFUM,Tromsø,1.0,1.0
2020,14,2020-09-08,18:00,Lillestrøm,Ranheim,3.0,1.0
2020,14,2020-09-08,18:00,Ullensaker/Kisa,Øygarden FK,6.0,1.0
2020,14,2020-09-08,18:00,HamKam,Raufoss,0.0,1.0
2020,14,2020-09-08,18:00,Sandnes Ulf,Kongsvinger,1.0,0.0
2020,14,2020-09-08,18:00,Sogndal,Strømmen,3.0,0.0
2020,14,2020-09-08,18:00,Åsane,Jerv,5.0,1.0
2020,15,2020-09-14,17:00,Strømmen,HamKam,3.0,0.0
2020,15,2020-09-14,18:00,Jerv,Sogndal,0.0,3.0
2020,15,2020-09-14,18:00,Ranheim,Ullensaker/Kisa,2.0,3.0
2020,15,2020-09-14,18:00,Raufoss,Grorud,2.0,2.0
2020,15,2020-09-14,18:00,Øygarden FK,KFUM,3.0,1.0
2020,15,2020-09-14,18:00,Kongsvinger,Åsane,2.0,4.0
2020,15,2020-09-14,18:00,Stjørdals-Blink,Sandnes Ulf,5.0,4.0
2020,15,2020-09-15,19:00,Tromsø,Lillestrøm,0.0,1.0
2020,16,2020-09-21,17:00,Grorud,Ranheim,0.0,2.0
2020,16,2020-09-21,17:00,Åsane,Øygarden FK,3.0,1.0
2020,16,2020-09-21,17:00,KFUM,Strømmen,1.0,2.0
2020,16,2020-09-21,18:00,Lillestrøm,Kongsvinger,2.0,0.0
2020,16,2020-09-21,18:00,Sogndal,Stjørdals-Blink,3.0,2.0
2020,16,2020-09-21,18:00,Ullensaker/Kisa,Raufoss,1.0,4.0
2020,16,2020-09-21,20:00,Sandnes Ulf,Tromsø,0.0,3.0
2020,17,2020-09-25,17:00,Strømmen,Lillestrøm,1.0,4.0
2020,17,2020-09-25,18:00,Ranheim,Åsane,3.0,1.0
2020,17,2020-09-25,18:00,Raufoss,Sandnes Ulf,0.0,0.0
2020,17,2020-09-25,18:00,Tromsø,Grorud,3.0,1.0
2020,17,2020-09-25,18:00,Øygarden FK,Sogndal,0.0,1.0
2020,17,2020-09-25,18:00,Stjørdals-Blink,KFUM,4.0,1.0
2020,17,2020-09-25,20:30,Kongsvinger,HamKam,1.0,2.0
2020,18,2020-09-28,16:00,Åsane,Raufoss,0.0,1.0
2020,18,2020-09-28,16:30,KFUM,Sandnes Ulf,1.0,0.0
2020,18,2020-09-28,16:30,Strømmen,Ranheim,1.0,1.0
2020,18,2020-09-28,16:30,Grorud,Øygarden FK,4.0,3.0
2020,18,2020-09-28,18:00,HamKam,Stjørdals-Blink,2.0,2.0
2020,18,2020-09-28,18:00,Sogndal,Kongsvinger,5.0,2.0
2020,18,2020-09-29,19:00,Ullensaker/Kisa,Tromsø,0.0,7.0
2020,19,2020-10-03,15:30,Jerv,Strømmen,1.0,0.0
2020,19,2020-10-03,15:30,Raufoss,HamKam,0.0,2.0
2020,19,2020-10-03,15:30,Sandnes Ulf,Grorud,3.0,1.0
2020,19,2020-10-03,15:30,Stjørdals-Blink,Lillestrøm,1.0,4.0
2020,19,2020-10-03,15:30,Ranheim,Sogndal,1.0,0.0
2020,19,2020-10-03,15:30,Tromsø,Åsane,5.0,4.0
2020,19,2020-10-03,15:30,Øygarden FK,Ullensaker/Kisa,2.0,1.0
2020,19,2020-10-04,15:00,Kongsvinger,KFUM,1.0,2.0
2020,16,2020-10-07,18:00,HamKam,Jerv,2.0,3.0
2020,20,2020-10-10,15:30,Jerv,Raufoss,4.0,2.0
2020,20,2020-10-11,15:30,KFUM,Grorud,3.0,1.0
2020,20,2020-10-11,15:30,Sogndal,Tromsø,1.0,1.0
2020,20,2020-10-11,15:30,Strømmen,Kongsvinger,0.0,0.0
2020,20,2020-10-11,15:30,Ullensaker/Kisa,Ranheim,1.0,0.0
2020,20,2020-10-11,15:30,Åsane,Stjørdals-Blink,2.0,1.0
2020,20,2020-10-11,15:30,HamKam,Sandnes Ulf,2.0,0.0
2020,20,2020-10-11,15:30,Lillestrøm,Øygarden FK,3.0,0.0
2020,17,2020-10-14,18:00,Jerv,Ullensaker/Kisa,2.0,1.0
2020,21,2020-10-17,15:30,Grorud,HamKam,1.0,2.0
2020,21,2020-10-17,15:30,Kongsvinger,Jerv,1.0,1.0
2020,21,2020-10-17,15:30,Raufoss,Sogndal,2.0,1.0
2020,21,2020-10-17,15:30,Sandnes Ulf,Åsane,1.0,1.0
2020,21,2020-10-17,15:30,Tromsø,KFUM,1.0,1.0
2020,21,2020-10-17,15:30,Øygarden FK,Strømmen,1.0,4.0
2020,21,2020-10-18,15:00,Ranheim,Lillestrøm,1.0,1.0
2020,21,2020-10-18,15:00,Stjørdals-Blink,Ullensaker/Kisa,1.0,2.0
2020,22,2020-10-24,14:00,Åsane,KFUM,1.0,1.0
2020,22,2020-10-24,14:00,Strømmen,Raufoss,3.0,2.0
2020,22,2020-10-24,15:30,Ullensaker/Kisa,Grorud,2.0,1.0
2020,22,2020-10-24,15:30,HamKam,Sogndal,2.0,1.0
2020,22,2020-10-24,15:30,Jerv,Øygarden FK,4.0,2.0
2020,22,2020-10-24,15:30,Stjørdals-Blink,Tromsø,4.0,2.0
2020,22,2020-10-24,15:30,Kongsvinger,Ranheim,1.0,0.0
2020,22,2020-10-25,15:00,Lillestrøm,Sandnes Ulf,4.0,2.0
2020,23,2020-10-28,14:00,Grorud,Åsane,1.0,4.0
2020,23,2020-10-28,14:00,KFUM,Ullensaker/Kisa,3.0,0.0
2020,23,2020-10-28,18:00,Sogndal,Jerv,1.0,0.0
2020,23,2020-10-28,18:00,Tromsø,HamKam,3.0,1.0
2020,23,2020-10-28,18:00,Øygarden FK,Kongsvinger,1.0,1.0
2020,23,2020-10-28,18:00,Raufoss,Lillestrøm,2.0,0.0
2020,23,2020-10-28,18:00,Sandnes Ulf,Strømmen,2.0,2.0
2020,23,2020-10-28,20:00,Ranheim,Stjørdals-Blink,2.0,2.0
2020,24,2020-11-01,14:00,Strømmen,Sogndal,1.0,1.0
2020,24,2020-11-01,15:00,Jerv,KFUM,0.0,1.0
2020,24,2020-11-01,15:00,Lillestrøm,Tromsø,3.0,0.0
2020,24,2020-11-01,15:00,Stjørdals-Blink,Grorud,2.0,3.0
2020,24,2020-11-01,15:00,Ullensaker/Kisa,Sandnes Ulf,3.0,0.0
2020,24,2020-11-01,15:00,HamKam,Åsane,2.0,1.0
2020,24,2020-11-01,15:00,Kongsvinger,Raufoss,3.0,3.0
2020,24,2020-11-01,15:00,Øygarden FK,Ranheim,0.0,0.0
2020,25,2020-11-04,13:00,KFUM,HamKam,1.0,1.0
2020,25,2020-11-04,13:00,Åsane,Ullensaker/Kisa,4.0,2.0
2020,25,2020-11-04,18:00,Ranheim,Jerv,5.0,0.0
2020,25,2020-11-04,18:00,Raufoss,Øygarden FK,1.0,2.0
2020,25,2020-11-04,18:00,Tromsø,Kongsvinger,1.0,0.0
2020,25,2020-11-04,20:00,Sogndal,Lillestrøm,0.0,1.0
2020,26,2020-11-07,15:30,Raufoss,Ranheim,0.0,0.0
2020,26,2020-11-07,15:30,Sogndal,KFUM,3.0,0.0
2020,26,2020-11-07,15:30,HamKam,Ullensaker/Kisa,3.0,1.0
2020,26,2020-11-07,15:30,Øygarden FK,Tromsø,1.0,1.0
2020,26,2020-11-08,15:00,Kongsvinger,Sandnes Ulf,1.0,1.0
2020,26,2020-11-08,15:00,Lillestrøm,Åsane,1.0,1.0
2020,27,2020-11-15,13:00,Grorud,Raufoss,1.0,6.0
2020,27,2020-11-15,13:00,KFUM,Ranheim,1.0,1.0
2020,27,2020-11-15,13:00,Åsane,Kongsvinger,2.0,2.0
2020,27,2020-11-15,15:30,HamKam,Strømmen,1.0,1.0
2020,27,2020-11-15,15:30,Stjørdals-Blink,Øygarden FK,0.0,0.0
2020,27,2020-11-15,15:30,Tromsø,Jerv,1.0,0.0
2020,27,2020-11-15,15:30,Sandnes Ulf,Sogndal,2.0,1.0
2020,27,2020-11-15,18:00,Ullensaker/Kisa,Lillestrøm,1.0,0.0
2020,25,2020-11-18,13:00,Grorud,Strømmen,2.0,1.0
2020,18,2020-11-18,18:00,Lillestrøm,Jerv,1.0,0.0
2020,25,2020-11-18,18:00,Sandnes Ulf,Stjørdals-Blink,4.0,1.0
2020,28,2020-11-21,13:00,Strømmen,Ullensaker/Kisa,3.0,1.0
2020,28,2020-11-21,15:30,Kongsvinger,Stjørdals-Blink,3.0,2.0
2020,28,2020-11-21,15:30,Ranheim,HamKam,1.0,1.0
2020,28,2020-11-21,15:30,Sogndal,Grorud,2.0,1.0
2020,28,2020-11-21,15:30,Øygarden FK,Sandnes Ulf,2.0,1.0
2020,28,2020-11-22,15:00,Raufoss,Tromsø,1.0,1.0
2020,29,2020-11-28,15:00,Tromsø,Ranheim,3.0,0.0
2020,28,2020-12-02,18:00,Lillestrøm,KFUM,2.0,0.0
2020,26,2020-12-03,18:00,Jerv,Grorud,2.0,0.0
2020,29,2020-12-06,15:00,HamKam,Lillestrøm,1.0,1.0
2020,29,2020-12-07,13:00,Sandnes Ulf,Jerv,3.0,1.0
2020,29,2020-12-07,13:00,Åsane,Strømmen,1.0,4.0
2020,29,2020-12-07,13:00,Stjørdals-Blink,Raufoss,0.0,2.0
2020,29,2020-12-07,13:00,Grorud,Kongsvinger,4.0,0.0
2020,29,2020-12-07,13:00,KFUM,Øygarden FK,6.0,0.0
2020,29,2020-12-07,13:00,Ullensaker/Kisa,Sogndal,2.0,0.0
2020,26,2020-12-10,13:00,Strømmen,Stjørdals-Blink,1.0,1.0
2020,28,2020-12-10,19:30,Jerv,Åsane,0.0,2.0
2020,30,2020-12-13,13:00,Jerv,Stjørdals-Blink,1.0,1.0
2020,30,2020-12-13,13:00,Strømmen,Tromsø,1.0,4.0
2020,30,2020-12-13,13:00,Sogndal,Åsane,2.0,2.0
2020,30,2020-12-13,13:00,Lillestrøm,Grorud,1.0,1.0
2020,30,2020-12-13,13:00,Raufoss,KFUM,5.0,4.0
2020,30,2020-12-13,13:00,Øygarden FK,HamKam,1.0,3.0
2020,30,2020-12-13,13:00,Kongsvinger,Ullensaker/Kisa,3.0,0.0
2020,30,2020-12-13,13:00,Ranheim,Sandnes Ulf,1.0,1.0
2021,1,2021-05-15,15:30,Aalesund,Bryne,2.0,1.0
2021,1,2021-05-15,18:00,Jerv,KFUM,1.0,1.0
2021,1,2021-05-15,18:00,Åsane,Fredrikstad,2.0,3.0
2021,1,2021-05-15,18:00,HamKam,Stjørdals-Blink,3.0,0.0
2021,1,2021-05-15,18:00,Ranheim,Grorud,1.0,0.0
2021,1,2021-05-15,18:00,Sogndal,Ullensaker/Kisa,1.0,1.0
2021,1,2021-05-15,18:00,Strømmen,Raufoss,1.0,1.0
2021,1,2021-05-15,20:00,Sandnes Ulf,Start,1.0,2.0
2021,2,2021-05-19,18:00,Start,Jerv,2.0,4.0
2021,2,2021-05-19,18:00,Bryne,Ranheim,5.0,2.0
2021,2,2021-05-19,18:00,Stjørdals-Blink,Sogndal,2.0,1.0
2021,2,2021-05-19,18:00,KFUM,HamKam,0.0,2.0
2021,2,2021-05-19,18:00,Raufoss,Aalesund,4.0,2.0
2021,2,2021-05-20,18:00,Fredrikstad,Sandnes Ulf,2.0,1.0
2021,2,2021-05-20,18:00,Ullensaker/Kisa,Åsane,0.0,1.0
2021,2,2021-05-20,18:00,Grorud,Strømmen,1.0,0.0
2021,3,2021-05-23,18:00,Aalesund,KFUM,1.0,0.0
2021,3,2021-05-25,18:00,HamKam,Grorud,2.0,2.0
2021,3,2021-05-25,18:00,Strømmen,Bryne,0.0,2.0
2021,3,2021-05-25,18:00,Åsane,Raufoss,2.0,1.0
2021,3,2021-05-25,18:00,Jerv,Stjørdals-Blink,2.0,1.0
2021,3,2021-05-26,19:00,Sandnes Ulf,Ullensaker/Kisa,2.0,1.0
2021,3,2021-05-26,19:00,Sogndal,Fredrikstad,1.0,2.0
2021,4,2021-05-29,15:30,Sogndal,Sandnes Ulf,2.0,2.0
2021,4,2021-05-29,15:30,Bryne,HamKam,1.0,1.0
2021,4,2021-05-29,15:30,Raufoss,Grorud,2.0,4.0
2021,4,2021-05-29,15:30,Stjørdals-Blink,Åsane,0.0,1.0
2021,4,2021-05-30,15:00,Strømmen,Ranheim,0.0,0.0
2021,4,2021-05-30,15:00,Fredrikstad,Jerv,4.0,0.0
2021,4,2021-05-30,15:00,Start,Aalesund,2.0,0.0
2021,4,2021-05-31,19:00,KFUM,Ullensaker/Kisa,4.0,0.0
2021,3,2021-06-02,17:00,Ranheim,Start,1.0,1.0
2021,5,2021-06-12,18:00,Jerv,Bryne,2.0,1.0
2021,5,2021-06-12,18:00,Ranheim,Sogndal,0.0,4.0
2021,5,2021-06-12,18:00,Sandnes Ulf,Raufoss,1.0,1.0
2021,5,2021-06-12,18:00,Åsane,Start,2.0,0.0
2021,5,2021-06-12,18:00,Grorud,KFUM,2.0,2.0
2021,5,2021-06-12,18:00,HamKam,Strømmen,2.0,0.0
2021,5,2021-06-12,18:00,Ullensaker/Kisa,Stjørdals-Blink,4.0,1.0
2021,5,2021-06-12,20:00,Aalesund,Fredrikstad,2.0,2.0
2021,6,2021-06-18,18:00,Bryne,Grorud,3.0,2.0
2021,6,2021-06-18,18:00,Raufoss,Jerv,3.0,0.0
2021,6,2021-06-18,18:00,Sogndal,Aalesund,2.0,0.0
2021,6,2021-06-18,18:00,Start,Ullensaker/Kisa,1.0,3.0
2021,6,2021-06-18,18:00,Stjørdals-Blink,Sandnes Ulf,1.0,2.0
2021,6,2021-06-18,18:00,KFUM,Ranheim,2.0,1.0
2021,6,2021-06-18,18:00,Strømmen,Åsane,1.0,0.0
2021,6,2021-06-18,20:00,Fredrikstad,HamKam,0.0,1.0
2021,7,2021-06-22,18:00,Grorud,Start,1.0,4.0
2021,7,2021-06-22,18:00,Aalesund,Stjørdals-Blink,5.0,1.0
2021,7,2021-06-22,18:00,Ullensaker/Kisa,Fredrikstad,3.0,2.0
2021,7,2021-06-22,18:00,Jerv,Strømmen,1.0,1.0
2021,7,2021-06-22,18:00,Ranheim,Raufoss,4.0,2.0
2021,7,2021-06-22,18:00,Bryne,KFUM,1.0,1.0
2021,7,2021-06-22,18:00,Åsane,Sandnes Ulf,2.0,2.0
2021,7,2021-06-22,20:00,HamKam,Sogndal,2.0,1.0
2021,8,2021-06-26,15:00,Raufoss,HamKam,2.0,1.0
2021,8,2021-06-27,15:00,Fredrikstad,Grorud,2.0,2.0
2021,8,2021-06-27,15:00,Sogndal,Åsane,3.0,1.0
2021,8,2021-06-27,15:00,Stjørdals-Blink,Ranheim,1.0,0.0
2021,8,2021-06-27,15:00,Ullensaker/Kisa,Aalesund,0.0,1.0
2021,8,2021-06-27,15:00,KFUM,Strømmen,1.0,1.0
2021,8,2021-06-27,15:00,Sandnes Ulf,Jerv,0.0,2.0
2021,8,2021-06-27,15:00,Start,Bryne,2.0,3.0
2021,9,2021-07-02,18:00,Jerv,Sogndal,1.0,0.0
2021,9,2021-07-02,18:00,Strømmen,Start,2.0,1.0
2021,9,2021-07-02,18:00,Aalesund,Åsane,2.0,0.0
2021,9,2021-07-02,18:00,Bryne,Stjørdals-Blink,1.0,0.0
2021,9,2021-07-02,18:00,Grorud,Sandnes Ulf,1.0,0.0
2021,9,2021-07-02,18:00,HamKam,Ullensaker/Kisa,3.0,0.0
2021,9,2021-07-02,18:00,KFUM,Raufoss,3.0,2.0
2021,9,2021-07-02,20:00,Ranheim,Fredrikstad,1.0,1.0
2021,10,2021-07-05,18:00,Start,HamKam,1.0,4.0
2021,10,2021-07-05,18:00,Åsane,Jerv,0.0,1.0
2021,10,2021-07-05,18:00,Stjørdals-Blink,Grorud,2.0,0.0
2021,10,2021-07-05,18:00,Fredrikstad,KFUM,2.0,1.0
2021,10,2021-07-05,18:00,Raufoss,Bryne,4.0,1.0
2021,10,2021-07-05,18:00,Sogndal,Strømmen,1.0,1.0
2021,10,2021-07-05,18:00,Ullensaker/Kisa,Ranheim,1.0,1.0
2021,10,2021-07-05,20:00,Sandnes Ulf,Aalesund,0.0,0.0
2021,11,2021-07-11,15:00,HamKam,Åsane,1.0,2.0
2021,11,2021-07-12,18:00,Jerv,Ullensaker/Kisa,3.0,3.0
2021,11,2021-07-12,18:00,Raufoss,Fredrikstad,0.0,1.0
2021,11,2021-07-12,18:00,Ranheim,Sandnes Ulf,4.0,0.0
2021,11,2021-07-12,18:00,Strømmen,Stjørdals-Blink,1.0,2.0
2021,11,2021-07-12,18:00,Bryne,Sogndal,0.0,1.0
2021,11,2021-07-12,18:00,Grorud,Aalesund,1.0,2.0
2021,11,2021-07-12,20:00,KFUM,Start,0.0,2.0
2021,12,2021-07-17,15:00,Aalesund,Jerv,1.0,1.0
2021,12,2021-07-17,15:00,Sandnes Ulf,HamKam,1.0,2.0
2021,12,2021-07-17,15:00,Sogndal,Grorud,1.0,0.0
2021,12,2021-07-17,15:00,Start,Raufoss,1.0,1.0
2021,12,2021-07-17,15:00,Stjørdals-Blink,KFUM,1.0,1.0
2021,12,2021-07-17,15:00,Ullensaker/Kisa,Strømmen,0.0,0.0
2021,12,2021-07-17,15:00,Åsane,Ranheim,1.0,3.0
2021,12,2021-07-18,15:00,Fredrikstad,Bryne,3.0,1.0
2021,13,2021-07-21,18:00,Bryne,Sandnes Ulf,0.0,1.0
2021,13,2021-07-21,18:00,Raufoss,Sogndal,1.0,2.0
2021,13,2021-07-21,18:00,Strømmen,Fredrikstad,1.0,1.0
2021,13,2021-07-21,18:00,Start,Stjørdals-Blink,4.0,1.0
2021,13,2021-07-21,18:00,Grorud,Ullensaker/Kisa,0.0,2.0
2021,13,2021-07-21,18:00,KFUM,Åsane,3.0,1.0
2021,13,2021-07-21,18:00,Ranheim,Jerv,3.0,4.0
2021,13,2021-07-21,20:00,HamKam,Aalesund,2.0,3.0
2021,14,2021-08-18,18:00,Sandnes Ulf,Strømmen,3.0,2.0
2021,14,2021-08-18,18:00,Aalesund,Ranheim,1.0,1.0
2021,14,2021-08-18,18:00,Jerv,HamKam,0.0,2.0
2021,14,2021-08-18,18:00,Sogndal,KFUM,3.0,2.0
2021,14,2021-08-18,18:00,Stjørdals-Blink,Raufoss,0.0,1.0
2021,14,2021-08-18,18:00,Åsane,Grorud,3.0,1.0
2021,14,2021-08-18,20:00,Fredrikstad,Start,2.0,2.0
2021,15,2021-08-22,15:00,Raufoss,Ullensaker/Kisa,0.0,2.0
2021,15,2021-08-22,15:00,Start,Sogndal,1.0,1.0
2021,15,2021-08-23,18:00,Grorud,Jerv,2.0,3.0
2021,15,2021-08-23,18:00,KFUM,Sandnes Ulf,1.0,1.0
2021,15,2021-08-23,18:00,Fredrikstad,Stjørdals-Blink,5.0,1.0
2021,15,2021-08-23,18:00,Strømmen,Aalesund,0.0,0.0
2021,15,2021-08-23,18:00,Bryne,Åsane,1.0,1.0
2021,15,2021-08-23,20:00,Ranheim,HamKam,0.0,4.0
2021,14,2021-08-26,18:00,Ullensaker/Kisa,Bryne,2.0,1.0
2021,16,2021-08-28,15:00,Sandnes Ulf,Grorud,2.0,3.0
2021,16,2021-08-28,15:00,Sogndal,Ranheim,1.0,2.0
2021,16,2021-08-28,15:00,Aalesund,Raufoss,4.0,2.0
2021,16,2021-08-28,15:00,Jerv,Fredrikstad,3.0,2.0
2021,16,2021-08-28,15:00,Åsane,Strømmen,2.0,1.0
2021,16,2021-08-29,15:00,Ullensaker/Kisa,KFUM,0.0,1.0
2021,16,2021-08-29,15:00,HamKam,Start,3.0,2.0
2021,16,2021-08-29,15:00,Stjørdals-Blink,Bryne,2.0,1.0
2021,17,2021-09-11,15:00,Ranheim,Ullensaker/Kisa,5.0,1.0
2021,17,2021-09-11,15:00,Strømmen,Jerv,2.0,3.0
2021,17,2021-09-11,15:00,Bryne,Aalesund,2.0,3.0
2021,17,2021-09-11,15:00,Grorud,Stjørdals-Blink,1.0,2.0
2021,17,2021-09-11,15:00,Raufoss,Sandnes Ulf,1.0,0.0
2021,17,2021-09-11,15:00,Start,KFUM,2.0,3.0
2021,17,2021-09-11,15:00,Åsane,HamKam,0.0,4.0
2021,17,2021-09-12,15:00,Fredrikstad,Sogndal,2.0,1.0
2021,18,2021-09-15,17:00,KFUM,Fredrikstad,2.0,1.0
2021,18,2021-09-15,18:00,Aalesund,Grorud,6.0,2.0
2021,18,2021-09-15,18:00,HamKam,Bryne,3.0,0.0
2021,18,2021-09-15,18:00,Jerv,Åsane,3.0,1.0
2021,18,2021-09-15,18:00,Sandnes Ulf,Ranheim,5.0,4.0
2021,18,2021-09-15,18:00,Sogndal,Raufoss,2.0,1.0
2021,18,2021-09-15,18:00,Stjørdals-Blink,Strømmen,1.0,1.0
2021,18,2021-09-15,20:00,Ullensaker/Kisa,Start,1.0,3.0
2021,19,2021-09-18,15:00,Grorud,Sogndal,1.0,2.0
2021,19,2021-09-18,15:00,Raufoss,KFUM,5.0,1.0
2021,19,2021-09-18,15:00,Åsane,Aalesund,1.0,6.0
2021,19,2021-09-18,15:00,Bryne,Start,4.0,2.0
2021,19,2021-09-18,15:00,Jerv,Sandnes Ulf,1.0,0.0
2021,19,2021-09-18,15:00,Strømmen,HamKam,0.0,0.0
2021,19,2021-09-18,18:00,Ranheim,Stjørdals-Blink,1.0,0.0
2021,19,2021-09-19,15:00,Fredrikstad,Ullensaker/Kisa,2.0,0.0
2021,20,2021-09-25,15:00,Aalesund,Strømmen,3.0,2.0
2021,20,2021-09-25,15:00,Ranheim,Åsane,2.0,2.0
2021,20,2021-09-25,15:00,Sogndal,Bryne,0.0,0.0
2021,20,2021-09-25,15:00,KFUM,Grorud,2.0,0.0
2021,20,2021-09-25,15:00,Sandnes Ulf,Stjørdals-Blink,2.0,1.0
2021,20,2021-09-25,15:00,Ullensaker/Kisa,Raufoss,0.0,2.0
2021,20,2021-09-26,15:00,Start,Fredrikstad,2.0,6.0
2021,20,2021-09-26,18:00,HamKam,Jerv,3.0,1.0
2021,21,2021-09-29,16:00,Grorud,Ranheim,3.0,2.0
2021,21,2021-09-29,16:00,Strømmen,KFUM,1.0,1.0
2021,21,2021-09-29,18:00,Jerv,Aalesund,2.0,2.0
2021,21,2021-09-29,18:00,Åsane,Sogndal,1.0,0.0
2021,21,2021-09-29,18:00,Bryne,Ullensaker/Kisa,2.0,0.0
2021,21,2021-09-29,18:00,Raufoss,Start,1.0,3.0
2021,21,2021-09-29,18:00,Stjørdals-Blink,Fredrikstad,3.0,0.0
2021,21,2021-09-29,20:00,HamKam,Sandnes Ulf,3.0,1.0
2021,22,2021-10-02,15:00,Fredrikstad,Raufoss,1.0,1.0
2021,22,2021-10-02,15:00,KFUM,Stjørdals-Blink,1.0,0.0
2021,22,2021-10-02,15:00,Ranheim,Strømmen,5.0,2.0
2021,22,2021-10-02,15:00,Sandnes Ulf,Bryne,2.0,0.0
2021,22,2021-10-02,15:00,Start,Åsane,1.0,1.0
2021,22,2021-10-02,15:00,Ullensaker/Kisa,Grorud,1.0,2.0
2021,22,2021-10-02,15:00,Sogndal,Jerv,1.0,1.0
2021,22,2021-10-03,15:00,Aalesund,HamKam,1.0,1.0
2021,23,2021-10-16,15:00,Bryne,Fredrikstad,0.0,1.0
2021,23,2021-10-16,15:00,Åsane,Ullensaker/Kisa,3.0,3.0
2021,23,2021-10-16,15:00,Grorud,Raufoss,2.0,1.0
2021,23,2021-10-16,15:00,HamKam,KFUM,3.0,0.0
2021,23,2021-10-16,15:00,Jerv,Ranheim,2.0,1.0
2021,23,2021-10-16,15:00,Stjørdals-Blink,Start,2.0,2.0
2021,23,2021-10-16,15:00,Strømmen,Sandnes Ulf,2.0,2.0
2021,23,2021-10-17,15:00,Aalesund,Sogndal,3.0,0.0
2021,24,2021-10-20,15:00,KFUM,Bryne,0.0,1.0
2021,24,2021-10-20,18:00,Fredrikstad,Strømmen,3.0,1.0
2021,24,2021-10-20,18:00,Sandnes Ulf,Åsane,3.0,2.0
2021,24,2021-10-20,18:00,Sogndal,HamKam,1.0,1.0
2021,24,2021-10-20,18:00,Raufoss,Stjørdals-Blink,5.0,2.0
2021,24,2021-10-20,18:00,Start,Grorud,3.0,0.0
2021,24,2021-10-20,18:00,Ullensaker/Kisa,Jerv,0.0,0.0
2021,24,2021-10-20,20:00,Ranheim,Aalesund,3.0,3.0
2021,25,2021-10-23,13:30,Jerv,Start,3.0,2.0
2021,25,2021-10-24,15:00,Bryne,Raufoss,3.0,1.0
2021,25,2021-10-24,15:00,Aalesund,Sandnes Ulf,2.0,2.0
2021,25,2021-10-24,15:00,Grorud,Fredrikstad,1.0,2.0
2021,25,2021-10-24,15:00,HamKam,Ranheim,3.0,0.0
2021,25,2021-10-24,15:00,Strømmen,Sogndal,0.0,2.0
2021,25,2021-10-24,15:00,Åsane,KFUM,3.0,0.0
2021,25,2021-10-24,15:00,Stjørdals-Blink,Ullensaker/Kisa,0.0,0.0
2021,26,2021-10-29,15:00,KFUM,Aalesund,2.0,4.0
2021,26,2021-10-29,15:00,Grorud,Bryne,4.0,2.0
2021,26,2021-10-29,18:00,Raufoss,Ranheim,0.0,4.0
2021,26,2021-10-29,18:00,Sandnes Ulf,Sogndal,0.0,2.0
2021,26,2021-10-29,18:00,Stjørdals-Blink,Jerv,2.0,2.0
2021,26,2021-10-29,18:00,Fredrikstad,Åsane,2.0,3.0
2021,26,2021-10-29,18:00,Start,Strømmen,3.0,2.0
2021,26,2021-10-29,20:00,Ullensaker/Kisa,HamKam,0.0,0.0
2021,27,2021-11-01,13:00,Strømmen,Ullensaker/Kisa,2.0,1.0
2021,27,2021-11-01,18:00,Jerv,Grorud,0.0,0.0
2021,27,2021-11-01,18:00,Ranheim,KFUM,1.0,3.0
2021,27,2021-11-01,18:00,Sandnes Ulf,Fredrikstad,2.0,1.0
2021,27,2021-11-01,18:00,HamKam,Raufoss,2.0,1.0
2021,27,2021-11-01,18:00,Åsane,Bryne,2.0,1.0
2021,27,2021-11-01,20:00,Aalesund,Start,3.0,2.0
2021,28,2021-11-06,13:00,Grorud,Åsane,3.0,2.0
2021,28,2021-11-06,13:00,KFUM,Sogndal,3.0,1.0
2021,28,2021-11-06,15:00,Bryne,Jerv,2.0,0.0
2021,28,2021-11-06,15:00,Raufoss,Strømmen,4.0,2.0
2021,28,2021-11-06,15:00,Ullensaker/Kisa,Sandnes Ulf,1.0,2.0
2021,28,2021-11-06,15:00,Fredrikstad,Aalesund,2.0,2.0
2021,28,2021-11-06,15:00,Stjørdals-Blink,HamKam,0.0,1.0
2021,28,2021-11-07,15:00,Start,Ranheim,3.0,1.0
2021,27,2021-11-10,17:12,Sogndal,Stjørdals-Blink,1.0,1.0
2021,29,2021-11-20,15:00,Ranheim,Bryne,2.0,4.0
2021,29,2021-11-20,15:00,Sandnes Ulf,KFUM,1.0,1.0
2021,29,2021-11-20,15:00,Sogndal,Start,1.0,1.0
2021,29,2021-11-20,15:00,Strømmen,Grorud,1.0,3.0
2021,29,2021-11-20,15:00,Åsane,Stjørdals-Blink,1.0,1.0
2021,29,2021-11-20,15:00,Aalesund,Ullensaker/Kisa,4.0,2.0
2021,29,2021-11-20,15:00,HamKam,Fredrikstad,1.0,0.0
2021,29,2021-11-20,15:00,Jerv,Raufoss,2.0,0.0
2021,30,2021-11-27,15:00,Raufoss,Åsane,1.0,1.0
2021,30,2021-11-27,15:00,Start,Sandnes Ulf,2.0,2.0
2021,30,2021-11-27,15:00,Bryne,Strømmen,0.0,2.0
2021,30,2021-11-27,15:00,Fredrikstad,Ranheim,3.0,1.0
2021,30,2021-11-27,15:00,Grorud,HamKam,1.0,2.0
2021,30,2021-11-27,15:00,KFUM,Jerv,4.0,1.0
2021,30,2021-11-27,15:00,Ullensaker/Kisa,Sogndal,2.0,1.0
2021,30,2021-11-27,15:00,Stjørdals-Blink,Aalesund,1.0,0.0
2022,1,2022-04-02,16:00,Sandnes Ulf,Bryne,2.0,1.0
2022,1,2022-04-03,15:00,Ranheim,Brann,0.0,4.0
2022,1,2022-04-03,15:00,KFUM,Grorud,2.0,2.0
2022,1,2022-04-04,17:30,Skeid,Stabæk,2.0,3.0
2022,1,2022-04-04,18:00,Sogndal,Raufoss,2.0,0.0
2022,1,2022-04-04,18:00,Mjøndalen,Kongsvinger,1.0,0.0
2022,1,2022-04-04,18:00,Åsane,Start,1.0,5.0
2022,1,2022-04-04,18:00,Fredrikstad,Stjørdals-Blink,2.0,2.0
2022,2,2022-04-09,18:00,Brann,Åsane,1.0,1.0
2022,2,2022-04-10,15:00,Grorud,Fredrikstad,2.0,2.0
2022,2,2022-04-11,18:00,Kongsvinger,Skeid,1.0,0.0
2022,2,2022-04-11,18:00,Start,Mjøndalen,1.0,1.0
2022,2,2022-04-11,18:00,Bryne,KFUM,1.0,2.0
2022,2,2022-04-11,18:00,Stabæk,Sogndal,0.0,0.0
2022,2,2022-04-11,18:00,Stjørdals-Blink,Sandnes Ulf,1.0,2.0
2022,2,2022-04-11,18:00,Raufoss,Ranheim,1.0,1.0
2022,3,2022-04-18,15:00,Fredrikstad,Start,1.0,0.0
2022,3,2022-04-19,18:00,Sogndal,Bryne,2.0,1.0
2022,3,2022-04-19,18:00,Åsane,Stabæk,0.0,4.0
2022,3,2022-04-19,18:00,Ranheim,Grorud,2.0,1.0
2022,3,2022-04-19,18:00,Skeid,Brann,2.0,3.0
2022,3,2022-04-19,18:00,Sandnes Ulf,Kongsvinger,4.0,1.0
2022,3,2022-04-19,18:00,Mjøndalen,Stjørdals-Blink,2.0,1.0
2022,3,2022-04-19,18:00,KFUM,Raufoss,1.0,1.0
2022,4,2022-04-23,20:00,Brann,Sogndal,1.0,1.0
2022,4,2022-04-24,15:00,Raufoss,Grorud,1.0,1.0
2022,4,2022-04-24,15:00,Stjørdals-Blink,KFUM,1.0,3.0
2022,4,2022-04-25,18:00,Kongsvinger,Åsane,1.0,1.0
2022,4,2022-04-25,18:00,Stabæk,Sandnes Ulf,0.0,1.0
2022,4,2022-04-25,18:00,Mjøndalen,Fredrikstad,2.0,0.0
2022,4,2022-04-25,18:00,Start,Skeid,3.0,2.0
2022,4,2022-04-25,18:00,Bryne,Ranheim,1.0,2.0
2022,10,2022-04-29,17:00,Mjøndalen,Bryne,2.0,1.0
2022,5,2022-05-08,15:00,Grorud,Start,0.0,3.0
2022,5,2022-05-08,15:00,Åsane,Stjørdals-Blink,1.0,1.0
2022,5,2022-05-08,15:00,Skeid,Mjøndalen,1.0,2.0
2022,5,2022-05-09,18:00,Sandnes Ulf,Fredrikstad,0.0,4.0
2022,5,2022-05-09,18:00,Sogndal,Kongsvinger,2.0,1.0
2022,5,2022-05-09,18:00,KFUM,Brann,1.0,5.0
2022,5,2022-05-09,18:00,Ranheim,Stabæk,0.0,1.0
2022,5,2022-05-09,18:00,Raufoss,Bryne,2.0,0.0
2022,6,2022-05-15,18:00,Start,Sogndal,5.0,1.0
2022,6,2022-05-15,18:00,Mjøndalen,KFUM,2.0,1.0
2022,6,2022-05-15,18:00,Stjørdals-Blink,Ranheim,0.0,1.0
2022,6,2022-05-15,18:00,Bryne,Åsane,2.0,1.0
2022,6,2022-05-15,18:00,Kongsvinger,Raufoss,4.0,1.0
2022,6,2022-05-16,18:00,Stabæk,Grorud,1.0,1.0
2022,6,2022-05-16,18:00,Fredrikstad,Skeid,2.0,0.0
2022,6,2022-05-16,18:00,Brann,Sandnes Ulf,3.0,0.0
2022,7,2022-05-21,20:00,Brann,Fredrikstad,3.0,0.0
2022,7,2022-05-22,15:00,Raufoss,Stabæk,0.0,4.0
2022,7,2022-05-22,15:00,Sogndal,Åsane,2.0,3.0
2022,7,2022-05-23,18:00,Grorud,Bryne,2.0,2.0
2022,7,2022-05-23,18:00,Skeid,Stjørdals-Blink,3.0,1.0
2022,7,2022-05-23,18:00,KFUM,Kongsvinger,1.0,0.0
2022,7,2022-05-23,18:00,Ranheim,Start,2.0,2.0
2022,7,2022-05-23,18:00,Sandnes Ulf,Mjøndalen,0.0,2.0
2022,8,2022-05-26,17:00,Skeid,Sandnes Ulf,0.0,1.0
2022,8,2022-05-26,18:00,Bryne,Stabæk,0.0,0.0
2022,8,2022-05-26,18:00,Åsane,Grorud,3.0,2.0
2022,8,2022-05-26,18:00,Stjørdals-Blink,Sogndal,1.0,3.0
2022,8,2022-05-26,18:00,Kongsvinger,Brann,1.0,3.0
2022,8,2022-05-26,18:00,Start,Raufoss,2.0,2.0
2022,8,2022-05-26,18:00,Fredrikstad,KFUM,1.0,2.0
2022,8,2022-05-26,18:00,Mjøndalen,Ranheim,1.0,2.0
2022,9,2022-05-29,15:00,Ranheim,Fredrikstad,3.0,2.0
2022,9,2022-05-29,15:00,Bryne,Start,2.0,0.0
2022,9,2022-05-29,15:00,Sogndal,Sandnes Ulf,1.0,2.0
2022,9,2022-05-30,18:00,KFUM,Skeid,3.0,0.0
2022,9,2022-05-30,18:00,Raufoss,Åsane,1.0,0.0
2022,9,2022-05-30,18:00,Grorud,Stjørdals-Blink,1.0,2.0
2022,9,2022-05-30,18:00,Brann,Mjøndalen,7.0,0.0
2022,9,2022-05-30,18:00,Stabæk,Kongsvinger,1.0,0.0
2022,10,2022-06-19,15:00,Start,Stabæk,0.0,0.0
2022,10,2022-06-19,15:00,Stjørdals-Blink,Brann,1.0,2.0
2022,10,2022-06-20,18:00,Åsane,Ranheim,1.0,2.0
2022,10,2022-06-20,18:00,Skeid,Sogndal,2.0,3.0
2022,10,2022-06-20,18:00,Kongsvinger,Grorud,2.0,2.0
2022,10,2022-06-20,18:00,Sandnes Ulf,KFUM,2.0,2.0
2022,11,2022-06-26,15:00,Stabæk,Fredrikstad,0.0,0.0
2022,11,2022-06-26,15:00,Start,Kongsvinger,0.0,1.0
2022,11,2022-06-26,15:00,Raufoss,Skeid,1.0,0.0
2022,11,2022-06-27,18:00,Grorud,Brann,0.0,2.0
2022,11,2022-06-27,18:00,Bryne,Stjørdals-Blink,0.0,0.0
2022,11,2022-06-27,18:00,Sogndal,Mjøndalen,1.0,0.0
2022,11,2022-06-27,18:00,Ranheim,KFUM,4.0,1.0
2022,11,2022-06-27,18:00,Åsane,Sandnes Ulf,2.0,1.0
2022,12,2022-07-03,15:00,KFUM,Sogndal,3.0,2.0
2022,12,2022-07-03,15:00,Skeid,Grorud,3.0,2.0
2022,12,2022-07-03,15:00,Mjøndalen,Stabæk,2.0,4.0
2022,12,2022-07-04,18:00,Sandnes Ulf,Raufoss,1.0,4.0
2022,12,2022-07-04,18:00,Fredrikstad,Åsane,2.0,2.0
2022,12,2022-07-04,18:00,Kongsvinger,Ranheim,2.0,2.0
2022,12,2022-07-04,18:00,Brann,Bryne,2.0,1.0
2022,12,2022-07-04,18:00,Stjørdals-Blink,Start,0.0,3.0
2022,13,2022-07-07,18:00,Bryne,Kongsvinger,1.0,1.0
2022,13,2022-07-07,18:00,Start,Brann,0.0,2.0
2022,13,2022-07-07,18:00,Sogndal,Fredrikstad,1.0,1.0
2022,13,2022-07-07,18:00,Ranheim,Skeid,4.0,0.0
2022,13,2022-07-07,18:00,Raufoss,Mjøndalen,2.0,1.0
2022,13,2022-07-07,18:00,Åsane,KFUM,0.0,3.0
2022,13,2022-07-07,18:00,Grorud,Sandnes Ulf,1.0,3.0
2022,13,2022-07-07,18:00,Stabæk,Stjørdals-Blink,4.0,2.0
2022,14,2022-07-10,15:00,Brann,Stabæk,1.0,1.0
2022,14,2022-07-10,15:00,Sandnes Ulf,Ranheim,3.0,2.0
2022,14,2022-07-10,15:00,Stjørdals-Blink,Raufoss,1.0,2.0
2022,14,2022-07-11,18:00,KFUM,Start,0.0,1.0
2022,14,2022-07-11,18:00,Sogndal,Grorud,4.0,0.0
2022,14,2022-07-11,18:00,Mjøndalen,Åsane,1.0,1.0
2022,14,2022-07-11,18:00,Fredrikstad,Kongsvinger,0.0,0.0
2022,14,2022-07-11,18:00,Skeid,Bryne,1.0,2.0
2022,15,2022-07-17,15:00,Stabæk,KFUM,2.0,2.0
2022,15,2022-07-17,15:00,Kongsvinger,Stjørdals-Blink,5.0,0.0
2022,15,2022-07-17,15:00,Ranheim,Sogndal,3.0,3.0
2022,15,2022-07-18,18:00,Start,Sandnes Ulf,1.0,2.0
2022,15,2022-07-18,18:00,Bryne,Fredrikstad,0.0,2.0
2022,15,2022-07-18,18:00,Grorud,Mjøndalen,0.0,1.0
2022,15,2022-07-18,18:00,Raufoss,Brann,0.0,5.0
2022,15,2022-07-18,18:00,Åsane,Skeid,3.0,2.0
2022,16,2022-07-24,15:00,Fredrikstad,Grorud,3.0,1.0
2022,16,2022-07-24,15:00,Mjøndalen,Start,0.0,0.0
2022,16,2022-07-24,15:00,Skeid,Raufoss,2.0,2.0
2022,16,2022-07-25,18:00,Brann,Kongsvinger,3.0,0.0
2022,16,2022-07-25,18:00,KFUM,Ranheim,1.0,2.0
2022,16,2022-07-25,18:00,Sogndal,Stabæk,4.0,3.0
2022,16,2022-07-25,18:00,Sandnes Ulf,Åsane,6.0,0.0
2022,16,2022-07-25,18:00,Stjørdals-Blink,Bryne,0.0,2.0
2022,10,2022-07-27,19:00,Fredrikstad,Raufoss,0.0,4.0
2022,17,2022-07-31,15:30,Åsane,Sogndal,1.0,1.0
2022,17,2022-07-31,15:30,Grorud,KFUM,1.0,3.0
2022,17,2022-07-31,15:30,Start,Fredrikstad,1.0,0.0
2022,17,2022-07-31,15:30,Raufoss,Sandnes Ulf,1.0,1.0
2022,17,2022-07-31,15:30,Ranheim,Stjørdals-Blink,2.0,1.0
2022,17,2022-07-31,15:30,Bryne,Brann,1.0,5.0
2022,17,2022-07-31,15:30,Kongsvinger,Mjøndalen,2.0,1.0
2022,17,2022-07-31,15:30,Stabæk,Skeid,2.0,0.0
2022,18,2022-08-04,18:00,Brann,Start,1.0,0.0
2022,18,2022-08-04,18:00,Fredrikstad,Stabæk,2.0,4.0
2022,18,2022-08-04,18:00,Mjøndalen,Raufoss,1.0,2.0
2022,18,2022-08-04,18:00,Skeid,Ranheim,1.0,0.0
2022,18,2022-08-04,18:00,KFUM,Åsane,2.0,2.0
2022,18,2022-08-04,18:00,Kongsvinger,Bryne,2.0,1.0
2022,18,2022-08-04,18:00,Sandnes Ulf,Sogndal,6.0,0.0
2022,18,2022-08-04,18:00,Stjørdals-Blink,Grorud,1.0,0.0
2022,19,2022-08-07,15:00,Stabæk,Brann,1.0,2.0
2022,19,2022-08-07,15:00,Raufoss,Stjørdals-Blink,2.0,2.0
2022,19,2022-08-07,15:00,Sogndal,KFUM,1.0,2.0
2022,19,2022-08-08,18:00,Ranheim,Mjøndalen,2.0,1.0
2022,19,2022-08-08,18:00,Start,Bryne,6.0,0.0
2022,19,2022-08-08,18:00,Grorud,Kongsvinger,1.0,2.0
2022,19,2022-08-08,18:00,Sandnes Ulf,Skeid,0.0,0.0
2022,19,2022-08-08,18:00,Åsane,Fredrikstad,4.0,3.0
2022,20,2022-08-14,15:00,Fredrikstad,Ranheim,1.0,1.0
2022,20,2022-08-14,15:00,Kongsvinger,Start,2.0,2.0
2022,20,2022-08-14,15:00,Bryne,Grorud,2.0,1.0
2022,20,2022-08-14,18:00,Stjørdals-Blink,Stabæk,3.0,2.0
2022,20,2022-08-14,18:00,KFUM,Sandnes Ulf,3.0,2.0
2022,20,2022-08-14,18:00,Skeid,Åsane,2.0,0.0
2022,20,2022-08-14,18:00,Brann,Raufoss,3.0,0.0
2022,20,2022-08-14,18:00,Mjøndalen,Sogndal,0.0,4.0
2022,21,2022-08-20,16:00,Sogndal,Brann,0.0,4.0
2022,21,2022-08-21,15:00,Sandnes Ulf,Stjørdals-Blink,0.0,0.0
2022,21,2022-08-21,15:00,Stabæk,Start,5.0,0.0
2022,21,2022-08-22,18:00,Ranheim,Bryne,1.0,1.0
2022,21,2022-08-22,18:00,KFUM,Fredrikstad,2.0,1.0
2022,21,2022-08-22,18:00,Grorud,Skeid,1.0,1.0
2022,21,2022-08-22,18:00,Raufoss,Kongsvinger,0.0,1.0
2022,21,2022-08-22,18:00,Åsane,Mjøndalen,3.0,1.0
2022,22,2022-08-27,15:00,Fredrikstad,Sogndal,5.0,2.0
2022,22,2022-08-27,15:00,Kongsvinger,Stabæk,0.0,1.0
2022,22,2022-08-27,15:00,Stjørdals-Blink,Åsane,2.0,4.0
2022,22,2022-08-29,18:00,Skeid,KFUM,1.0,5.0
2022,22,2022-08-29,18:00,Brann,Ranheim,5.0,0.0
2022,22,2022-08-29,18:00,Mjøndalen,Sandnes Ulf,4.0,1.0
2022,22,2022-08-29,18:00,Bryne,Raufoss,5.0,0.0
2022,22,2022-08-29,18:00,Start,Grorud,5.0,0.0
2022,23,2022-09-03,16:00,Åsane,Brann,0.0,2.0
2022,23,2022-09-04,15:00,Sandnes Ulf,Start,3.0,5.0
2022,23,2022-09-04,15:00,KFUM,Mjøndalen,3.0,0.0
2022,23,2022-09-05,18:00,Raufoss,Fredrikstad,2.0,1.0
2022,23,2022-09-05,18:00,Stjørdals-Blink,Kongsvinger,1.0,4.0
2022,23,2022-09-05,18:00,Sogndal,Skeid,0.0,1.0
2022,23,2022-09-05,18:00,Stabæk,Bryne,2.0,2.0
2022,23,2022-09-05,18:00,Grorud,Ranheim,2.0,1.0
2022,24,2022-09-11,15:00,Bryne,Sogndal,3.0,3.0
2022,24,2022-09-11,15:00,Ranheim,Åsane,3.0,3.0
2022,24,2022-09-11,15:00,Fredrikstad,Sandnes Ulf,1.0,2.0
2022,24,2022-09-11,15:00,Start,Stjørdals-Blink,3.0,1.0
2022,24,2022-09-12,18:00,Kongsvinger,KFUM,3.0,1.0
2022,24,2022-09-12,18:00,Mjøndalen,Skeid,1.0,0.0
2022,24,2022-09-12,18:00,Brann,Grorud,7.0,0.0
2022,24,2022-09-12,18:00,Stabæk,Raufoss,2.0,0.0
2022,25,2022-09-17,16:00,Stjørdals-Blink,Mjøndalen,1.0,2.0
2022,25,2022-09-17,16:00,Sogndal,Ranheim,2.0,0.0
2022,25,2022-09-17,16:00,Åsane,Kongsvinger,1.0,2.0
2022,25,2022-09-17,16:00,Raufoss,Start,1.0,2.0
2022,25,2022-09-17,16:00,Skeid,Fredrikstad,3.0,3.0
2022,25,2022-09-17,17:00,Sandnes Ulf,Brann,0.0,3.0
2022,25,2022-09-18,15:00,KFUM,Bryne,3.0,3.0
2022,25,2022-09-18,15:00,Grorud,Stabæk,0.0,4.0
2022,26,2022-10-02,14:00,Fredrikstad,Mjøndalen,2.0,1.0
2022,26,2022-10-02,14:00,Bryne,Skeid,0.0,3.0
2022,26,2022-10-02,14:00,Brann,Stjørdals-Blink,5.0,0.0
2022,26,2022-10-03,18:00,Ranheim,Sandnes Ulf,1.0,2.0
2022,26,2022-10-03,18:00,Stabæk,Åsane,4.0,0.0
2022,26,2022-10-03,18:00,Kongsvinger,Sogndal,0.0,0.0
2022,26,2022-10-03,18:00,Start,KFUM,3.0,2.0
2022,26,2022-10-03,18:00,Grorud,Raufoss,1.0,1.0
2022,27,2022-10-08,16:00,Mjøndalen,Brann,3.0,1.0
2022,27,2022-10-09,14:00,Skeid,Start,3.0,2.0
2022,27,2022-10-09,14:00,Sogndal,Stjørdals-Blink,6.0,1.0
2022,27,2022-10-10,18:00,Sandnes Ulf,Grorud,2.0,4.0
2022,27,2022-10-10,18:00,Åsane,Raufoss,1.0,0.0
2022,27,2022-10-10,18:00,Fredrikstad,Bryne,1.0,3.0
2022,27,2022-10-10,18:00,KFUM,Stabæk,0.0,0.0
2022,27,2022-10-10,18:00,Ranheim,Kongsvinger,0.0,2.0
2022,28,2022-10-16,14:00,Bryne,Mjøndalen,2.0,1.0
2022,28,2022-10-16,14:00,Grorud,Sogndal,2.0,0.0
2022,28,2022-10-16,14:00,Start,Åsane,4.0,1.0
2022,28,2022-10-16,14:00,Stabæk,Ranheim,3.0,2.0
2022,28,2022-10-17,18:00,Kongsvinger,Sandnes Ulf,3.0,1.0
2022,28,2022-10-17,18:00,Brann,Skeid,3.0,0.0
2022,28,2022-10-17,18:00,Raufoss,KFUM,0.0,3.0
2022,28,2022-10-17,18:00,Stjørdals-Blink,Fredrikstad,1.0,2.0
2022,29,2022-10-22,15:00,Fredrikstad,Brann,1.0,3.0
2022,29,2022-10-22,15:00,Ranheim,Raufoss,3.0,2.0
2022,29,2022-10-22,15:00,Sandnes Ulf,Stabæk,2.0,2.0
2022,29,2022-10-22,15:00,KFUM,Stjørdals-Blink,3.0,1.0
2022,29,2022-10-22,15:00,Skeid,Kongsvinger,4.0,0.0
2022,29,2022-10-22,15:00,Åsane,Bryne,1.0,2.0
2022,29,2022-10-22,15:00,Mjøndalen,Grorud,3.0,0.0
2022,29,2022-10-22,15:00,Sogndal,Start,1.0,2.0
2022,30,2022-10-29,15:00,Grorud,Åsane,3.0,1.0
2022,30,2022-10-29,15:00,Start,Ranheim,2.0,1.0
2022,30,2022-10-29,15:00,Kongsvinger,Fredrikstad,0.0,1.0
2022,30,2022-10-29,15:00,Stjørdals-Blink,Skeid,1.0,0.0
2022,30,2022-10-29,15:00,Stabæk,Mjøndalen,2.0,0.0
2022,30,2022-10-29,15:00,Brann,KFUM,4.0,1.0
2022,30,2022-10-29,15:00,Bryne,Sandnes Ulf,0.0,2.0
2022,30,2022-10-29,15:00,Raufoss,Sogndal,0.0,3.0
2023,1,2023-04-10,15:00,KFUM,Sogndal,1.0,1.0
2023,1,2023-04-10,15:00,Hødd,Raufoss,1.0,0.0
2023,1,2023-04-10,15:00,Jerv,Ranheim,1.0,2.0
2023,1,2023-04-10,15:00,Kristiansund,Fredrikstad,0.0,1.0
2023,1,2023-04-10,15:00,Bryne,Kongsvinger,2.0,1.0
2023,1,2023-04-10,15:00,Mjøndalen,Åsane,0.0,0.0
2023,1,2023-04-10,15:00,Moss,Start,0.0,0.0
2023,1,2023-04-10,15:00,Sandnes Ulf,Skeid,4.0,1.0
2023,2,2023-04-15,15:00,Ranheim,Bryne,2.0,1.0
2023,2,2023-04-15,15:00,Sogndal,Sandnes Ulf,1.0,0.0
2023,2,2023-04-16,15:00,Fredrikstad,Moss,1.0,1.0
2023,2,2023-04-16,15:00,Skeid,Hødd,1.0,1.0
2023,2,2023-04-16,15:00,Start,Kristiansund,4.0,0.0
2023,2,2023-04-16,15:00,Raufoss,KFUM,4.0,0.0
2023,2,2023-04-16,15:00,Kongsvinger,Mjøndalen,2.0,0.0
2023,2,2023-04-16,15:00,Åsane,Jerv,1.0,2.0
2023,3,2023-04-22,15:00,Sandnes Ulf,Raufoss,0.0,0.0
2023,3,2023-04-22,15:00,Jerv,Skeid,3.0,2.0
2023,3,2023-04-22,15:00,Hødd,Åsane,1.0,1.0
2023,3,2023-04-22,15:00,Kristiansund,Kongsvinger,2.0,0.0
2023,3,2023-04-23,15:00,Bryne,Start,2.0,2.0
2023,3,2023-04-23,15:00,KFUM,Ranheim,0.0,1.0
2023,3,2023-04-23,15:00,Moss,Sogndal,1.0,2.0
2023,3,2023-04-24,19:00,Mjøndalen,Fredrikstad,0.0,1.0
2023,4,2023-04-29,15:00,Ranheim,Skeid,0.0,4.0
2023,4,2023-04-29,15:00,Mjøndalen,Kristiansund,1.0,3.0
2023,4,2023-04-29,15:00,Sogndal,Bryne,2.0,2.0
2023,4,2023-04-30,15:00,Kongsvinger,Hødd,0.0,3.0
2023,4,2023-04-30,15:00,Moss,Jerv,2.0,1.0
2023,4,2023-04-30,15:00,Start,Raufoss,1.0,3.0
2023,4,2023-04-30,15:00,Fredrikstad,Sandnes Ulf,0.0,0.0
2023,4,2023-04-30,15:00,Åsane,KFUM,1.0,1.0
2023,5,2023-05-03,18:00,KFUM,Start,2.0,2.0
2023,5,2023-05-03,18:00,Kristiansund,Sogndal,2.0,1.0
2023,5,2023-05-03,18:00,Raufoss,Åsane,0.0,0.0
2023,5,2023-05-03,18:00,Bryne,Fredrikstad,0.0,0.0
2023,5,2023-05-03,18:00,Skeid,Moss,2.0,2.0
2023,5,2023-05-03,18:00,Hødd,Ranheim,0.0,0.0
2023,5,2023-05-03,18:00,Jerv,Mjøndalen,2.0,3.0
2023,5,2023-05-03,18:00,Sandnes Ulf,Kongsvinger,1.0,2.0
2023,6,2023-05-06,15:00,Ranheim,Åsane,3.0,2.0
2023,6,2023-05-06,15:00,Kristiansund,Bryne,3.0,1.0
2023,6,2023-05-06,15:00,Mjøndalen,KFUM,2.0,2.0
2023,6,2023-05-06,15:00,Sogndal,Raufoss,2.0,1.0
2023,6,2023-05-07,15:00,Fredrikstad,Skeid,0.0,0.0
2023,6,2023-05-07,15:00,Moss,Sandnes Ulf,1.0,0.0
2023,6,2023-05-07,15:00,Kongsvinger,Jerv,2.0,1.0
2023,6,2023-05-07,15:00,Start,Hødd,4.0,2.0
2023,7,2023-05-12,17:00,Sandnes Ulf,Kristiansund,1.0,1.0
2023,7,2023-05-13,15:00,Hødd,Moss,1.0,1.0
2023,7,2023-05-13,15:00,Åsane,Sogndal,2.0,3.0
2023,7,2023-05-13,15:00,Bryne,Mjøndalen,2.0,1.0
2023,7,2023-05-13,15:00,Jerv,Fredrikstad,1.0,1.0
2023,7,2023-05-13,15:00,Raufoss,Ranheim,0.0,0.0
2023,7,2023-05-13,15:00,KFUM,Kongsvinger,2.0,0.0
2023,7,2023-05-13,15:00,Skeid,Start,1.0,4.0
2023,8,2023-05-16,17:00,Moss,Åsane,1.0,0.0
2023,8,2023-05-16,18:00,Bryne,Jerv,0.0,0.0
2023,8,2023-05-16,18:00,Fredrikstad,KFUM,1.0,0.0
2023,8,2023-05-16,18:00,Kongsvinger,Skeid,5.0,0.0
2023,8,2023-05-16,18:00,Start,Sandnes Ulf,3.0,3.0
2023,8,2023-05-16,18:00,Kristiansund,Ranheim,3.0,2.0
2023,8,2023-05-16,18:00,Mjøndalen,Raufoss,3.0,0.0
2023,8,2023-05-16,18:00,Sogndal,Hødd,1.0,0.0
2023,9,2023-05-20,18:00,Sandnes Ulf,Bryne,2.0,0.0
2023,9,2023-05-21,17:00,Ranheim,Sogndal,2.0,0.0
2023,9,2023-05-21,17:00,Raufoss,Kongsvinger,1.0,2.0
2023,9,2023-05-21,17:00,Hødd,Fredrikstad,1.0,1.0
2023,9,2023-05-21,17:00,KFUM,Moss,4.0,2.0
2023,9,2023-05-21,17:00,Jerv,Kristiansund,1.0,1.0
2023,9,2023-05-21,17:00,Skeid,Mjøndalen,0.0,2.0
2023,9,2023-05-21,17:00,Åsane,Start,2.0,2.0
2023,10,2023-05-29,15:00,Jerv,Hødd,2.0,1.0
2023,10,2023-05-29,15:00,Mjøndalen,Sandnes Ulf,1.0,3.0
2023,10,2023-05-29,15:00,Bryne,KFUM,0.0,1.0
2023,10,2023-05-29,15:00,Fredrikstad,Åsane,2.0,1.0
2023,10,2023-05-29,15:00,Kristiansund,Skeid,2.0,2.0
2023,10,2023-05-29,15:00,Moss,Raufoss,1.0,0.0
2023,10,2023-05-29,15:00,Kongsvinger,Sogndal,1.0,0.0
2023,10,2023-05-29,15:00,Start,Ranheim,2.0,1.0
2023,11,2023-06-04,15:00,Hødd,Mjøndalen,1.0,2.0
2023,11,2023-06-04,15:00,KFUM,Kristiansund,2.0,0.0
2023,11,2023-06-04,15:00,Ranheim,Moss,2.0,1.0
2023,11,2023-06-04,15:00,Sandnes Ulf,Jerv,2.0,3.0
2023,11,2023-06-04,15:00,Skeid,Bryne,2.0,0.0
2023,11,2023-06-04,15:00,Sogndal,Start,2.0,1.0
2023,11,2023-06-04,15:00,Åsane,Kongsvinger,1.0,2.0
2023,11,2023-06-04,15:00,Raufoss,Fredrikstad,1.0,1.0
2023,12,2023-06-10,15:00,Mjøndalen,Sogndal,0.0,0.0
2023,12,2023-06-10,15:00,Jerv,Raufoss,1.0,0.0
2023,12,2023-06-10,15:00,Kristiansund,Moss,4.0,1.0
2023,12,2023-06-11,15:00,Bryne,Åsane,1.0,2.0
2023,12,2023-06-11,15:00,Sandnes Ulf,Hødd,1.0,3.0
2023,12,2023-06-11,15:00,Fredrikstad,Start,3.0,1.0
2023,12,2023-06-11,15:00,Kongsvinger,Ranheim,3.0,0.0
2023,12,2023-06-11,15:00,Skeid,KFUM,0.0,4.0
2023,13,2023-06-23,19:00,Start,Jerv,2.0,1.0
2023,13,2023-06-24,15:00,Ranheim,Mjøndalen,2.0,3.0
2023,13,2023-06-24,15:00,Hødd,Bryne,0.0,1.0
2023,13,2023-06-24,20:00,Sogndal,Fredrikstad,0.0,1.0
2023,13,2023-06-25,15:00,KFUM,Sandnes Ulf,3.0,1.0
2023,13,2023-06-25,15:00,Moss,Kongsvinger,0.0,1.0
2023,13,2023-06-25,15:00,Raufoss,Skeid,1.0,0.0
2023,13,2023-06-25,15:00,Åsane,Kristiansund,2.0,2.0
2023,14,2023-07-01,15:00,Jerv,KFUM,4.0,3.0
2023,14,2023-07-01,15:00,Skeid,Sogndal,2.0,4.0
2023,14,2023-07-01,15:00,Kristiansund,Hødd,4.0,0.0
2023,14,2023-07-01,15:00,Mjøndalen,Moss,1.0,2.0
2023,14,2023-07-01,15:00,Sandnes Ulf,Åsane,3.0,3.0
2023,14,2023-07-02,15:00,Kongsvinger,Start,2.0,1.0
2023,14,2023-07-02,15:00,Bryne,Raufoss,4.0,1.0
2023,14,2023-07-02,15:00,Fredrikstad,Ranheim,4.0,0.0
2023,15,2023-07-08,15:00,Start,Mjøndalen,3.0,0.0
2023,15,2023-07-08,15:00,Ranheim,Sandnes Ulf,0.0,5.0
2023,15,2023-07-08,15:00,Raufoss,Kristiansund,3.0,2.0
2023,15,2023-07-08,15:00,Sogndal,Jerv,5.0,1.0
2023,15,2023-07-08,15:00,Hødd,KFUM,0.0,1.0
2023,15,2023-07-09,15:00,Fredrikstad,Kongsvinger,1.0,1.0
2023,15,2023-07-09,15:00,Åsane,Skeid,0.0,0.0
2023,15,2023-07-09,15:00,Moss,Bryne,2.0,1.0
2023,16,2023-08-04,19:00,Skeid,Fredrikstad,1.0,2.0
2023,16,2023-08-05,15:00,Kristiansund,Start,1.0,1.0
2023,16,2023-08-05,15:00,Jerv,Moss,1.0,1.0
2023,16,2023-08-05,15:00,Mjøndalen,Hødd,3.0,0.0
2023,16,2023-08-06,15:00,KFUM,Åsane,2.0,1.0
2023,16,2023-08-06,15:00,Kongsvinger,Raufoss,1.0,3.0
2023,16,2023-08-06,15:00,Bryne,Ranheim,1.0,0.0
2023,16,2023-08-06,15:00,Sandnes Ulf,Sogndal,1.0,2.0
2023,17,2023-08-09,18:00,Moss,KFUM,0.0,1.0
2023,17,2023-08-09,18:00,Raufoss,Jerv,2.0,3.0
2023,17,2023-08-09,18:00,Start,Skeid,3.0,0.0
2023,17,2023-08-09,18:00,Åsane,Mjøndalen,3.0,2.0
2023,17,2023-08-09,18:00,Ranheim,Kongsvinger,1.0,4.0
2023,17,2023-08-09,18:00,Fredrikstad,Bryne,2.0,1.0
2023,18,2023-08-13,17:00,KFUM,Fredrikstad,2.0,1.0
2023,18,2023-08-13,17:00,Sandnes Ulf,Moss,2.0,0.0
2023,18,2023-08-13,17:00,Kristiansund,Jerv,3.0,1.0
2023,18,2023-08-13,17:00,Mjøndalen,Ranheim,1.0,2.0
2023,18,2023-08-13,17:00,Bryne,Hødd,2.0,1.0
2023,18,2023-08-13,17:00,Kongsvinger,Åsane,3.0,1.0
2023,18,2023-08-13,17:00,Start,Sogndal,2.0,0.0
2023,18,2023-08-13,17:00,Skeid,Raufoss,1.0,2.0
2023,19,2023-08-19,15:00,Jerv,Sandnes Ulf,0.0,2.0
2023,19,2023-08-19,15:00,Hødd,Skeid,2.0,0.0
2023,19,2023-08-19,15:00,Sogndal,Kongsvinger,3.0,3.0
2023,19,2023-08-19,15:00,Ranheim,KFUM,4.0,2.0
2023,19,2023-08-20,15:00,Moss,Mjøndalen,4.0,1.0
2023,19,2023-08-20,15:00,Åsane,Bryne,2.0,1.0
2023,19,2023-08-20,15:00,Fredrikstad,Kristiansund,4.0,1.0
2023,19,2023-08-20,15:00,Raufoss,Start,2.0,1.0
2023,20,2023-08-23,18:00,Bryne,Moss,3.0,1.0
2023,20,2023-08-23,18:00,Kongsvinger,Fredrikstad,1.0,2.0
2023,20,2023-08-23,18:00,Mjøndalen,Jerv,2.0,2.0
2023,20,2023-08-23,18:00,Raufoss,Sogndal,3.0,0.0
2023,20,2023-08-23,18:00,Skeid,Ranheim,0.0,1.0
2023,20,2023-08-23,18:00,Start,Åsane,1.0,0.0
2023,20,2023-08-23,18:00,KFUM,Hødd,0.0,1.0
2023,20,2023-08-23,18:00,Kristiansund,Sandnes Ulf,0.0,1.0
2023,21,2023-08-27,15:00,Ranheim,Start,0.0,0.0
2023,21,2023-08-27,17:00,Fredrikstad,Hødd,1.0,0.0
2023,21,2023-08-27,17:00,Jerv,Bryne,1.0,3.0
2023,21,2023-08-27,17:00,Sandnes Ulf,Mjøndalen,1.0,0.0
2023,21,2023-08-27,17:00,Sogndal,Skeid,2.0,0.0
2023,21,2023-08-27,17:00,Kongsvinger,KFUM,1.0,1.0
2023,21,2023-08-27,17:00,Åsane,Raufoss,3.0,1.0
2023,21,2023-08-28,19:00,Moss,Kristiansund,0.0,3.0
2023,22,2023-09-01,19:00,Skeid,Åsane,1.0,3.0
2023,22,2023-09-02,15:00,Hødd,Kongsvinger,2.0,1.0
2023,22,2023-09-02,15:00,Sogndal,Ranheim,1.0,2.0
2023,22,2023-09-02,15:00,Kristiansund,Mjøndalen,0.0,0.0
2023,22,2023-09-03,15:00,Start,Fredrikstad,2.0,2.0
2023,22,2023-09-03,15:00,Bryne,Sandnes Ulf,3.0,0.0
2023,22,2023-09-03,15:00,KFUM,Jerv,6.0,2.0
2023,22,2023-09-03,15:00,Raufoss,Moss,1.0,1.0
2023,23,2023-09-15,19:00,Ranheim,Raufoss,1.0,3.0
2023,23,2023-09-16,15:00,Sandnes Ulf,KFUM,1.0,2.0
2023,23,2023-09-16,20:15,Jerv,Start,0.0,1.0
2023,23,2023-09-17,15:00,Fredrikstad,Sogndal,2.0,1.0
2023,23,2023-09-17,15:00,Kongsvinger,Kristiansund,1.0,1.0
2023,23,2023-09-17,15:00,Moss,Skeid,3.0,0.0
2023,23,2023-09-17,15:00,Mjøndalen,Bryne,2.0,1.0
2023,23,2023-09-17,15:00,Åsane,Hødd,1.0,0.0
2023,24,2023-09-23,15:00,Hødd,Jerv,2.0,2.0
2023,24,2023-09-23,15:00,Skeid,Kongsvinger,1.0,2.0
2023,24,2023-09-23,15:00,Sogndal,Åsane,1.0,1.0
2023,24,2023-09-23,15:00,Ranheim,Fredrikstad,1.0,2.0
2023,24,2023-09-24,15:00,KFUM,Mjøndalen,1.0,0.0
2023,24,2023-09-24,15:00,Raufoss,Sandnes Ulf,1.0,1.0
2023,24,2023-09-24,15:00,Bryne,Kristiansund,1.0,1.0
2023,24,2023-09-24,15:00,Start,Moss,0.0,0.0
2023,17,2023-09-27,18:00,Hødd,Sandnes Ulf,1.0,1.0
2023,25,2023-09-30,15:00,Jerv,Sogndal,1.0,3.0
2023,25,2023-09-30,15:00,Sandnes Ulf,Start,1.0,0.0
2023,25,2023-09-30,15:00,Kristiansund,KFUM,0.0,2.0
2023,25,2023-09-30,15:00,Mjøndalen,Skeid,2.0,0.0
2023,25,2023-10-01,15:00,Fredrikstad,Raufoss,3.0,0.0
2023,25,2023-10-01,15:00,Moss,Hødd,3.0,0.0
2023,25,2023-10-01,15:00,Åsane,Ranheim,3.0,0.0
2023,25,2023-10-01,15:00,Kongsvinger,Bryne,1.0,3.0
2023,17,2023-10-04,18:00,Sogndal,Kristiansund,2.0,4.0
2023,26,2023-10-07,15:00,Skeid,Sandnes Ulf,3.0,0.0
2023,26,2023-10-07,15:00,Raufoss,Mjøndalen,0.0,0.0
2023,26,2023-10-07,15:00,Sogndal,Moss,2.0,1.0
2023,26,2023-10-07,18:00,Hødd,Kristiansund,0.0,1.0
2023,26,2023-10-08,15:00,KFUM,Bryne,1.0,0.0
2023,26,2023-10-08,15:00,Start,Kongsvinger,2.0,1.0
2023,26,2023-10-08,15:00,Ranheim,Jerv,4.0,2.0
2023,26,2023-10-08,15:00,Åsane,Fredrikstad,0.0,4.0
2023,27,2023-10-21,15:00,Jerv,Kongsvinger,0.0,2.0
2023,27,2023-10-21,15:00,Kristiansund,Åsane,4.0,1.0
2023,27,2023-10-21,15:00,Hødd,Sogndal,2.0,2.0
2023,27,2023-10-21,15:00,Mjøndalen,Start,2.0,0.0
2023,27,2023-10-21,15:00,Sandnes Ulf,Fredrikstad,2.0,3.0
2023,27,2023-10-22,15:00,Moss,Ranheim,0.0,1.0
2023,27,2023-10-22,15:00,Bryne,Skeid,1.0,0.0
2023,27,2023-10-22,15:00,KFUM,Raufoss,0.0,0.0
2023,28,2023-10-28,15:00,Skeid,Jerv,0.0,1.0
2023,28,2023-10-28,15:00,Sogndal,KFUM,0.0,3.0
2023,28,2023-10-28,15:00,Ranheim,Kristiansund,0.0,2.0
2023,28,2023-10-29,15:00,Fredrikstad,Mjøndalen,1.0,2.0
2023,28,2023-10-29,15:00,Åsane,Moss,2.0,1.0
2023,28,2023-10-29,15:00,Kongsvinger,Sandnes Ulf,4.0,0.0
2023,28,2023-10-29,15:00,Raufoss,Hødd,0.0,1.0
2023,28,2023-10-29,15:00,Start,Bryne,2.0,0.0
2023,29,2023-11-05,15:00,Jerv,Åsane,0.0,0.0
2023,29,2023-11-05,15:00,Bryne,Sogndal,2.0,1.0
2023,29,2023-11-05,15:00,Kristiansund,Raufoss,1.0,2.0
2023,29,2023-11-05,15:00,Moss,Fredrikstad,2.0,2.0
2023,29,2023-11-05,15:00,Sandnes Ulf,Ranheim,3.0,2.0
2023,29,2023-11-05,15:00,Hødd,Start,2.0,1.0
2023,29,2023-11-05,15:00,Mjøndalen,Kongsvinger,2.0,3.0
2023,29,2023-11-05,15:00,KFUM,Skeid,1.0,0.0
2023,30,2023-11-12,14:30,Ranheim,Hødd,0.0,0.0
2023,30,2023-11-12,14:30,Fredrikstad,Jerv,1.0,0.0
2023,30,2023-11-12,14:30,Kongsvinger,Moss,1.0,2.0
2023,30,2023-11-12,14:30,Åsane,Sandnes Ulf,2.0,0.0
2023,30,2023-11-12,14:30,Raufoss,Bryne,0.0,1.0
2023,30,2023-11-12,14:30,Skeid,Kristiansund,0.0,5.0
2023,30,2023-11-12,14:30,Sogndal,Mjøndalen,1.0,1.0
2023,30,2023-11-12,14:30,Start,KFUM,1.0,1.0
2024,1,2024-04-01,17:00,Mjøndalen,Raufoss,1.0,1.0
2024,1,2024-04-01,17:00,Moss,Lyn,3.0,0.0
2024,1,2024-04-01,17:00,Vålerenga,Sogndal,1.0,1.0
2024,1,2024-04-01,17:00,Aalesund,Stabæk,1.0,1.0
2024,1,2024-04-01,17:00,Åsane,Levanger,2.0,2.0
2024,1,2024-04-01,17:00,Bryne,Start,3.0,1.0
2024,1,2024-04-01,17:00,Kongsvinger,Ranheim,2.0,1.0
2024,1,2024-04-01,17:00,Sandnes Ulf,Egersund,3.0,4.0
2024,2,2024-04-06,16:00,Levanger,Moss,5.0,0.0
2024,2,2024-04-06,16:00,Sogndal,Mjøndalen,3.0,1.0
2024,2,2024-04-06,16:00,Start,Aalesund,1.0,3.0
2024,2,2024-04-06,16:00,Ranheim,Sandnes Ulf,3.0,1.0
2024,2,2024-04-06,16:00,Raufoss,Vålerenga,1.0,2.0
2024,2,2024-04-06,16:00,Stabæk,Bryne,1.0,0.0
2024,2,2024-04-07,17:00,Lyn,Kongsvinger,1.0,1.0
2024,3,2024-04-14,17:00,Vålerenga,Stabæk,1.0,3.0
2024,3,2024-04-15,19:00,Bryne,Levanger,0.0,1.0
2024,3,2024-04-15,19:00,Kongsvinger,Egersund,3.0,3.0
2024,3,2024-04-15,19:00,Mjøndalen,Start,1.0,1.0
2024,3,2024-04-15,19:00,Sandnes Ulf,Raufoss,2.0,0.0
2024,3,2024-04-15,19:00,Aalesund,Lyn,0.0,3.0
2024,3,2024-04-15,19:00,Åsane,Sogndal,1.0,1.0
2024,3,2024-04-15,19:00,Moss,Ranheim,2.0,1.0
2024,4,2024-04-20,16:00,Egersund,Aalesund,3.0,1.0
2024,4,2024-04-20,16:00,Start,Sandnes Ulf,1.0,1.0
2024,4,2024-04-20,16:00,Ranheim,Åsane,2.0,2.0
2024,4,2024-04-20,16:00,Raufoss,Bryne,0.0,1.0
2024,4,2024-04-20,16:00,Sogndal,Moss,1.0,0.0
2024,4,2024-04-20,16:00,Levanger,Kongsvinger,1.0,2.0
2024,4,2024-04-20,18:00,Lyn,Vålerenga,1.0,1.0
2024,5,2024-04-27,16:00,Bryne,Sogndal,1.0,0.0
2024,5,2024-04-27,16:00,Moss,Egersund,1.0,2.0
2024,5,2024-04-27,16:00,Aalesund,Raufoss,1.0,4.0
2024,5,2024-04-27,16:00,Kongsvinger,Start,3.0,0.0
2024,5,2024-04-27,16:00,Sandnes Ulf,Levanger,2.0,2.0
2024,5,2024-04-27,16:00,Åsane,Stabæk,2.0,2.0
2024,5,2024-04-28,14:30,Mjøndalen,Vålerenga,5.0,3.0
2024,5,2024-04-28,17:00,Lyn,Ranheim,1.0,1.0
2024,6,2024-05-04,16:00,Egersund,Lyn,1.0,1.0
2024,6,2024-05-04,16:00,Mjøndalen,Aalesund,1.0,1.0
2024,6,2024-05-04,16:00,Raufoss,Åsane,1.0,0.0
2024,6,2024-05-04,16:00,Sandnes Ulf,Moss,3.0,3.0
2024,6,2024-05-04,16:00,Stabæk,Kongsvinger,5.0,0.0
2024,6,2024-05-04,16:00,Start,Ranheim,0.0,0.0
2024,6,2024-05-04,16:00,Levanger,Sogndal,0.0,0.0
2024,6,2024-05-04,16:00,Vålerenga,Bryne,1.0,0.0
2024,7,2024-05-11,16:00,Bryne,Mjøndalen,1.0,0.0
2024,7,2024-05-11,16:00,Kongsvinger,Raufoss,1.0,1.0
2024,7,2024-05-11,16:00,Lyn,Levanger,3.0,1.0
2024,7,2024-05-11,16:00,Sogndal,Sandnes Ulf,5.0,1.0
2024,7,2024-05-11,16:00,Moss,Stabæk,3.0,3.0
2024,7,2024-05-11,16:00,Ranheim,Egersund,1.0,3.0
2024,7,2024-05-11,16:00,Aalesund,Vålerenga,0.0,2.0
2024,7,2024-05-11,16:00,Åsane,Start,1.0,0.0
2024,8,2024-05-16,17:00,Mjøndalen,Åsane,2.0,1.0
2024,8,2024-05-16,18:00,Levanger,Ranheim,2.0,2.0
2024,8,2024-05-16,18:00,Stabæk,Lyn,2.0,2.0
2024,8,2024-05-16,18:00,Start,Egersund,4.0,3.0
2024,8,2024-05-16,18:00,Aalesund,Sogndal,0.0,2.0
2024,8,2024-05-16,18:00,Raufoss,Moss,0.0,2.0
2024,8,2024-05-16,18:00,Sandnes Ulf,Bryne,2.0,1.0
2024,8,2024-05-16,18:00,Vålerenga,Kongsvinger,0.0,2.0
2024,9,2024-05-21,19:00,Moss,Start,2.0,1.0
2024,9,2024-05-22,19:00,Bryne,Aalesund,2.0,0.0
2024,9,2024-05-22,19:00,Egersund,Levanger,2.0,2.0
2024,9,2024-05-22,19:00,Kongsvinger,Mjøndalen,3.0,2.0
2024,9,2024-05-22,19:00,Ranheim,Stabæk,3.0,0.0
2024,9,2024-05-22,19:00,Sogndal,Raufoss,1.0,1.0
2024,9,2024-05-22,19:00,Åsane,Vålerenga,1.0,5.0
2024,9,2024-05-23,19:00,Lyn,Sandnes Ulf,5.0,0.0
2024,10,2024-05-26,14:30,Vålerenga,Levanger,3.0,1.0
2024,10,2024-05-27,19:00,Raufoss,Lyn,1.0,0.0
2024,10,2024-05-27,19:00,Sandnes Ulf,Kongsvinger,0.0,2.0
2024,10,2024-05-27,19:00,Aalesund,Åsane,4.0,1.0
2024,10,2024-05-27,19:00,Bryne,Ranheim,3.0,2.0
2024,10,2024-05-27,19:00,Mjøndalen,Moss,1.0,2.0
2024,10,2024-05-27,19:00,Stabæk,Egersund,4.0,5.0
2024,10,2024-05-28,19:00,Start,Sogndal,2.0,1.0
2024,11,2024-05-31,19:00,Lyn,Mjøndalen,1.0,1.0
2024,11,2024-06-01,16:00,Moss,Aalesund,1.0,0.0
2024,11,2024-06-01,16:00,Ranheim,Vålerenga,1.0,3.0
2024,11,2024-06-01,16:00,Åsane,Sandnes Ulf,1.0,0.0
2024,11,2024-06-01,16:00,Egersund,Raufoss,1.0,2.0
2024,11,2024-06-01,16:00,Kongsvinger,Bryne,3.0,1.0
2024,11,2024-06-01,16:00,Sogndal,Stabæk,2.0,3.0
2024,11,2024-06-01,16:00,Levanger,Start,1.0,1.0
2024,2,2024-06-05,17:00,Egersund,Åsane,1.0,0.0
2024,12,2024-06-09,17:00,Bryne,Åsane,1.0,0.0
2024,12,2024-06-09,17:00,Start,Lyn,1.0,4.0
2024,12,2024-06-09,17:00,Aalesund,Kongsvinger,4.0,4.0
2024,12,2024-06-09,17:00,Mjøndalen,Ranheim,3.0,3.0
2024,12,2024-06-09,17:00,Sogndal,Egersund,2.0,2.0
2024,12,2024-06-09,19:00,Vålerenga,Moss,5.0,1.0
2024,4,2024-06-12,19:00,Stabæk,Mjøndalen,4.0,2.0
2024,13,2024-06-16,15:00,Egersund,Vålerenga,1.0,1.0
2024,13,2024-06-16,15:00,Lyn,Sogndal,1.0,2.0
2024,13,2024-06-16,15:00,Sandnes Ulf,Mjøndalen,2.0,3.0
2024,13,2024-06-16,15:00,Kongsvinger,Åsane,0.0,5.0
2024,13,2024-06-16,15:00,Levanger,Aalesund,4.0,0.0
2024,13,2024-06-16,15:00,Moss,Bryne,1.0,0.0
2024,13,2024-06-16,15:00,Ranheim,Raufoss,1.0,0.0
2024,13,2024-06-16,15:00,Start,Stabæk,4.0,3.0
2024,14,2024-06-22,17:00,Sogndal,Kongsvinger,2.0,0.0
2024,14,2024-06-23,17:00,Bryne,Lyn,5.0,3.0
2024,14,2024-06-23,17:00,Mjøndalen,Egersund,0.0,3.0
2024,14,2024-06-23,17:00,Stabæk,Levanger,1.0,0.0
2024,14,2024-06-23,17:00,Vålerenga,Sandnes Ulf,8.0,0.0
2024,14,2024-06-23,17:00,Aalesund,Ranheim,1.0,2.0
2024,14,2024-06-23,17:00,Åsane,Moss,1.0,4.0
2024,14,2024-06-23,17:00,Raufoss,Start,2.0,1.0
2024,15,2024-07-20,16:00,Egersund,Bryne,0.0,2.0
2024,15,2024-07-20,16:00,Lyn,Åsane,3.0,1.0
2024,15,2024-07-20,16:00,Moss,Kongsvinger,1.0,0.0
2024,15,2024-07-20,16:00,Ranheim,Sogndal,3.0,0.0
2024,15,2024-07-20,16:00,Start,Vålerenga,1.0,2.0
2024,15,2024-07-20,16:00,Raufoss,Stabæk,0.0,0.0
2024,12,2024-07-23,19:00,Raufoss,Levanger,0.0,3.0
2024,16,2024-07-27,16:00,Kongsvinger,Levanger,3.0,3.0
2024,16,2024-07-27,16:00,Mjøndalen,Lyn,1.0,2.0
2024,16,2024-07-27,16:00,Sogndal,Start,4.0,0.0
2024,16,2024-07-27,16:00,Stabæk,Moss,1.0,4.0
2024,16,2024-07-27,16:00,Bryne,Sandnes Ulf,1.0,1.0
2024,16,2024-07-27,16:00,Aalesund,Egersund,2.0,3.0
2024,16,2024-07-27,16:00,Åsane,Raufoss,0.0,0.0
2024,16,2024-07-29,19:00,Vålerenga,Ranheim,3.0,1.0
2024,12,2024-07-31,19:00,Stabæk,Sandnes Ulf,3.0,0.0
2024,17,2024-08-03,16:00,Egersund,Sogndal,0.0,2.0
2024,17,2024-08-03,16:00,Moss,Vålerenga,0.0,2.0
2024,17,2024-08-03,16:00,Ranheim,Kongsvinger,2.0,2.0
2024,17,2024-08-03,16:00,Sandnes Ulf,Åsane,0.0,3.0
2024,17,2024-08-03,16:00,Start,Mjøndalen,1.0,0.0
2024,17,2024-08-03,16:00,Levanger,Bryne,0.0,1.0
2024,17,2024-08-03,16:00,Raufoss,Aalesund,0.0,2.0
2024,17,2024-08-04,14:30,Lyn,Stabæk,7.0,1.0
2024,18,2024-08-10,16:00,Mjøndalen,Sandnes Ulf,0.0,1.0
2024,18,2024-08-10,16:00,Åsane,Bryne,2.0,5.0
2024,18,2024-08-10,16:00,Stabæk,Ranheim,3.0,0.0
2024,18,2024-08-10,16:00,Sogndal,Levanger,1.0,1.0
2024,18,2024-08-10,16:00,Aalesund,Moss,1.0,0.0
2024,18,2024-08-11,14:30,Vålerenga,Raufoss,3.0,0.0
2024,18,2024-08-11,17:00,Egersund,Start,3.0,2.0
2024,18,2024-08-11,17:00,Kongsvinger,Lyn,1.0,1.0
2024,15,2024-08-14,19:00,Levanger,Mjøndalen,1.0,1.0
2024,15,2024-08-14,19:00,Sandnes Ulf,Aalesund,0.0,2.0
2024,19,2024-08-18,17:00,Levanger,Vålerenga,1.0,4.0
2024,19,2024-08-19,18:00,Raufoss,Egersund,4.0,1.0
2024,19,2024-08-19,19:00,Ranheim,Mjøndalen,0.0,1.0
2024,19,2024-08-19,19:00,Bryne,Kongsvinger,1.0,1.0
2024,19,2024-08-19,19:00,Moss,Sogndal,3.0,0.0
2024,19,2024-08-19,19:00,Lyn,Start,2.0,2.0
2024,19,2024-08-19,19:00,Sandnes Ulf,Stabæk,1.0,3.0
2024,19,2024-08-20,19:00,Åsane,Aalesund,2.0,0.0
2024,20,2024-08-24,18:00,Vålerenga,Lyn,4.0,2.0
2024,20,2024-08-25,17:00,Sogndal,Ranheim,0.0,2.0
2024,20,2024-08-26,17:30,Egersund,Moss,3.0,2.0
2024,20,2024-08-26,19:00,Stabæk,Åsane,1.0,1.0
2024,20,2024-08-26,19:00,Start,Raufoss,1.0,2.0
2024,20,2024-08-26,19:00,Aalesund,Bryne,1.0,2.0
2024,20,2024-08-26,19:00,Mjøndalen,Levanger,2.0,0.0
2024,20,2024-08-27,19:00,Kongsvinger,Sandnes Ulf,1.0,0.0
2024,21,2024-09-01,14:30,Sandnes Ulf,Vålerenga,0.0,2.0
2024,21,2024-09-01,17:00,Moss,Mjøndalen,1.0,0.0
2024,21,2024-09-01,17:00,Bryne,Stabæk,3.0,0.0
2024,21,2024-09-01,19:00,Lyn,Aalesund,0.0,0.0
2024,21,2024-09-02,19:00,Levanger,Egersund,2.0,1.0
2024,21,2024-09-02,19:00,Ranheim,Start,2.0,3.0
2024,21,2024-09-02,19:00,Raufoss,Sogndal,4.0,1.0
2024,21,2024-09-02,19:00,Åsane,Kongsvinger,2.0,1.0
2024,22,2024-09-15,17:00,Sogndal,Lyn,0.0,1.0
2024,22,2024-09-16,16:30,Egersund,Ranheim,0.0,2.0
2024,22,2024-09-16,19:00,Start,Levanger,1.0,1.0
2024,22,2024-09-16,19:00,Kongsvinger,Moss,0.0,0.0
2024,22,2024-09-16,19:00,Vålerenga,Åsane,5.0,0.0
2024,22,2024-09-16,19:00,Mjøndalen,Bryne,1.0,1.0
2024,22,2024-09-16,19:00,Stabæk,Raufoss,1.0,2.0
2024,22,2024-09-16,19:00,Aalesund,Sandnes Ulf,2.0,0.0
2024,23,2024-09-21,15:00,Kongsvinger,Aalesund,1.0,5.0
2024,23,2024-09-21,16:00,Bryne,Vålerenga,1.0,1.0
2024,23,2024-09-21,16:00,Levanger,Raufoss,0.0,1.0
2024,23,2024-09-21,16:00,Sandnes Ulf,Sogndal,1.0,0.0
2024,23,2024-09-21,16:00,Åsane,Mjøndalen,5.0,0.0
2024,23,2024-09-21,16:00,Ranheim,Moss,1.0,0.0
2024,23,2024-09-21,16:00,Stabæk,Start,2.0,3.0
2024,24,2024-09-24,19:00,Vålerenga,Aalesund,4.0,1.0
2024,24,2024-09-25,16:00,Egersund,Stabæk,2.0,1.0
2024,24,2024-09-25,19:00,Mjøndalen,Kongsvinger,1.0,2.0
2024,24,2024-09-25,19:00,Raufoss,Ranheim,1.0,1.0
2024,24,2024-09-25,19:00,Sogndal,Bryne,2.0,3.0
2024,24,2024-09-25,19:00,Levanger,Lyn,1.0,3.0
2024,24,2024-09-25,19:00,Moss,Sandnes Ulf,6.0,1.0
2024,24,2024-09-25,19:00,Start,Åsane,3.0,1.0
2024,25,2024-09-28,16:00,Ranheim,Levanger,1.0,1.0
2024,25,2024-09-28,16:00,Aalesund,Mjøndalen,0.0,1.0
2024,25,2024-09-28,16:00,Kongsvinger,Vålerenga,2.0,2.0
2024,25,2024-09-28,16:00,Åsane,Egersund,1.0,2.0
2024,25,2024-09-28,16:00,Stabæk,Sogndal,2.0,0.0
2024,25,2024-09-28,16:00,Bryne,Moss,3.0,0.0
2024,25,2024-09-28,16:00,Sandnes Ulf,Start,0.0,4.0
2024,25,2024-09-29,16:00,Lyn,Raufoss,1.0,2.0
2024,23,2024-10-02,19:00,Lyn,Egersund,2.0,1.0
2024,26,2024-10-02,19:00,Vålerenga,Mjøndalen,4.0,2.0
2024,26,2024-10-02,19:00,Raufoss,Sandnes Ulf,1.0,1.0
2024,26,2024-10-02,19:00,Levanger,Stabæk,1.0,2.0
2024,26,2024-10-05,17:00,Sogndal,Aalesund,0.0,1.0
2024,26,2024-10-05,17:00,Start,Bryne,2.0,1.0
2024,26,2024-10-06,14:30,Egersund,Kongsvinger,0.0,1.0
2024,26,2024-10-06,14:30,Moss,Åsane,1.0,1.0
2024,26,2024-10-06,14:30,Ranheim,Lyn,1.0,1.0
2024,27,2024-10-21,19:00,Kongsvinger,Stabæk,1.0,3.0
2024,27,2024-10-21,19:00,Mjøndalen,Sogndal,0.0,0.0
2024,27,2024-10-21,19:00,Aalesund,Start,3.0,1.0
2024,27,2024-10-21,19:00,Bryne,Raufoss,1.0,0.0
2024,27,2024-10-21,19:00,Sandnes Ulf,Lyn,0.0,1.0
2024,27,2024-10-21,19:00,Moss,Levanger,5.0,1.0
2024,27,2024-10-21,19:00,Vålerenga,Egersund,4.0,0.0
2024,27,2024-10-21,20:15,Åsane,Ranheim,1.0,2.0
2024,28,2024-10-25,19:00,Stabæk,Vålerenga,1.0,2.0
2024,28,2024-10-26,14:00,Egersund,Mjøndalen,3.0,1.0
2024,28,2024-10-26,16:00,Lyn,Bryne,1.0,0.0
2024,28,2024-10-26,16:00,Ranheim,Aalesund,0.0,1.0
2024,28,2024-10-26,16:00,Sogndal,Åsane,0.0,2.0
2024,28,2024-10-26,16:00,Start,Moss,1.0,1.0
2024,28,2024-10-26,16:00,Levanger,Sandnes Ulf,4.0,0.0
2024,28,2024-10-26,16:00,Raufoss,Kongsvinger,1.0,1.0
2024,29,2024-11-02,16:00,Moss,Raufoss,3.0,2.0
2024,29,2024-11-02,16:00,Sandnes Ulf,Ranheim,2.0,6.0
2024,29,2024-11-02,16:00,Vålerenga,Start,1.0,1.0
2024,29,2024-11-02,16:00,Mjøndalen,Stabæk,3.0,0.0
2024,29,2024-11-02,16:00,Aalesund,Levanger,4.0,3.0
2024,29,2024-11-02,16:00,Bryne,Egersund,2.0,1.0
2024,29,2024-11-02,16:00,Åsane,Lyn,3.0,2.0
2024,29,2024-11-02,16:00,Kongsvinger,Sogndal,0.0,1.0
2024,30,2024-11-09,16:00,Lyn,Moss,1.0,2.0
2024,30,2024-11-09,16:00,Ranheim,Bryne,1.0,4.0
2024,30,2024-11-09,16:00,Stabæk,Aalesund,1.0,4.0
2024,30,2024-11-09,16:00,Egersund,Sandnes Ulf,3.0,1.0
2024,30,2024-11-09,16:00,Levanger,Åsane,2.0,3.0
2024,30,2024-11-09,16:00,Start,Kongsvinger,1.0,4.0
2024,30,2024-11-09,16:00,Raufoss,Mjøndalen,0.0,1.0
2024,30,2024-11-09,16:00,Sogndal,Vålerenga,0.0,3.0
2025,1,2025-03-31,19:00,Egersund,Mjøndalen,3.0,2.0
2025,1,2025-03-31,19:00,Ranheim,Lyn,0.0,3.0
2025,1,2025-03-31,19:00,Stabæk,Hødd,1.0,1.0
2025,1,2025-03-31,19:00,Start,Sogndal,2.0,1.0
2025,1,2025-03-31,19:00,Odd,Skeid,2.0,1.0
2025,1,2025-03-31,19:00,Kongsvinger,Åsane,1.0,1.0
2025,1,2025-03-31,19:00,Aalesund,Lillestrøm,2.0,2.0
2025,1,2025-04-01,19:00,Raufoss,Moss,3.0,2.0
2025,2,2025-04-05,16:00,Skeid,Start,1.0,3.0
2025,2,2025-04-05,16:00,Sogndal,Aalesund,3.0,4.0
2025,2,2025-04-05,16:00,Hødd,Kongsvinger,0.0,2.0
2025,2,2025-04-05,16:00,Mjøndalen,Raufoss,1.0,1.0
2025,2,2025-04-05,16:00,Moss,Ranheim,2.0,0.0
2025,2,2025-04-05,16:00,Åsane,Egersund,0.0,2.0
2025,2,2025-04-05,16:00,Lillestrøm,Odd,1.0,0.0
2025,2,2025-04-06,17:00,Lyn,Stabæk,0.0,1.0
2025,3,2025-04-21,17:00,Ranheim,Sogndal,1.0,2.0
2025,3,2025-04-21,17:00,Raufoss,Åsane,3.0,2.0
2025,3,2025-04-21,17:00,Start,Hødd,1.0,2.0
2025,3,2025-04-21,17:00,Odd,Lyn,2.0,1.0
2025,3,2025-04-21,17:00,Egersund,Skeid,4.0,3.0
2025,3,2025-04-21,17:00,Kongsvinger,Moss,6.0,0.0
2025,3,2025-04-21,17:00,Stabæk,Lillestrøm,0.0,3.0
2025,3,2025-04-21,17:00,Aalesund,Mjøndalen,0.0,0.0
2025,4,2025-04-27,17:00,Lyn,Lillestrøm,0.0,1.0
2025,4,2025-04-27,17:00,Moss,Stabæk,4.0,2.0
2025,4,2025-04-28,19:00,Skeid,Kongsvinger,1.0,4.0
2025,4,2025-04-28,19:00,Åsane,Aalesund,0.0,0.0
2025,4,2025-04-28,19:00,Mjøndalen,Start,2.0,3.0
2025,4,2025-04-28,19:00,Raufoss,Egersund,0.0,1.0
2025,4,2025-04-28,19:00,Sogndal,Odd,3.0,2.0
2025,4,2025-04-29,19:00,Hødd,Ranheim,0.0,1.0
2025,5,2025-05-03,16:00,Aalesund,Raufoss,3.0,1.0
2025,5,2025-05-03,16:00,Lillestrøm,Moss,3.0,0.0
2025,5,2025-05-03,16:00,Ranheim,Kongsvinger,2.0,1.0
2025,5,2025-05-03,16:00,Sogndal,Mjøndalen,1.0,0.0
2025,5,2025-05-03,16:00,Odd,Egersund,1.0,1.0
2025,5,2025-05-03,16:00,Start,Åsane,2.0,3.0
2025,5,2025-05-04,14:30,Stabæk,Skeid,1.0,0.0
2025,5,2025-05-04,17:00,Lyn,Hødd,0.0,1.0
2025,6,2025-05-11,17:00,Mjøndalen,Ranheim,1.0,4.0
2025,6,2025-05-11,17:00,Hødd,Sogndal,2.0,1.0
2025,6,2025-05-11,17:00,Moss,Lyn,2.0,0.0
2025,6,2025-05-11,17:00,Raufoss,Start,0.0,0.0
2025,6,2025-05-12,19:00,Skeid,Lillestrøm,1.0,1.0
2025,6,2025-05-12,19:00,Kongsvinger,Odd,1.0,3.0
2025,6,2025-05-12,19:00,Åsane,Stabæk,1.0,1.0
2025,7,2025-05-15,19:00,Ranheim,Raufoss,1.0,1.0
2025,7,2025-05-16,18:00,Sogndal,Åsane,2.0,0.0
2025,7,2025-05-16,18:00,Aalesund,Hødd,2.0,0.0
2025,7,2025-05-16,18:00,Start,Egersund,2.0,1.0
2025,7,2025-05-16,18:00,Stabæk,Mjøndalen,4.0,0.0
2025,7,2025-05-16,18:00,Lillestrøm,Kongsvinger,2.0,0.0
2025,7,2025-05-16,18:00,Lyn,Skeid,1.0,1.0
2025,7,2025-05-16,18:00,Odd,Moss,2.0,0.0
2025,8,2025-05-24,16:00,Aalesund,Start,1.0,1.0
2025,8,2025-05-24,16:00,Mjøndalen,Lillestrøm,0.0,6.0
2025,8,2025-05-24,16:00,Moss,Skeid,2.0,1.0
2025,8,2025-05-24,16:00,Kongsvinger,Lyn,2.0,1.0
2025,8,2025-05-24,16:00,Raufoss,Stabæk,1.0,0.0
2025,8,2025-05-25,17:00,Åsane,Ranheim,2.0,1.0
2025,8,2025-05-25,17:00,Egersund,Sogndal,0.0,2.0
2025,8,2025-05-25,17:00,Hødd,Odd,3.0,1.0
2025,9,2025-05-29,19:00,Lyn,Mjøndalen,1.0,3.0
2025,9,2025-05-30,19:00,Skeid,Hødd,1.0,1.0
2025,9,2025-05-31,16:00,Sogndal,Raufoss,2.0,2.0
2025,9,2025-05-31,16:00,Stabæk,Kongsvinger,2.0,2.0
2025,9,2025-05-31,16:00,Lillestrøm,Egersund,1.0,0.0
2025,9,2025-05-31,16:00,Odd,Åsane,1.0,0.0
2025,9,2025-05-31,16:00,Ranheim,Aalesund,2.0,1.0
2025,9,2025-05-31,16:00,Moss,Start,0.0,3.0
2025,10,2025-06-14,16:00,Kongsvinger,Sogndal,4.0,2.0
2025,10,2025-06-14,18:00,Hødd,Lillestrøm,2.0,2.0
2025,10,2025-06-15,14:30,Start,Lyn,1.0,1.0
2025,10,2025-06-15,16:00,Egersund,Ranheim,3.0,4.0
2025,10,2025-06-15,17:00,Åsane,Skeid,2.0,1.0
2025,10,2025-06-15,17:00,Mjøndalen,Moss,2.0,2.0
2025,10,2025-06-15,17:00,Raufoss,Odd,1.0,1.0
2025,10,2025-06-15,19:15,Aalesund,Stabæk,2.0,2.0
2025,11,2025-06-18,19:00,Moss,Hødd,3.0,1.0
2025,11,2025-06-18,19:00,Stabæk,Egersund,1.0,3.0
2025,11,2025-06-18,19:00,Ranheim,Start,0.0,1.0
2025,11,2025-06-18,19:00,Skeid,Sogndal,1.0,4.0
2025,11,2025-06-18,19:00,Lillestrøm,Åsane,2.0,2.0
2025,11,2025-06-18,19:00,Lyn,Raufoss,3.0,2.0
2025,11,2025-06-18,19:00,Odd,Mjøndalen,1.0,1.0
2025,11,2025-06-18,19:00,Kongsvinger,Aalesund,3.0,0.0
2025,12,2025-06-21,14:00,Åsane,Moss,2.0,1.0
2025,12,2025-06-21,14:00,Egersund,Kongsvinger,2.0,2.0
2025,12,2025-06-21,16:00,Start,Stabæk,5.0,1.0
2025,12,2025-06-21,16:00,Ranheim,Lillestrøm,0.0,4.0
2025,12,2025-06-21,16:00,Raufoss,Hødd,6.0,1.0
2025,12,2025-06-21,16:00,Aalesund,Odd,1.0,0.0
2025,12,2025-06-22,17:00,Sogndal,Lyn,1.0,2.0
2025,12,2025-06-23,19:00,Mjøndalen,Skeid,1.0,4.0
2025,13,2025-06-28,14:00,Hødd,Mjøndalen,3.0,1.0
2025,13,2025-06-28,14:00,Kongsvinger,Raufoss,2.0,2.0
2025,13,2025-06-28,16:00,Lillestrøm,Sogndal,0.0,0.0
2025,13,2025-06-28,16:00,Stabæk,Ranheim,1.0,2.0
2025,13,2025-06-28,16:00,Moss,Egersund,2.0,4.0
2025,13,2025-06-28,16:00,Skeid,Aalesund,1.0,1.0
2025,13,2025-06-28,16:00,Odd,Start,2.0,2.0
2025,13,2025-06-29,17:00,Lyn,Åsane,2.0,1.0
2025,6,2025-07-22,18:00,Egersund,Aalesund,2.0,2.0
2025,14,2025-07-26,14:00,Mjøndalen,Kongsvinger,1.0,1.0
2025,14,2025-07-26,14:00,Sogndal,Stabæk,1.0,1.0
2025,14,2025-07-26,14:00,Raufoss,Skeid,1.0,1.0
2025,14,2025-07-26,14:00,Ranheim,Odd,3.0,1.0
2025,14,2025-07-26,14:00,Egersund,Lyn,0.0,5.0
2025,14,2025-07-26,14:00,Start,Lillestrøm,0.0,3.0
2025,14,2025-07-26,14:00,Aalesund,Moss,2.0,0.0
2025,14,2025-07-26,14:00,Åsane,Hødd,2.0,2.0
2025,15,2025-07-30,18:00,Lyn,Aalesund,2.0,2.0
2025,15,2025-07-30,18:00,Skeid,Ranheim,0.0,0.0
2025,15,2025-07-30,18:00,Kongsvinger,Start,0.0,3.0
2025,15,2025-07-30,18:00,Mjøndalen,Åsane,2.0,0.0
2025,15,2025-07-30,18:00,Hødd,Egersund,1.0,0.0
2025,15,2025-07-30,18:00,Moss,Sogndal,3.0,1.0
2025,15,2025-07-30,18:00,Odd,Stabæk,2.0,0.0
2025,15,2025-07-30,20:00,Lillestrøm,Raufoss,2.0,1.0
2025,16,2025-08-02,16:00,Sogndal,Skeid,1.0,1.0
2025,16,2025-08-02,16:00,Aalesund,Kongsvinger,3.0,1.0
2025,16,2025-08-02,16:00,Ranheim,Hødd,2.0,1.0
2025,16,2025-08-02,16:00,Egersund,Odd,1.0,0.0
2025,16,2025-08-02,16:00,Raufoss,Lyn,0.0,3.0
2025,16,2025-08-02,16:00,Start,Mjøndalen,4.0,0.0
2025,16,2025-08-02,16:00,Åsane,Lillestrøm,1.0,2.0
2025,16,2025-08-02,16:00,Stabæk,Moss,3.0,3.0
2025,18,2025-08-06,18:00,Sogndal,Hødd,2.0,1.0
2025,18,2025-08-06,19:00,Egersund,Lillestrøm,0.0,2.0
2025,18,2025-08-06,19:00,Ranheim,Moss,0.0,0.0
2025,18,2025-08-06,19:00,Raufoss,Kongsvinger,2.0,2.0
2025,18,2025-08-06,19:00,Skeid,Mjøndalen,1.0,2.0
2025,18,2025-08-06,19:00,Stabæk,Aalesund,1.0,2.0
2025,18,2025-08-06,19:00,Åsane,Lyn,0.0,2.0
2025,18,2025-08-06,19:00,Start,Odd,2.0,0.0
2025,17,2025-08-10,14:30,Lillestrøm,Aalesund,5.0,1.0
2025,17,2025-08-10,17:00,Hødd,Start,0.0,2.0
2025,17,2025-08-10,17:00,Kongsvinger,Stabæk,2.0,1.0
2025,17,2025-08-10,17:00,Lyn,Ranheim,2.0,1.0
2025,17,2025-08-10,17:00,Mjøndalen,Sogndal,2.0,3.0
2025,17,2025-08-10,17:00,Moss,Åsane,1.0,2.0
2025,17,2025-08-10,17:00,Odd,Raufoss,1.0,2.0
2025,17,2025-08-10,17:00,Skeid,Egersund,0.0,2.0
2025,19,2025-08-16,18:00,Lillestrøm,Start,3.0,0.0
2025,19,2025-08-17,17:00,Hødd,Skeid,1.0,1.0
2025,19,2025-08-17,17:00,Moss,Odd,2.0,2.0
2025,19,2025-08-18,19:00,Kongsvinger,Mjøndalen,4.0,3.0
2025,19,2025-08-18,19:00,Aalesund,Ranheim,6.0,0.0
2025,19,2025-08-18,19:00,Åsane,Raufoss,4.0,2.0
2025,19,2025-08-18,19:00,Stabæk,Sogndal,1.0,2.0
2025,19,2025-08-19,19:00,Lyn,Egersund,1.0,1.0
2025,20,2025-08-23,16:00,Egersund,Åsane,1.0,1.0
2025,20,2025-08-23,16:00,Odd,Kongsvinger,1.0,2.0
2025,20,2025-08-23,16:00,Ranheim,Stabæk,1.0,1.0
2025,20,2025-08-23,16:00,Skeid,Lyn,2.0,3.0
2025,20,2025-08-23,16:00,Sogndal,Moss,3.0,1.0
2025,20,2025-08-23,16:00,Mjøndalen,Hødd,1.0,1.0
2025,20,2025-08-23,16:00,Raufoss,Lillestrøm,1.0,2.0
2025,20,2025-08-23,18:00,Start,Aalesund,3.0,1.0
2025,21,2025-08-30,14:00,Stabæk,Start,1.0,1.0
2025,21,2025-08-30,16:00,Kongsvinger,Ranheim,1.0,1.0
2025,21,2025-08-30,16:00,Moss,Mjøndalen,3.0,1.0
2025,21,2025-08-30,16:00,Åsane,Sogndal,1.0,1.0
2025,21,2025-08-30,16:00,Hødd,Raufoss,2.0,4.0
2025,21,2025-08-30,16:00,Lillestrøm,Skeid,3.0,1.0
2025,21,2025-08-31,17:00,Aalesund,Egersund,2.0,3.0
2025,21,2025-08-31,19:00,Lyn,Odd,0.0,0.0
2025,22,2025-09-13,16:00,Egersund,Stabæk,1.0,1.0
2025,22,2025-09-13,16:00,Sogndal,Lillestrøm,1.0,5.0
2025,22,2025-09-13,16:00,Ranheim,Åsane,5.0,2.0
2025,22,2025-09-13,16:00,Raufoss,Aalesund,0.0,1.0
2025,22,2025-09-13,16:00,Start,Kongsvinger,2.0,3.0
2025,22,2025-09-13,16:00,Odd,Hødd,1.0,2.0
2025,22,2025-09-14,14:30,Skeid,Moss,1.0,1.0
2025,22,2025-09-14,17:00,Mjøndalen,Lyn,0.0,1.0
2025,23,2025-09-20,16:00,Hødd,Moss,2.0,1.0
2025,23,2025-09-20,16:00,Lillestrøm,Mjøndalen,4.0,1.0
2025,23,2025-09-20,16:00,Åsane,Odd,0.0,2.0
2025,23,2025-09-20,16:00,Aalesund,Skeid,3.0,0.0
2025,23,2025-09-20,18:00,Start,Ranheim,2.0,3.0
2025,23,2025-09-21,17:00,Lyn,Sogndal,2.0,1.0
2025,23,2025-09-21,17:00,Kongsvinger,Egersund,2.0,1.0
2025,23,2025-09-21,17:00,Stabæk,Raufoss,3.0,0.0
2025,24,2025-09-27,14:00,Skeid,Åsane,1.0,2.0
2025,24,2025-09-27,16:00,Egersund,Start,2.0,0.0
2025,24,2025-09-28,14:30,Sogndal,Kongsvinger,2.0,2.0
2025,24,2025-09-29,19:00,Hødd,Lyn,0.0,1.0
2025,24,2025-09-29,19:00,Moss,Lillestrøm,1.0,5.0
2025,24,2025-09-29,19:00,Odd,Aalesund,1.0,0.0
2025,24,2025-09-29,19:00,Raufoss,Ranheim,1.0,2.0
2025,25,2025-10-04,16:00,Start,Raufoss,4.0,0.0
2025,25,2025-10-04,16:00,Aalesund,Sogndal,2.0,0.0
2025,25,2025-10-04,16:00,Åsane,Mjøndalen,2.0,3.0
2025,25,2025-10-04,16:00,Kongsvinger,Skeid,3.0,0.0
2025,25,2025-10-04,16:00,Lillestrøm,Hødd,4.0,0.0
2025,25,2025-10-04,16:00,Ranheim,Egersund,0.0,4.0
2025,25,2025-10-05,17:00,Lyn,Moss,4.0,0.0
2025,25,2025-10-05,17:00,Stabæk,Odd,2.0,2.0
2025,26,2025-10-17,19:00,Lillestrøm,Lyn,5.0,1.0
2025,26,2025-10-18,14:00,Skeid,Stabæk,0.0,5.0
2025,26,2025-10-18,16:00,Egersund,Raufoss,4.0,0.0
2025,26,2025-10-18,16:00,Mjøndalen,Aalesund,0.0,6.0
2025,26,2025-10-18,16:00,Odd,Ranheim,1.0,1.0
2025,26,2025-10-18,16:00,Sogndal,Start,0.0,0.0
2025,26,2025-10-18,16:00,Hødd,Åsane,3.0,3.0
2025,26,2025-10-18,16:00,Moss,Kongsvinger,2.0,4.0
2025,27,2025-10-22,18:00,Raufoss,Sogndal,1.0,3.0
2025,27,2025-10-22,18:00,Stabæk,Åsane,2.0,0.0
2025,27,2025-10-22,18:00,Start,Skeid,2.0,1.0
2025,27,2025-10-22,18:00,Egersund,Moss,2.0,0.0
2025,27,2025-10-22,18:00,Kongsvinger,Hødd,3.0,0.0
2025,27,2025-10-22,18:00,Ranheim,Mjøndalen,3.0,0.0
2025,27,2025-10-22,18:00,Aalesund,Lyn,2.0,1.0
2025,27,2025-10-22,18:00,Odd,Lillestrøm,1.0,7.0
2025,28,2025-10-25,14:00,Skeid,Raufoss,1.0,4.0
2025,28,2025-10-25,16:00,Hødd,Stabæk,1.0,3.0
2025,28,2025-10-25,16:00,Lyn,Kongsvinger,0.0,1.0
2025,28,2025-10-25,16:00,Moss,Aalesund,1.0,1.0
2025,28,2025-10-25,16:00,Sogndal,Egersund,0.0,1.0
2025,28,2025-10-25,16:00,Åsane,Start,2.0,2.0
2025,28,2025-10-25,16:00,Lillestrøm,Ranheim,2.0,1.0
2025,28,2025-10-25,16:00,Mjøndalen,Odd,1.0,1.0
2025,24,2025-10-29,19:00,Mjøndalen,Stabæk,3.0,2.0
2025,29,2025-11-01,16:00,Egersund,Hødd,0.0,0.0
2025,29,2025-11-01,16:00,Kongsvinger,Lillestrøm,0.0,2.0
2025,29,2025-11-01,16:00,Odd,Sogndal,1.0,4.0
2025,29,2025-11-01,16:00,Ranheim,Skeid,4.0,2.0
2025,29,2025-11-01,16:00,Aalesund,Åsane,3.0,0.0
2025,29,2025-11-01,16:00,Start,Moss,2.0,1.0
2025,29,2025-11-02,17:00,Raufoss,Mjøndalen,0.0,1.0
2025,29,2025-11-02,17:00,Stabæk,Lyn,1.0,5.0
2025,30,2025-11-08,16:00,Lillestrøm,Stabæk,3.0,0.0
2025,30,2025-11-08,16:00,Lyn,Start,0.0,3.0
2025,30,2025-11-08,16:00,Mjøndalen,Egersund,1.0,2.0
2025,30,2025-11-08,16:00,Moss,Raufoss,1.0,1.0
2025,30,2025-11-08,16:00,Skeid,Odd,5.0,2.0
2025,30,2025-11-08,16:00,Sogndal,Ranheim,0.0,3.0
2025,30,2025-11-08,16:00,Åsane,Kongsvinger,0.0,0.0
2025,30,2025-11-08,16:00,Hødd,Aalesund,0.0,0.0
2026,1,2026-04-05,16:00,Strømsgodset,Stabæk,2.0,1.0
2026,1,2026-04-06,14:30,Lyn,Haugesund,2.0,4.0
2026,1,2026-04-06,14:30,Odd,Sogndal,4.0,0.0
2026,1,2026-04-06,14:30,Åsane,Moss,2.0,3.0
2026,1,2026-04-07,19:00,Kongsvinger,Bryne,3.0,0.0
2026,1,2026-04-07,19:00,Hødd,Sandnes Ulf,2.0,1.0
2026,2,2026-04-11,14:00,Sandnes Ulf,Odd,1.0,3.0
2026,2,2026-04-11,14:00,Sogndal,Lyn,0.0,3.0
2026,2,2026-04-11,14:00,Haugesund,Strømsgodset,4.0,2.0
2026,2,2026-04-11,14:00,Strømmen,Egersund,0.0,3.0
2026,2,2026-04-12,17:00,Bryne,Ranheim,2.0,3.0
2026,2,2026-04-12,17:00,Moss,Hødd,1.0,0.0
2026,2,2026-04-12,17:00,Stabæk,Åsane,4.0,0.0
2026,2,2026-04-13,19:00,Raufoss,Kongsvinger,1.0,3.0
2026,3,2026-04-17,19:00,Ranheim,Raufoss,5.0,1.0
2026,3,2026-04-18,14:00,Strømsgodset,Sogndal,3.0,0.0
2026,3,2026-04-18,14:00,Hødd,Haugesund,0.0,2.0
2026,3,2026-04-18,14:00,Kongsvinger,Moss,2.0,1.0
2026,3,2026-04-19,17:00,Odd,Stabæk,2.0,2.0
2026,3,2026-04-19,17:00,Egersund,Bryne,1.0,0.0
2026,3,2026-04-19,17:00,Åsane,Strømmen,4.0,5.0
2026,3,2026-04-20,19:00,Lyn,Sandnes Ulf,0.0,2.0
2026,4,2026-04-25,16:00,Sogndal,Åsane,2.0,0.0
2026,4,2026-04-25,18:00,Strømmen,Kongsvinger,2.0,2.0
2026,4,2026-04-25,20:00,Bryne,Odd,1.0,2.0
2026,4,2026-04-26,17:00,Raufoss,Hødd,1.0,1.0
2026,4,2026-04-26,17:00,Moss,Lyn,2.0,1.0
2026,4,2026-04-26,17:00,Sandnes Ulf,Strømsgodset,1.0,1.0
2026,4,2026-04-26,17:00,Stabæk,Haugesund,3.0,2.0
2026,4,2026-04-27,19:00,Egersund,Ranheim,3.0,0.0
2026,5,2026-05-01,16:00,Hødd,Åsane,1.0,0.0
2026,5,2026-05-01,16:00,Kongsvinger,Egersund,2.0,1.0
2026,5,2026-05-01,16:00,Strømsgodset,Strømmen,3.0,0.0
2026,5,2026-05-01,16:00,Bryne,Sogndal,3.0,3.0
2026,5,2026-05-01,16:00,Haugesund,Sandnes Ulf,2.0,0.0
2026,5,2026-05-01,16:00,Lyn,Stabæk,0.0,4.0
2026,5,2026-05-01,16:00,Odd,Raufoss,1.0,0.0
2026,5,2026-05-01,20:00,Ranheim,Moss,4.0,0.0
2026,1,2026-05-06,18:00,Egersund,Raufoss,2.0,1.0
2026,6,2026-05-08,19:00,Ranheim,Kongsvinger,1.0,1.0
2026,6,2026-05-10,17:00,Sandnes Ulf,Stabæk,0.0,1.0
2026,6,2026-05-10,17:00,Strømmen,Hødd,1.0,2.0
2026,6,2026-05-10,17:00,Moss,Bryne,2.0,3.0
2026,6,2026-05-10,17:00,Raufoss,Lyn,0.0,1.0
2026,6,2026-05-10,17:00,Sogndal,Haugesund,5.0,1.0
2026,6,2026-05-10,17:00,Åsane,Strømsgodset,0.0,3.0
2026,6,2026-05-11,19:00,Egersund,Odd,0.0,1.0
2026,7,2026-05-15,18:00,Sandnes Ulf,Egersund,4.0,2.0
2026,7,2026-05-16,16:00,Haugesund,Åsane,1.0,1.0
2026,7,2026-05-16,16:00,Hødd,Sogndal,2.0,2.0
2026,7,2026-05-16,16:00,Stabæk,Raufoss,1.0,2.0
2026,7,2026-05-16,16:00,Bryne,Strømmen,4.0,2.0
2026,7,2026-05-16,16:00,Lyn,Kongsvinger,0.0,3.0
2026,7,2026-05-16,16:00,Odd,Moss,2.0,3.0
2026,7,2026-05-16,16:00,Strømsgodset,Ranheim,5.0,4.0
2026,8,2026-05-20,19:00,Kongsvinger,Odd,4.0,2.0
2026,8,2026-05-20,19:00,Strømmen,Haugesund,0.0,7.0
2026,8,2026-05-20,19:00,Åsane,Sandnes Ulf,2.0,0.0
2026,8,2026-05-20,19:00,Egersund,Lyn,0.0,0.0
2026,8,2026-05-20,19:00,Moss,Strømsgodset,1.0,1.0
2026,8,2026-05-20,19:00,Ranheim,Hødd,3.0,2.0
2026,8,2026-05-20,19:00,Raufoss,Bryne,3.0,0.0
2026,8,2026-05-20,19:00,Sogndal,Stabæk,2.0,2.0
2026,9,2026-05-25,17:00,Haugesund,Moss,3.0,1.0
2026,9,2026-05-25,17:00,Strømsgodset,Bryne,1.0,0.0
2026,9,2026-05-25,17:00,Åsane,Raufoss,3.0,0.0
2026,9,2026-05-25,17:00,Hødd,Egersund,3.0,1.0
2026,9,2026-05-25,17:00,Lyn,Strømmen,1.0,0.0
2026,9,2026-05-25,17:00,Odd,Ranheim,3.0,1.0
2026,9,2026-05-25,17:00,Sandnes Ulf,Sogndal,2.0,0.0
2026,9,2026-05-25,17:00,Stabæk,Kongsvinger,2.0,0.0
2026,10,2026-05-30,16:00,Moss,Stabæk,2.0,2.0
2026,10,2026-05-30,16:00,Odd,Lyn,3.0,0.0
2026,10,2026-05-31,17:00,Egersund,Strømsgodset,0.0,5.0
2026,10,2026-05-31,17:00,Strømmen,Sogndal,2.0,3.0
2026,10,2026-05-31,17:00,Bryne,Hødd,1.0,0.0
2026,10,2026-05-31,17:00,Kongsvinger,Åsane,3.0,1.0
2026,10,2026-05-31,17:00,Raufoss,Haugesund,3.0,4.0
2026,10,2026-05-31,17:00,Ranheim,Sandnes Ulf,5.0,1.0
2026,1,2026-06-07,17:00,Ranheim,Strømmen,2.0,2.0
2026,11,2026-06-14,16:00,Haugesund,Ranheim,4.0,1.0
2026,11,2026-06-14,16:00,Hødd,Kongsvinger,1.0,2.0
2026,11,2026-06-14,16:00,Sogndal,Moss,2.0,4.0
2026,11,2026-06-14,16:00,Strømsgodset,Raufoss,6.0,1.0
2026,11,2026-06-14,16:00,Åsane,Odd,2.0,1.0
2026,11,2026-06-14,16:00,Lyn,Bryne,0.0,3.0
2026,11,2026-06-14,16:00,Sandnes Ulf,Strømmen,2.0,0.0
2026,11,2026-06-14,16:00,Stabæk,Egersund,3.0,1.0
2026,12,2026-06-19,19:00,Ranheim,Lyn,3.0,2.0
2026,12,2026-06-21,16:00,Bryne,Åsane,1.0,0.0
2026,12,2026-06-21,16:00,Egersund,Haugesund,5.0,2.0
2026,12,2026-06-21,16:00,Odd,Hødd,0.0,0.0
2026,12,2026-06-21,16:00,Raufoss,Sogndal,3.0,1.0
2026,12,2026-06-21,16:00,Kongsvinger,Strømsgodset,4.0,4.0
2026,12,2026-06-21,16:00,Strømmen,Stabæk,1.0,0.0
2026,12,2026-06-21,16:00,Moss,Sandnes Ulf,1.0,4.0
2026,13,2026-06-27,16:00,Haugesund,Kongsvinger,4.0,2.0
2026,13,2026-06-27,16:00,Stabæk,Bryne,2.0,0.0
2026,13,2026-06-27,16:00,Strømmen,Moss,3.0,2.0
2026,13,2026-06-27,16:00,Åsane,Ranheim,3.0,0.0
2026,13,2026-06-27,16:00,Lyn,Hødd,1.0,4.0
2026,13,2026-06-27,16:00,Sandnes Ulf,Raufoss,3.0,0.0
2026,13,2026-06-27,18:00,Strømsgodset,Odd,2.0,2.0
2026,13,2026-06-27,20:00,Sogndal,Egersund,4.0,2.0
2026,14,2026-07-02,18:00,Lyn,Åsane,6.0,2.0
2026,14,2026-07-03,18:00,Kongsvinger,Sogndal,5.0,1.0
2026,14,2026-07-03,18:00,Raufoss,Strømmen,1.0,0.0
2026,14,2026-07-03,19:00,Ranheim,Stabæk,2.0,5.0
2026,14,2026-07-04,14:00,Egersund,Moss,3.0,0.0
2026,14,2026-07-04,16:00,Hødd,Strømsgodset,4.0,3.0
2026,14,2026-07-04,18:00,Bryne,Sandnes Ulf,1.0,1.0
2026,14,2026-07-05,16:00,Odd,Haugesund,1.0,3.0
2026,15,2026-07-25,18:00,Strømsgodset,Lyn,1.0,1.0
2026,15,2026-07-25,20:00,Haugesund,Bryne,1.0,2.0
2026,15,2026-07-26,17:00,Moss,Raufoss,1.0,2.0
2026,15,2026-07-26,17:00,Sandnes Ulf,Kongsvinger,1.0,6.0
2026,15,2026-07-26,17:00,Sogndal,Ranheim,3.0,2.0
2026,15,2026-07-26,17:00,Strømmen,Odd,0.0,0.0
2026,15,2026-07-26,17:00,Åsane,Egersund,3.0,3.0
2026,15,2026-07-27,19:00,Stabæk,Hødd,6.0,0.0
2026,16,2026-08-01,17:00,Bryne,Strømsgodset,0.0,2.0
2026,16,2026-08-02,17:00,Lyn,Sogndal,3.0,2.0
2026,16,2026-08-02,17:00,Odd,Åsane,4.0,1.0
2026,16,2026-08-02,17:00,Egersund,Sandnes Ulf,2.0,0.0
2026,16,2026-08-02,17:00,Hødd,Moss,2.0,1.0
2026,16,2026-08-02,17:00,Kongsvinger,Strømmen,1.0,3.0
2026,16,2026-08-02,17:15,Raufoss,Stabæk,0.0,2.0
2026,16,2026-08-03,19:00,Ranheim,Haugesund,3.0,4.0
2026,17,2026-08-08,16:00,Stabæk,Lyn,4.0,3.0
2026,17,2026-08-09,17:00,Haugesund,Raufoss,7.0,2.0
2026,17,2026-08-09,17:00,Sandnes Ulf,Hødd,3.0,4.0
2026,17,2026-08-09,17:00,Åsane,Kongsvinger,1.0,2.0
2026,17,2026-08-09,17:00,Strømsgodset,Egersund,0.0,2.0
2026,17,2026-08-09,17:00,Sogndal,Bryne,0.0,2.0
2026,17,2026-08-09,17:00,Strømmen,Ranheim,1.0,4.0
2026,17,2026-08-10,19:00,Moss,Odd,3.0,3.0
2026,18,2026-08-15,16:00,Ranheim,Strømsgodset,1.0,3.0
2026,18,2026-08-15,16:00,Bryne,Moss,2.0,1.0
2026,18,2026-08-15,16:00,Lyn,Odd,5.0,1.0
2026,18,2026-08-16,17:00,Raufoss,Åsane,1.0,2.0
2026,18,2026-08-16,17:00,Egersund,Stabæk,0.0,4.0
2026,18,2026-08-16,17:00,Kongsvinger,Haugesund,3.0,2.0
2026,18,2026-08-16,17:00,Hødd,Strømmen,4.0,3.0
2026,18,2026-08-16,17:00,Sogndal,Sandnes Ulf,2.0,0.0
2026,19,2026-08-22,16:00,Sandnes Ulf,Bryne,0.0,1.0
2026,19,2026-08-26,18:00,Strømmen,Raufoss,3.0,1.0
2026,19,2026-08-26,19:00,Odd,Kongsvinger,0.0,1.0
2026,19,2026-08-26,19:00,Åsane,Lyn,1.0,2.0
2026,19,2026-08-26,19:00,Haugesund,Egersund,3.0,0.0
2026,19,2026-08-26,19:00,Moss,Sogndal,2.0,2.0
2026,19,2026-08-26,19:00,Stabæk,Ranheim,4.0,2.0
2026,19,2026-08-26,19:00,Strømsgodset,Hødd,3.0,1.0
2026,20,2026-08-30,17:00,Sogndal,Strømsgodset,2.0,3.0
2026,20,2026-08-30,17:00,Bryne,Haugesund,0.0,2.0
2026,20,2026-08-30,17:00,Egersund,Åsane,2.0,2.0
2026,20,2026-08-30,17:00,Hødd,Stabæk,2.0,1.0
2026,20,2026-08-30,17:00,Ranheim,Odd,3.0,5.0
2026,20,2026-08-30,17:00,Kongsvinger,Lyn,4.0,4.0
2026,20,2026-08-30,17:00,Moss,Strømmen,1.0,2.0
2026,20,2026-08-30,17:00,Raufoss,Sandnes Ulf,0.0,3.0
2026,21,2026-09-05,16:00,Haugesund,Sogndal,2.0,0.0
2026,21,2026-09-05,16:00,Odd,Strømsgodset,1.0,1.0
2026,21,2026-09-05,16:00,Åsane,Hødd,2.0,2.0
2026,21,2026-09-05,16:00,Kongsvinger,Raufoss,9.0,1.0
2026,21,2026-09-05,16:00,Sandnes Ulf,Ranheim,1.0,1.0
2026,21,2026-09-05,16:00,Strømmen,Bryne,2.0,0.0
2026,21,2026-09-05,20:00,Stabæk,Moss,2.0,3.0
2026,21,2026-09-06,17:00,Lyn,Egersund,1.0,1.0
2026,22,2026-09-12,20:00,Bryne,Stabæk,2.0,0.0
2026,22,2026-09-13,17:00,Egersund,Kongsvinger,1.0,1.0
2026,22,2026-09-13,17:00,Hødd,Lyn,0.0,2.0
2026,22,2026-09-13,17:00,Raufoss,Odd,2.0,1.0
2026,22,2026-09-13,17:00,Sogndal,Strømmen,1.0,1.0
2026,22,2026-09-13,17:00,Moss,Haugesund,1.0,4.0
2026,22,2026-09-13,17:00,Strømsgodset,Sandnes Ulf,4.0,1.0
2026,22,2026-09-13,17:00,Ranheim,Åsane,2.0,2.0
2026,23,2026-09-19,16:00,Åsane,Bryne,0.0,4.0
2026,23,2026-09-20,17:00,Stabæk,Sogndal,2.0,1.0
2026,23,2026-09-20,17:00,Raufoss,Strømsgodset,0.0,2.0
2026,23,2026-09-20,17:00,Odd,Egersund,5.0,1.0
2026,23,2026-09-20,17:00,Sandnes Ulf,Moss,1.0,2.0
2026,23,2026-09-20,17:00,Haugesund,Strømmen,4.0,2.0
2026,23,2026-09-20,17:00,Lyn,Ranheim,1.0,4.0
2026,23,2026-09-20,17:00,Kongsvinger,Hødd,5.0,1.0
2026,24,2026-10-02,19:00,Ranheim,Egersund,,
2026,24,2026-10-03,14:30,Strømmen,Sandnes Ulf,,
2026,24,2026-10-03,16:00,Hødd,Odd,,
2026,24,2026-10-03,16:00,Strømsgodset,Åsane,,
2026,24,2026-10-03,16:00,Haugesund,Stabæk,,
2026,24,2026-10-04,14:30,Bryne,Lyn,,
2026,24,2026-10-05,19:00,Moss,Kongsvinger,,
2026,25,2026-10-11,17:00,Stabæk,Strømmen,,
2026,25,2026-10-11,17:00,Egersund,Hødd,,
2026,25,2026-10-11,17:00,Lyn,Strømsgodset,,
2026,25,2026-10-11,17:00,Raufoss,Moss,,
2026,25,2026-10-11,17:00,Sandnes Ulf,Haugesund,,
2026,25,2026-10-11,17:00,Åsane,Sogndal,,
2026,25,2026-10-11,17:00,Kongsvinger,Ranheim,,
2026,25,2026-10-11,17:00,Odd,Bryne,,
2026,26,2026-10-14,15:00,Strømmen,Åsane,,
2026,26,2026-10-14,19:00,Hødd,Ranheim,,
2026,26,2026-10-14,19:00,Stabæk,Sandnes Ulf,,
2026,26,2026-10-14,19:00,Sogndal,Odd,,
2026,26,2026-10-14,19:00,Moss,Egersund,,
2026,26,2026-10-14,19:00,Haugesund,Lyn,,
2026,26,2026-10-14,19:00,Bryne,Raufoss,,
2026,26,2026-10-14,19:00,Strømsgodset,Kongsvinger,,
2026,27,2026-10-18,14:30,Egersund,Sogndal,,
2026,27,2026-10-18,14:30,Strømsgodset,Haugesund,,
2026,27,2026-10-18,17:00,Kongsvinger,Sandnes Ulf,,
2026,27,2026-10-18,17:00,Lyn,Moss,,
2026,27,2026-10-18,17:00,Odd,Strømmen,,
2026,27,2026-10-18,17:00,Åsane,Stabæk,,
2026,27,2026-10-18,17:00,Hødd,Raufoss,,
2026,27,2026-10-18,17:00,Ranheim,Bryne,,
2026,24,2026-10-21,19:00,Sogndal,Raufoss,,
2026,28,2026-10-24,14:00,Raufoss,Ranheim,,
2026,28,2026-10-25,13:00,Strømmen,Strømsgodset,,
2026,28,2026-10-25,14:30,Haugesund,Hødd,,
2026,28,2026-10-25,14:30,Sandnes Ulf,Lyn,,
2026,28,2026-10-25,17:00,Sogndal,Kongsvinger,,
2026,28,2026-10-25,17:00,Stabæk,Odd,,
2026,28,2026-10-25,17:00,Bryne,Egersund,,
2026,28,2026-10-25,17:00,Moss,Åsane,,
2026,29,2026-11-01,17:00,Lyn,Raufoss,,
2026,29,2026-11-01,17:00,Strømsgodset,Moss,,
2026,29,2026-11-01,17:00,Egersund,Strømmen,,
2026,29,2026-11-01,17:00,Hødd,Bryne,,
2026,29,2026-11-01,17:00,Odd,Sandnes Ulf,,
2026,29,2026-11-01,17:00,Ranheim,Sogndal,,
2026,29,2026-11-01,17:00,Åsane,Haugesund,,
2026,29,2026-11-02,19:00,Kongsvinger,Stabæk,,
2026,30,2026-11-08,13:00,Bryne,Kongsvinger,,
2026,30,2026-11-08,13:00,Moss,Ranheim,,
2026,30,2026-11-08,13:00,Raufoss,Egersund,,
2026,30,2026-11-08,13:00,Sogndal,Hødd,,
2026,30,2026-11-08,13:00,Stabæk,Strømsgodset,,
2026,30,2026-11-08,13:00,Strømmen,Lyn,,
2026,30,2026-11-08,13:00,Haugesund,Odd,,
2026,30,2026-11-08,13:00,Sandnes Ulf,Åsane,,
