sesong,dato,hjemmelag,bortelag,mal_hjemme,mal_borte,utfall,odds_1,odds_x,odds_2
2012,2012-04-09,Alta,Mjøndalen,0,1,2,2.02,3.33,3.38
2012,2012-04-09,Bryne,Strømmen,3,1,1,1.84,3.55,3.78
2012,2012-04-09,Bærum,Bodø/Glimt,3,3,X,2.92,3.39,2.20
2012,2012-04-09,HamKam,Sandefjord,2,3,2,2.22,3.36,2.92
2012,2012-04-09,Hødd,Kongsvinger,0,2,2,2.40,3.33,2.68
2012,2012-04-09,Sarpsborg 08,Start,4,4,X,2.10,3.39,3.13
2012,2012-04-09,Tromsdalen,Ranheim,1,3,2,2.34,3.34,2.70
2012,2012-04-09,Ull/Kisa,Notodden,2,0,1,2.62,3.20,2.54
2012,2012-04-15,Bodø/Glimt,Alta,1,0,1,1.33,4.75,7.64
2012,2012-04-15,Kongsvinger,Tromsdalen,2,0,1,1.27,5.15,8.86
2012,2012-04-15,Notodden,Bryne,3,0,1,2.29,3.25,2.88
2012,2012-04-15,Ranheim,Ull/Kisa,3,0,1,1.52,3.95,5.56
2012,2012-04-15,Sandefjord,Sarpsborg 08,1,2,2,2.03,3.47,3.29
2012,2012-04-15,Start,HamKam,3,1,1,1.56,3.83,5.38
2012,2012-04-15,Strømmen,Hødd,4,2,1,2.20,3.36,2.96
2012,2012-04-21,Sandefjord,Start,1,1,X,2.56,3.36,2.51
2012,2012-04-22,Alta,Bærum,3,3,X,1.74,3.59,4.19
2012,2012-04-22,Bryne,Ranheim,0,1,2,2.25,3.35,2.86
2012,2012-04-22,HamKam,Strømmen,2,3,2,1.70,3.68,4.30
2012,2012-04-22,Hødd,Bodø/Glimt,2,1,1,2.70,3.26,2.39
2012,2012-04-22,Sarpsborg 08,Kongsvinger,1,2,2,2.06,3.34,3.31
2012,2012-04-22,Tromsdalen,Notodden,1,0,1,1.96,3.45,3.38
2012,2012-04-22,Ull/Kisa,Mjøndalen,5,0,1,2.65,3.26,2.47
2012,2012-04-28,Alta,Hødd,5,0,1,2.11,3.35,3.08
2012,2012-04-28,Bodø/Glimt,Tromsdalen,3,2,1,1.40,4.14,7.36
2012,2012-04-28,Bærum,Ull/Kisa,1,3,2,2.08,3.43,3.16
2012,2012-04-28,Kongsvinger,HamKam,0,3,2,1.54,3.93,5.45
2012,2012-04-28,Mjøndalen,Bryne,1,1,X,2.22,3.39,2.88
2012,2012-04-28,Notodden,Sarpsborg 08,0,1,2,2.81,3.23,2.35
2012,2012-04-28,Ranheim,Start,1,1,X,2.42,3.31,2.67
2012,2012-04-28,Strømmen,Sandefjord,1,1,X,2.80,3.33,2.30
2012,2012-05-06,Bryne,Alta,1,1,X,1.74,3.55,4.21
2012,2012-05-06,HamKam,Notodden,1,0,1,1.67,3.75,4.42
2012,2012-05-06,Sandefjord,Kongsvinger,1,0,1,1.97,3.45,3.40
2012,2012-05-06,Sarpsborg 08,Ranheim,2,2,X,1.87,3.41,3.74
2012,2012-05-06,Start,Strømmen,3,1,1,1.30,4.97,8.14
2012,2012-05-06,Tromsdalen,Mjøndalen,2,0,1,1.87,3.48,3.66
2012,2012-05-06,Ull/Kisa,Bodø/Glimt,0,3,2,2.77,3.36,2.29
2012,2012-05-13,Alta,Ull/Kisa,1,3,2,1.69,3.67,4.45
2012,2012-05-13,Bodø/Glimt,Bryne,4,1,1,1.51,4.01,5.67
2012,2012-05-13,Bærum,Tromsdalen,1,2,2,2.39,3.38,2.68
2012,2012-05-13,Kongsvinger,Start,0,1,2,3.03,3.32,2.20
2012,2012-05-13,Mjøndalen,Hødd,2,1,1,1.83,3.57,3.75
2012,2012-05-13,Notodden,Sandefjord,3,0,1,2.91,3.45,2.21
2012,2012-05-13,Ranheim,HamKam,1,1,X,1.69,3.73,4.32
2012,2012-05-13,Strømmen,Sarpsborg 08,0,2,2,3.28,3.50,2.01
2012,2012-05-16,Bryne,Bærum,3,1,1,1.50,4.06,5.69
2012,2012-05-16,HamKam,Bodø/Glimt,0,0,X,2.42,3.34,2.62
2012,2012-05-16,Hødd,Ull/Kisa,1,3,2,1.99,3.49,3.34
2012,2012-05-16,Sandefjord,Ranheim,3,0,1,2.06,3.40,3.18
2012,2012-05-16,Sarpsborg 08,Mjøndalen,3,1,1,1.38,4.43,6.94
2012,2012-05-16,Start,Notodden,7,0,1,1.30,4.84,8.75
2012,2012-05-16,Strømmen,Kongsvinger,1,0,1,2.97,3.35,2.18
2012,2012-05-16,Tromsdalen,Alta,1,1,X,1.85,3.56,3.68
2012,2012-05-20,Alta,Sarpsborg 08,1,3,2,3.48,3.53,1.92
2012,2012-05-20,Bodø/Glimt,Sandefjord,4,0,1,1.73,3.73,4.00
2012,2012-05-20,Bærum,HamKam,1,2,2,3.40,3.48,1.97
2012,2012-05-20,Hødd,Bryne,0,1,2,2.22,3.43,2.85
2012,2012-05-20,Mjøndalen,Start,3,0,1,5.03,3.82,1.58
2012,2012-05-20,Notodden,Strømmen,2,0,1,1.88,3.50,3.73
2012,2012-05-20,Ranheim,Kongsvinger,7,0,1,1.89,3.43,3.67
2012,2012-05-22,Ull/Kisa,Tromsdalen,2,1,1,1.95,3.50,3.53
2012,2012-05-23,Mjøndalen,Bærum,2,1,1,1.51,4.01,5.64
2012,2012-05-28,Bryne,Ull/Kisa,0,2,2,1.82,3.61,3.81
2012,2012-05-28,HamKam,Mjøndalen,1,1,X,1.60,3.91,4.82
2012,2012-05-28,Kongsvinger,Notodden,3,1,1,1.70,3.58,4.49
2012,2012-05-28,Sandefjord,Alta,2,2,X,1.38,4.39,7.45
2012,2012-05-28,Sarpsborg 08,Bærum,1,0,1,1.17,6.30,13.50
2012,2012-05-28,Start,Bodø/Glimt,3,0,1,1.78,3.70,3.91
2012,2012-05-28,Strømmen,Ranheim,2,1,1,3.51,3.39,1.97
2012,2012-05-28,Tromsdalen,Hødd,3,2,1,1.62,3.96,4.60
2012,2012-06-03,Alta,Kongsvinger,1,1,X,2.43,3.31,2.65
2012,2012-06-03,Bodø/Glimt,Strømmen,0,0,X,1.26,5.39,9.10
2012,2012-06-03,Bryne,Tromsdalen,2,2,X,1.96,3.41,3.54
2012,2012-06-03,Bærum,Start,2,3,2,7.18,4.43,1.39
2012,2012-06-03,Hødd,HamKam,5,0,1,2.76,3.41,2.29
2012,2012-06-03,Notodden,Ranheim,2,3,2,2.88,3.39,2.23
2012,2012-06-03,Ull/Kisa,Sarpsborg 08,2,1,1,3.45,3.56,1.94
2012,2012-06-24,Hødd,Bærum,2,0,1,1.57,3.99,5.02
2012,2012-06-24,Mjøndalen,Sandefjord,0,3,2,2.51,3.41,2.49
2012,2012-06-30,HamKam,Alta,3,0,1,1.56,3.85,5.28
2012,2012-06-30,Kongsvinger,Bærum,6,2,1,1.28,5.29,8.46
2012,2012-06-30,Notodden,Bodø/Glimt,0,4,2,3.29,3.43,2.02
2012,2012-06-30,Ranheim,Hødd,1,1,X,1.48,3.99,5.98
2012,2012-06-30,Sandefjord,Tromsdalen,1,2,2,1.44,4.21,6.21
2012,2012-06-30,Sarpsborg 08,Bryne,2,2,X,1.41,4.28,6.71
2012,2012-06-30,Start,Ull/Kisa,2,0,1,1.33,4.75,7.71
2012,2012-06-30,Strømmen,Mjøndalen,2,2,X,2.24,3.36,2.89
2012,2012-07-08,Bodø/Glimt,Ranheim,0,3,2,1.62,3.95,4.69
2012,2012-07-08,Bryne,Sandefjord,0,1,2,2.48,3.31,2.57
2012,2012-07-08,Bærum,Notodden,6,0,1,2.55,3.34,2.51
2012,2012-07-08,Hødd,Start,0,0,X,3.43,3.38,1.97
2012,2012-07-08,Mjøndalen,Kongsvinger,2,1,1,2.54,3.34,2.50
2012,2012-07-08,Tromsdalen,Sarpsborg 08,0,0,X,3.94,3.50,1.81
2012,2012-07-11,Alta,Strømmen,2,3,2,1.86,3.56,3.65
2012,2012-07-15,HamKam,Tromsdalen,7,2,1,1.60,3.90,4.82
2012,2012-07-15,Kongsvinger,Bryne,1,2,2,1.69,3.67,4.44
2012,2012-07-15,Notodden,Hødd,2,2,X,2.37,3.40,2.68
2012,2012-07-15,Ranheim,Mjøndalen,1,2,2,1.51,3.93,5.73
2012,2012-07-15,Sandefjord,Ull/Kisa,2,0,1,1.63,3.78,4.76
2012,2012-07-15,Sarpsborg 08,Bodø/Glimt,1,1,X,1.83,3.65,3.72
2012,2012-07-15,Start,Alta,4,0,1,1.15,6.80,12.50
2012,2012-07-15,Strømmen,Bærum,1,2,2,1.68,3.58,4.70
2012,2012-07-18,Ull/Kisa,HamKam,0,1,2,2.82,3.39,2.25
2012,2012-07-22,Alta,Ranheim,1,1,X,3.64,3.59,1.85
2012,2012-07-22,Bodø/Glimt,Kongsvinger,1,1,X,1.56,3.90,5.18
2012,2012-07-22,Bryne,HamKam,0,1,2,2.39,3.38,2.63
2012,2012-07-22,Bærum,Sandefjord,1,3,2,3.73,3.70,1.80
2012,2012-07-22,Hødd,Sarpsborg 08,2,1,1,2.57,3.43,2.46
2012,2012-07-22,Mjøndalen,Notodden,2,2,X,1.64,3.73,4.62
2012,2012-07-22,Tromsdalen,Start,1,2,2,4.70,3.88,1.60
2012,2012-07-23,Ull/Kisa,Strømmen,1,1,X,1.89,3.46,3.63
2012,2012-07-29,Bodø/Glimt,Mjøndalen,2,2,X,1.45,4.18,6.18
2012,2012-07-29,Kongsvinger,Ull/Kisa,1,0,1,1.71,3.59,4.28
2012,2012-07-29,Notodden,Alta,4,1,1,1.71,3.68,4.24
2012,2012-07-29,Ranheim,Bærum,3,1,1,1.26,5.10,10.19
2012,2012-07-29,Sandefjord,Hødd,1,0,1,1.58,3.85,4.94
2012,2012-07-29,Sarpsborg 08,HamKam,4,1,1,1.83,3.59,3.71
2012,2012-07-29,Start,Bryne,3,1,1,1.22,5.64,10.13
2012,2012-07-29,Strømmen,Tromsdalen,5,0,1,1.96,3.46,3.41
2012,2012-08-05,Bryne,Notodden,2,1,1,1.79,3.51,3.99
2012,2012-08-05,Bærum,Sarpsborg 08,2,4,2,4.62,3.84,1.62
2012,2012-08-05,HamKam,Kongsvinger,0,5,2,1.83,3.46,3.89
2012,2012-08-05,Hødd,Alta,1,1,X,1.35,4.53,7.71
2012,2012-08-05,Mjøndalen,Ull/Kisa,2,1,1,1.72,3.60,4.29
2012,2012-08-05,Start,Ranheim,2,2,X,1.40,4.54,6.51
2012,2012-08-05,Strømmen,Bodø/Glimt,1,1,X,3.05,3.40,2.13
2012,2012-08-05,Tromsdalen,Sandefjord,0,3,2,3.15,3.25,2.14
2012,2012-08-10,Sandefjord,Mjøndalen,1,1,X,1.50,4.13,5.55
2012,2012-08-12,Alta,Bryne,3,2,1,2.45,3.33,2.62
2012,2012-08-12,Bodø/Glimt,Bærum,3,1,1,1.22,5.68,10.50
2012,2012-08-12,Kongsvinger,Hødd,2,1,1,1.66,3.74,4.59
2012,2012-08-12,Notodden,HamKam,0,3,2,2.62,3.43,2.45
2012,2012-08-12,Ranheim,Tromsdalen,4,1,1,1.30,5.10,8.09
2012,2012-08-12,Sarpsborg 08,Strømmen,4,0,1,1.38,4.43,7.16
2012,2012-08-13,Ull/Kisa,Start,0,3,2,5.16,3.96,1.55
2012,2012-08-19,Bærum,Strømmen,0,0,X,2.23,3.51,2.79
2012,2012-08-19,HamKam,Ranheim,2,1,1,2.13,3.46,3.00
2012,2012-08-19,Mjøndalen,Alta,4,0,1,1.43,4.21,6.30
2012,2012-08-19,Start,Sarpsborg 08,3,4,2,1.56,4.06,4.86
2012,2012-08-26,Alta,Sandefjord,0,1,2,4.11,3.65,1.74
2012,2012-08-26,Bodø/Glimt,HamKam,3,1,1,1.63,3.74,4.73
2012,2012-08-26,Bærum,Hødd,1,2,2,2.96,3.49,2.13
2012,2012-08-26,Kongsvinger,Mjøndalen,0,2,2,1.72,3.78,4.03
2012,2012-08-26,Notodden,Ull/Kisa,1,2,2,1.83,3.54,3.79
2012,2012-08-26,Ranheim,Bryne,0,0,X,1.56,3.94,5.14
2012,2012-08-26,Sarpsborg 08,Tromsdalen,2,0,1,1.19,6.09,11.63
2012,2012-08-26,Strømmen,Start,1,2,2,5.63,4.18,1.48
2012,2012-08-29,Hødd,Notodden,2,1,1,1.31,5.10,7.67
2012,2012-08-29,Tromsdalen,Kongsvinger,2,1,1,2.61,3.42,2.42
2012,2012-08-29,Ull/Kisa,Sandefjord,1,1,X,3.48,3.45,1.96
2012,2012-09-02,Bryne,Kongsvinger,2,1,1,2.11,3.41,3.06
2012,2012-09-02,HamKam,Sarpsborg 08,3,5,2,2.88,3.43,2.21
2012,2012-09-02,Hødd,Ranheim,1,3,2,2.29,3.43,2.76
2012,2012-09-02,Mjøndalen,Bodø/Glimt,2,1,1,2.42,3.36,2.64
2012,2012-09-02,Sandefjord,Notodden,3,3,X,1.25,5.60,9.11
2012,2012-09-02,Start,Bærum,4,0,1,1.11,8.25,14.63
2012,2012-09-02,Tromsdalen,Strømmen,3,0,1,1.87,3.63,3.59
2012,2012-09-02,Ull/Kisa,Alta,3,0,1,1.58,3.85,5.03
2012,2012-09-09,Bodø/Glimt,Ull/Kisa,1,0,1,1.34,4.60,7.71
2012,2012-09-09,Bærum,Bryne,5,4,1,2.97,3.37,2.20
2012,2012-09-09,Kongsvinger,Alta,4,0,1,1.37,4.45,7.54
2012,2012-09-09,Notodden,Mjøndalen,0,2,2,2.73,3.44,2.28
2012,2012-09-09,Ranheim,Sandefjord,1,2,2,1.94,3.47,3.52
2012,2012-09-09,Start,Tromsdalen,3,3,X,1.11,8.21,14.38
2012,2012-09-09,Strømmen,HamKam,0,4,2,3.17,3.43,2.06
2012,2012-09-12,Bryne,Bodø/Glimt,2,1,1,2.80,3.48,2.24
2012,2012-09-16,Alta,Notodden,1,0,1,2.39,3.34,2.68
2012,2012-09-16,Bryne,Sarpsborg 08,4,3,1,3.29,3.46,1.99
2012,2012-09-16,HamKam,Start,1,2,2,3.54,3.56,1.89
2012,2012-09-16,Hødd,Strømmen,4,1,1,1.46,4.15,5.85
2012,2012-09-16,Mjøndalen,Ranheim,2,1,1,2.02,3.53,3.21
2012,2012-09-16,Sandefjord,Bodø/Glimt,2,1,1,1.82,3.48,3.72
2012,2012-09-16,Tromsdalen,Bærum,2,3,2,1.40,4.57,6.29
2012,2012-09-16,Ull/Kisa,Kongsvinger,0,1,2,2.78,3.34,2.29
2012,2012-09-23,Bodø/Glimt,Notodden,6,0,1,1.27,5.80,8.30
2012,2012-09-23,Bærum,Mjøndalen,0,3,2,3.80,3.73,1.79
2012,2012-09-23,Kongsvinger,Sandefjord,2,0,1,2.30,3.40,2.78
2012,2012-09-23,Ranheim,Alta,2,1,1,1.25,5.70,9.12
2012,2012-09-23,Sarpsborg 08,Ull/Kisa,2,1,1,1.30,5.27,7.85
2012,2012-09-23,Start,Hødd,2,1,1,1.26,5.60,8.82
2012,2012-09-23,Strømmen,Bryne,1,1,X,2.80,3.45,2.27
2012,2012-09-23,Tromsdalen,HamKam,1,1,X,2.55,3.50,2.43
2012,2012-09-30,Alta,Bodø/Glimt,1,1,X,4.05,3.75,1.74
2012,2012-09-30,Bryne,Start,0,3,2,4.36,3.82,1.67
2012,2012-09-30,HamKam,Bærum,3,1,1,1.32,5.11,7.09
2012,2012-09-30,Hødd,Tromsdalen,4,3,1,1.45,4.47,5.68
2012,2012-09-30,Mjøndalen,Sarpsborg 08,0,2,2,2.55,3.47,2.43
2012,2012-09-30,Notodden,Kongsvinger,3,1,1,3.60,3.59,1.86
2012,2012-09-30,Sandefjord,Strømmen,1,0,1,1.27,5.14,9.21
2012,2012-09-30,Ull/Kisa,Ranheim,1,0,1,3.03,3.38,2.15
2012,2012-10-07,Bærum,Alta,1,1,X,1.87,3.66,3.53
2012,2012-10-07,HamKam,Hødd,2,0,1,1.70,3.84,4.13
2012,2012-10-07,Kongsvinger,Bodø/Glimt,1,2,2,2.19,3.45,2.89
2012,2012-10-07,Ranheim,Notodden,3,2,1,1.35,4.77,7.15
2012,2012-10-07,Sarpsborg 08,Sandefjord,0,3,2,1.77,3.69,3.99
2012,2012-10-07,Start,Mjøndalen,3,1,1,1.37,4.61,6.96
2012,2012-10-07,Strømmen,Ull/Kisa,2,1,1,2.39,3.39,2.66
2012,2012-10-07,Tromsdalen,Bryne,5,1,1,2.02,3.44,3.29
2012,2012-10-14,Alta,Start,0,2,2,7.64,4.58,1.35
2012,2012-10-14,Bodø/Glimt,Sarpsborg 08,2,3,2,2.11,3.43,3.08
2012,2012-10-14,Bryne,Hødd,1,0,1,2.21,3.40,2.91
2012,2012-10-14,Kongsvinger,Ranheim,2,2,X,1.79,3.58,3.91
2012,2012-10-14,Notodden,Tromsdalen,1,5,2,2.41,3.47,2.57
2012,2012-10-14,Sandefjord,HamKam,2,0,1,1.70,3.65,4.33
2012,2012-10-14,Ull/Kisa,Bærum,5,2,1,1.48,4.17,5.70
2012,2012-10-21,Bærum,Kongsvinger,4,1,1,4.05,3.69,1.74
2012,2012-10-21,HamKam,Bryne,1,1,X,1.54,4.02,5.19
2012,2012-10-21,Hødd,Mjøndalen,3,0,1,2.22,3.47,2.84
2012,2012-10-21,Ranheim,Bodø/Glimt,1,1,X,2.02,3.40,3.28
2012,2012-10-21,Sarpsborg 08,Alta,6,0,1,1.11,7.94,14.88
2012,2012-10-21,Start,Sandefjord,1,0,1,1.69,3.68,4.35
2012,2012-10-21,Strømmen,Notodden,2,1,1,1.63,3.80,4.64
2012,2012-10-21,Tromsdalen,Ull/Kisa,1,2,2,1.78,3.66,3.91
2012,2012-10-24,Sarpsborg 08,Hødd,2,2,X,1.32,4.91,7.46
2012,2012-10-28,Alta,HamKam,0,0,X,4.07,3.70,1.75
2012,2012-10-28,Bodø/Glimt,Start,5,0,1,1.96,3.77,3.17
2012,2012-10-28,Kongsvinger,Strømmen,2,1,1,1.66,3.95,4.23
2012,2012-10-28,Mjøndalen,Tromsdalen,3,0,1,1.49,4.20,5.42
2012,2012-10-28,Notodden,Bærum,2,2,X,1.86,3.85,3.42
2012,2012-10-28,Ranheim,Sarpsborg 08,1,2,2,2.44,3.58,2.48
2012,2012-10-28,Sandefjord,Bryne,2,0,1,1.35,4.78,6.97
2012,2012-10-28,Ull/Kisa,Hødd,3,1,1,2.47,3.48,2.50
2012,2012-10-31,Mjøndalen,Strømmen,3,2,1,1.49,4.05,5.43
2012,2012-11-04,Bryne,Mjøndalen,2,2,X,2.02,3.45,3.23
2012,2012-11-04,Bærum,Ranheim,2,2,X,4.53,3.95,1.62
2012,2012-11-04,HamKam,Ull/Kisa,2,1,1,1.73,3.78,4.07
2012,2012-11-04,Hødd,Sandefjord,1,0,1,2.48,3.43,2.51
2012,2012-11-04,Sarpsborg 08,Notodden,3,2,1,1.10,8.77,14.50
2012,2012-11-04,Start,Kongsvinger,3,0,1,1.24,5.88,8.60
2012,2012-11-04,Strømmen,Alta,1,0,1,1.36,4.53,7.23
2012,2012-11-04,Tromsdalen,Bodø/Glimt,3,0,1,2.92,3.47,2.17
2012,2012-11-11,Alta,Tromsdalen,3,2,1,3.97,4.03,1.69
2012,2012-11-11,Bodø/Glimt,Hødd,4,0,1,1.67,3.83,4.26
2012,2012-11-11,Kongsvinger,Sarpsborg 08,1,3,2,2.93,3.63,2.09
2012,2012-11-11,Mjøndalen,HamKam,4,2,1,2.08,3.62,2.96
2012,2012-11-11,Notodden,Start,2,1,1,5.18,4.55,1.47
2012,2012-11-11,Ranheim,Strømmen,1,2,2,1.49,4.42,5.18
2012,2012-11-11,Sandefjord,Bærum,0,0,X,1.17,6.83,10.17
2012,2012-11-11,Ull/Kisa,Bryne,1,2,2,2.02,3.58,3.15
2013,2013-04-06,HamKam,Stabæk,2,2,X,2.17,3.49,2.89
2013,2013-04-07,Bodø/Glimt,Ull/Kisa,3,1,1,1.55,3.93,5.13
2013,2013-04-07,Kongsvinger,Mjøndalen,1,0,1,2.83,3.30,2.28
2013,2013-04-07,Kristiansund,Elverum,3,1,1,1.55,3.97,5.10
2013,2013-04-07,Ranheim,Vard Haugesund,2,1,1,1.46,4.25,5.85
2013,2013-04-07,Strømmen,Sandefjord,0,0,X,4.26,3.58,1.74
2013,2013-04-08,Fredrikstad,Hødd,3,2,1,1.60,3.88,4.79
2013,2013-04-13,Stabæk,Kristiansund,0,0,X,1.93,3.46,3.54
2013,2013-04-14,Bryne,Fredrikstad,2,1,1,2.70,3.36,2.38
2013,2013-04-14,Mjøndalen,Follo,4,1,1,1.46,4.23,6.03
2013,2013-04-14,Ull/Kisa,Ranheim,1,3,2,2.33,3.44,2.68
2013,2013-04-15,Sandefjord,Bodø/Glimt,2,1,1,2.01,3.43,3.34
2013,2013-04-20,Kongsvinger,Stabæk,2,2,X,2.43,3.30,2.64
2013,2013-04-21,Bodø/Glimt,Elverum,3,0,1,1.27,5.00,9.75
2013,2013-04-21,HamKam,Ull/Kisa,2,1,1,1.84,3.53,3.73
2013,2013-04-21,Kristiansund,Vard Haugesund,1,2,2,1.48,3.91,6.18
2013,2013-04-21,Ranheim,Bryne,0,0,X,1.76,3.54,4.06
2013,2013-04-21,Strømmen,Mjøndalen,1,1,X,3.45,3.35,1.96
2013,2013-04-22,Fredrikstad,Sandefjord,1,2,2,1.99,3.36,3.35
2013,2013-04-24,Hødd,HamKam,2,1,1,1.90,3.53,3.58
2013,2013-04-27,Sandefjord,Ranheim,0,1,2,1.73,3.59,4.25
2013,2013-04-28,Bryne,Bodø/Glimt,4,0,1,2.41,3.26,2.66
2013,2013-04-28,Elverum,Kongsvinger,2,2,X,3.02,3.35,2.15
2013,2013-04-28,Follo,Kristiansund,0,1,2,2.76,3.30,2.30
2013,2013-04-28,Hødd,Stabæk,1,0,1,1.91,3.51,3.50
2013,2013-04-28,Mjøndalen,HamKam,0,2,2,1.81,3.50,3.95
2013,2013-04-28,Ull/Kisa,Strømmen,1,1,X,1.82,3.56,3.76
2013,2013-04-29,Vard Haugesund,Fredrikstad,0,1,2,3.16,3.44,2.05
2013,2013-05-04,Stabæk,Bryne,2,2,X,2.00,3.40,3.34
2013,2013-05-05,Bodø/Glimt,Follo,3,0,1,1.30,4.85,8.60
2013,2013-05-05,HamKam,Elverum,1,0,1,1.33,4.79,7.73
2013,2013-05-05,Kongsvinger,Fredrikstad,2,1,1,2.55,3.25,2.51
2013,2013-05-05,Kristiansund,Sandefjord,1,0,1,2.59,3.26,2.48
2013,2013-05-05,Ranheim,Mjøndalen,0,1,2,1.88,3.51,3.60
2013,2013-05-05,Strømmen,Hødd,0,2,2,2.58,3.30,2.46
2013,2013-05-05,Ull/Kisa,Vard Haugesund,2,0,1,1.80,3.50,3.96
2013,2013-05-09,Bryne,Strømmen,2,1,1,1.43,4.15,6.41
2013,2013-05-09,Elverum,Ranheim,1,4,2,3.54,3.48,1.90
2013,2013-05-09,Follo,Stabæk,2,3,2,3.44,3.50,1.92
2013,2013-05-09,Fredrikstad,Ull/Kisa,2,2,X,1.61,3.80,4.64
2013,2013-05-09,Hødd,Kongsvinger,1,0,1,1.79,3.54,3.94
2013,2013-05-09,Mjøndalen,Kristiansund,2,1,1,1.82,3.48,3.85
2013,2013-05-09,Sandefjord,HamKam,3,2,1,1.80,3.50,3.99
2013,2013-05-09,Vard Haugesund,Bodø/Glimt,2,2,X,3.23,3.38,2.04
2013,2013-05-12,Bodø/Glimt,Hødd,1,0,1,1.64,3.80,4.39
2013,2013-05-12,HamKam,Follo,3,1,1,1.23,5.45,10.62
2013,2013-05-12,Kongsvinger,Sandefjord,0,3,2,2.36,3.30,2.75
2013,2013-05-12,Kristiansund,Bryne,2,2,X,2.24,3.27,2.95
2013,2013-05-12,Ranheim,Fredrikstad,3,0,1,1.99,3.40,3.30
2013,2013-05-12,Stabæk,Mjøndalen,2,0,1,2.14,3.38,2.95
2013,2013-05-12,Strømmen,Vard Haugesund,3,2,1,2.11,3.33,3.07
2013,2013-05-12,Ull/Kisa,Elverum,0,1,2,1.49,4.00,5.53
2013,2013-05-16,Bodø/Glimt,Strømmen,3,0,1,1.27,5.14,9.34
2013,2013-05-16,Bryne,Kongsvinger,0,1,2,1.71,3.66,4.23
2013,2013-05-16,Elverum,Mjøndalen,0,2,2,3.73,3.53,1.83
2013,2013-05-16,Fredrikstad,Stabæk,4,0,1,1.85,3.51,3.72
2013,2013-05-16,Hødd,Ranheim,2,3,2,2.19,3.45,2.84
2013,2013-05-16,Sandefjord,Follo,2,1,1,1.21,5.75,10.38
2013,2013-05-16,Ull/Kisa,Kristiansund,1,4,2,2.26,3.38,2.78
2013,2013-05-16,Vard Haugesund,HamKam,0,3,2,3.13,3.41,2.07
2013,2013-05-20,Follo,Elverum,3,1,1,2.11,3.39,3.07
2013,2013-05-20,HamKam,Bodø/Glimt,0,0,X,2.10,3.38,3.07
2013,2013-05-20,Kongsvinger,Ranheim,2,3,2,2.65,3.32,2.39
2013,2013-05-20,Mjøndalen,Bryne,0,3,2,1.76,3.59,4.02
2013,2013-05-20,Sandefjord,Vard Haugesund,3,1,1,1.33,4.80,7.65
2013,2013-05-20,Stabæk,Ull/Kisa,1,0,1,1.58,3.74,5.12
2013,2013-05-20,Strømmen,Fredrikstad,2,1,1,3.59,3.56,1.86
2013,2013-05-22,Kristiansund,Hødd,0,1,2,2.01,3.41,3.21
2013,2013-05-23,Elverum,Strømmen,1,1,X,2.70,3.32,2.35
2013,2013-05-23,Vard Haugesund,Kongsvinger,2,2,X,2.76,3.33,2.30
2013,2013-05-25,Bryne,Sandefjord,1,2,2,2.18,3.34,3.00
2013,2013-05-26,Bodø/Glimt,Kristiansund,2,0,1,1.56,3.96,5.04
2013,2013-05-26,Elverum,Stabæk,3,4,2,3.99,3.60,1.77
2013,2013-05-26,Hødd,Mjøndalen,1,0,1,2.00,3.36,3.40
2013,2013-05-26,Ranheim,Strømmen,1,0,1,1.29,5.19,8.23
2013,2013-05-26,Ull/Kisa,Kongsvinger,1,1,X,2.40,3.30,2.66
2013,2013-05-26,Vard Haugesund,Follo,1,2,2,1.85,3.51,3.78
2013,2013-05-27,Fredrikstad,HamKam,3,0,1,1.92,3.50,3.48
2013,2013-06-02,Elverum,Hødd,0,2,2,3.67,3.53,1.86
2013,2013-06-02,Follo,Bryne,0,0,X,3.57,3.50,1.90
2013,2013-06-08,Mjøndalen,Bodø/Glimt,0,3,2,2.31,3.32,2.78
2013,2013-06-09,HamKam,Strømmen,2,0,1,1.33,4.58,8.17
2013,2013-06-09,Hødd,Vard Haugesund,0,2,2,1.40,4.45,6.55
2013,2013-06-09,Kristiansund,Kongsvinger,1,0,1,1.69,3.77,4.18
2013,2013-06-09,Sandefjord,Ull/Kisa,1,1,X,1.44,4.13,6.53
2013,2013-06-09,Stabæk,Ranheim,4,1,1,2.44,3.32,2.65
2013,2013-06-10,Follo,Fredrikstad,0,1,2,3.35,3.62,1.94
2013,2013-06-13,Follo,Hødd,2,2,X,3.03,3.32,2.17
2013,2013-06-15,Fredrikstad,Mjøndalen,3,0,1,1.76,3.58,4.11
2013,2013-06-16,Bodø/Glimt,Stabæk,2,1,1,1.48,4.14,5.80
2013,2013-06-16,Kongsvinger,Follo,4,0,1,1.60,3.88,4.80
2013,2013-06-16,Ranheim,HamKam,0,3,2,1.93,3.45,3.55
2013,2013-06-16,Strømmen,Kristiansund,0,3,2,3.12,3.27,2.16
2013,2013-06-16,Ull/Kisa,Hødd,1,1,X,2.53,3.28,2.53
2013,2013-06-16,Vard Haugesund,Bryne,2,3,2,2.95,3.40,2.19
2013,2013-06-17,Elverum,Sandefjord,0,1,2,5.63,3.98,1.51
2013,2013-06-22,Kongsvinger,Bodø/Glimt,1,4,2,2.82,3.45,2.24
2013,2013-06-23,Bryne,HamKam,1,0,1,2.25,3.35,2.87
2013,2013-06-23,Elverum,Fredrikstad,0,1,2,5.05,4.00,1.55
2013,2013-06-23,Follo,Ull/Kisa,3,4,2,2.60,3.30,2.47
2013,2013-06-23,Kristiansund,Ranheim,1,0,1,2.03,3.38,3.27
2013,2013-06-23,Mjøndalen,Vard Haugesund,2,1,1,1.48,4.14,5.77
2013,2013-06-23,Stabæk,Strømmen,2,1,1,1.39,4.48,6.63
2013,2013-06-24,Sandefjord,Hødd,0,2,2,1.73,3.65,4.17
2013,2013-06-30,HamKam,Kongsvinger,1,1,X,1.54,4.05,5.18
2013,2013-06-30,Hødd,Bryne,0,1,2,1.93,3.45,3.52
2013,2013-06-30,Ranheim,Bodø/Glimt,0,2,2,2.83,3.43,2.23
2013,2013-06-30,Sandefjord,Stabæk,0,0,X,1.88,3.48,3.68
2013,2013-06-30,Strømmen,Follo,1,0,1,1.91,3.47,3.55
2013,2013-06-30,Ull/Kisa,Mjøndalen,4,0,1,2.43,3.25,2.67
2013,2013-06-30,Vard Haugesund,Elverum,0,3,2,1.58,3.83,5.12
2013,2013-07-01,Fredrikstad,Kristiansund,1,4,2,1.77,3.60,4.03
2013,2013-07-05,Kristiansund,HamKam,5,1,1,2.03,3.43,3.23
2013,2013-07-06,Stabæk,Vard Haugesund,1,1,X,1.35,4.75,6.93
2013,2013-07-07,Bodø/Glimt,Fredrikstad,4,0,1,1.50,4.08,5.42
2013,2013-07-07,Bryne,Ull/Kisa,2,2,X,1.64,3.82,4.52
2013,2013-07-07,Follo,Ranheim,0,2,2,3.52,3.43,1.92
2013,2013-07-07,Kongsvinger,Strømmen,0,0,X,1.54,3.87,5.43
2013,2013-07-07,Mjøndalen,Sandefjord,2,1,1,2.44,3.32,2.62
2013,2013-07-26,HamKam,Mjøndalen,1,2,2,1.78,3.58,4.07
2013,2013-07-27,Sandefjord,Kongsvinger,2,2,X,1.67,3.70,4.57
2013,2013-07-28,Fredrikstad,Follo,0,1,2,1.32,4.86,8.05
2013,2013-07-28,Kristiansund,Stabæk,1,2,2,1.78,3.61,4.00
2013,2013-07-28,Ranheim,Elverum,2,2,X,1.33,4.69,8.00
2013,2013-07-28,Strømmen,Bryne,2,0,1,3.24,3.43,2.05
2013,2013-07-28,Ull/Kisa,Bodø/Glimt,1,2,2,4.11,3.61,1.76
2013,2013-07-28,Vard Haugesund,Hødd,2,2,X,2.69,3.39,2.36
2013,2013-07-31,Bryne,Elverum,3,1,1,1.36,4.62,7.30
2013,2013-08-03,Stabæk,HamKam,1,5,2,1.98,3.51,3.36
2013,2013-08-04,Bryne,Ranheim,3,1,1,2.01,3.45,3.28
2013,2013-08-04,Elverum,Kristiansund,2,3,2,4.36,3.55,1.73
2013,2013-08-04,Hødd,Fredrikstad,0,1,2,1.83,3.54,3.86
2013,2013-08-04,Kongsvinger,Ull/Kisa,0,2,2,1.86,3.60,3.69
2013,2013-08-04,Mjøndalen,Strømmen,2,2,X,1.56,3.89,5.31
2013,2013-08-05,Bodø/Glimt,Sandefjord,2,0,1,1.51,3.95,5.96
2013,2013-08-09,Sandefjord,Elverum,2,2,X,1.31,4.68,9.60
2013,2013-08-10,Bodø/Glimt,Bryne,5,3,1,1.42,4.15,6.90
2013,2013-08-11,HamKam,Hødd,1,0,1,1.65,3.74,4.62
2013,2013-08-11,Kristiansund,Mjøndalen,0,2,2,1.70,3.63,4.47
2013,2013-08-11,Ranheim,Kongsvinger,5,1,1,1.66,3.71,4.54
2013,2013-08-11,Strømmen,Stabæk,2,3,2,2.63,3.38,2.44
2013,2013-08-11,Ull/Kisa,Follo,4,0,1,1.52,4.04,5.30
2013,2013-08-12,Fredrikstad,Vard Haugesund,4,4,X,1.44,4.29,6.33
2013,2013-08-16,Stabæk,Fredrikstad,2,1,1,1.93,3.45,3.55
2013,2013-08-17,Kongsvinger,HamKam,3,0,1,2.98,3.41,2.17
2013,2013-08-18,Bryne,Kristiansund,4,2,1,2.23,3.40,2.89
2013,2013-08-18,Elverum,Ull/Kisa,5,1,1,3.69,3.50,1.88
2013,2013-08-18,Follo,Bodø/Glimt,0,1,2,6.79,4.69,1.37
2013,2013-08-18,Hødd,Sandefjord,2,0,1,2.11,3.32,3.20
2013,2013-08-18,Mjøndalen,Ranheim,0,0,X,2.02,3.46,3.26
2013,2013-08-18,Vard Haugesund,Strømmen,2,3,2,2.05,3.40,3.25
2013,2013-08-24,Fredrikstad,Kongsvinger,1,1,X,1.66,3.76,4.36
2013,2013-08-25,Bodø/Glimt,Mjøndalen,2,0,1,1.38,4.35,7.33
2013,2013-08-25,HamKam,Vard Haugesund,1,1,X,1.39,4.49,6.78
2013,2013-08-25,Kristiansund,Follo,4,2,1,1.35,4.65,7.65
2013,2013-08-25,Ranheim,Ull/Kisa,2,0,1,1.65,3.85,4.54
2013,2013-08-25,Stabæk,Hødd,2,1,1,1.93,3.38,3.64
2013,2013-08-25,Strømmen,Elverum,2,0,1,1.73,3.68,4.25
2013,2013-08-26,Sandefjord,Bryne,2,0,1,1.94,3.52,3.46
2013,2013-08-31,Ull/Kisa,Sandefjord,0,1,2,2.61,3.27,2.49
2013,2013-09-01,Elverum,Bodø/Glimt,1,2,2,6.00,4.41,1.44
2013,2013-09-01,Follo,HamKam,2,1,1,4.05,3.59,1.78
2013,2013-09-01,Hødd,Strømmen,2,1,1,1.70,3.59,4.56
2013,2013-09-01,Kongsvinger,Kristiansund,5,1,1,2.73,3.36,2.34
2013,2013-09-01,Mjøndalen,Fredrikstad,0,0,X,1.96,3.53,3.40
2013,2013-09-01,Vard Haugesund,Ranheim,2,0,1,3.26,3.46,2.02
2013,2013-09-02,Bryne,Stabæk,1,2,2,2.03,3.49,3.22
2013,2013-09-04,Follo,Vard Haugesund,4,0,1,2.32,3.36,2.76
2013,2013-09-08,HamKam,Bryne,3,2,1,1.79,3.60,3.99
2013,2013-09-08,Hødd,Bodø/Glimt,2,1,1,2.89,3.36,2.25
2013,2013-09-08,Mjøndalen,Kongsvinger,3,0,1,1.78,3.46,4.17
2013,2013-09-08,Ranheim,Kristiansund,1,1,X,1.93,3.44,3.55
2013,2013-09-08,Strømmen,Ull/Kisa,3,2,1,2.09,3.43,3.14
2013,2013-09-08,Vard Haugesund,Sandefjord,2,1,1,2.95,3.33,2.23
2013,2013-09-09,Fredrikstad,Elverum,2,1,1,1.39,4.36,7.01
2013,2013-09-14,Sandefjord,Fredrikstad,0,0,X,2.02,3.39,3.35
2013,2013-09-15,Elverum,Vard Haugesund,0,2,2,2.25,3.34,2.91
2013,2013-09-15,Follo,Mjøndalen,0,1,2,3.24,3.43,2.05
2013,2013-09-15,Kongsvinger,Bryne,1,1,X,2.40,3.35,2.65
2013,2013-09-15,Kristiansund,Strømmen,1,1,X,1.66,3.83,4.51
2013,2013-09-15,Ranheim,Hødd,1,1,X,1.84,3.59,3.75
2013,2013-09-15,Ull/Kisa,Stabæk,2,0,1,2.34,3.45,2.70
2013,2013-09-16,Bodø/Glimt,HamKam,2,0,1,1.32,4.93,7.90
2013,2013-09-18,Stabæk,Follo,2,1,1,1.36,4.64,6.80
2013,2013-09-21,Fredrikstad,Ranheim,1,1,X,2.12,3.43,3.06
2013,2013-09-22,Bryne,Follo,4,3,1,1.38,4.53,6.94
2013,2013-09-22,Hødd,Ull/Kisa,2,0,1,1.73,3.56,4.34
2013,2013-09-22,Mjøndalen,Elverum,3,2,1,1.39,4.44,6.96
2013,2013-09-22,Stabæk,Kongsvinger,3,1,1,1.73,3.64,4.20
2013,2013-09-22,Strømmen,Bodø/Glimt,1,1,X,4.26,3.60,1.73
2013,2013-09-22,Vard Haugesund,Kristiansund,2,1,1,2.65,3.45,2.37
2013,2013-09-23,HamKam,Sandefjord,3,0,1,1.69,3.69,4.53
2013,2013-09-28,Sandefjord,Strømmen,1,1,X,1.82,3.50,3.94
2013,2013-09-29,Elverum,HamKam,2,2,X,4.75,3.68,1.65
2013,2013-09-29,Kongsvinger,Hødd,0,1,2,2.52,3.28,2.59
2013,2013-09-29,Kristiansund,Fredrikstad,2,2,X,1.93,3.49,3.49
2013,2013-09-29,Mjøndalen,Stabæk,1,1,X,1.96,3.45,3.46
2013,2013-09-29,Ranheim,Follo,4,0,1,1.35,4.53,7.70
2013,2013-09-29,Ull/Kisa,Bryne,3,3,X,2.56,3.39,2.48
2013,2013-09-30,Bodø/Glimt,Vard Haugesund,1,0,1,1.27,5.26,9.16
2013,2013-10-05,Stabæk,Sandefjord,4,1,1,1.83,3.49,3.96
2013,2013-10-06,Bryne,Mjøndalen,0,1,2,1.95,3.43,3.54
2013,2013-10-06,Follo,Kongsvinger,2,1,1,2.76,3.31,2.37
2013,2013-10-06,HamKam,Kristiansund,2,1,1,1.77,3.61,4.05
2013,2013-10-06,Hødd,Elverum,4,1,1,1.26,5.25,9.65
2013,2013-10-06,Strømmen,Ranheim,4,1,1,2.32,3.29,2.83
2013,2013-10-06,Vard Haugesund,Ull/Kisa,1,3,2,2.00,3.46,3.33
2013,2013-10-07,Fredrikstad,Bodø/Glimt,2,0,1,2.74,3.33,2.37
2013,2013-10-12,Fredrikstad,Bryne,4,0,1,1.98,3.44,3.40
2013,2013-10-13,Bodø/Glimt,Ranheim,0,2,2,1.40,4.26,7.18
2013,2013-10-13,Elverum,Follo,0,5,2,2.46,3.39,2.58
2013,2013-10-13,Hødd,Kristiansund,1,1,X,1.66,3.94,4.34
2013,2013-10-13,Strømmen,Kongsvinger,2,0,1,1.74,3.65,4.12
2013,2013-10-13,Ull/Kisa,HamKam,1,2,2,2.98,3.40,2.18
2013,2013-10-14,Sandefjord,Mjøndalen,4,2,1,2.25,3.38,2.90
2013,2013-10-19,Bryne,Hødd,3,1,1,2.21,3.35,2.96
2013,2013-10-19,Ranheim,Sandefjord,1,3,2,1.84,3.45,3.93
2013,2013-10-20,Follo,Strømmen,3,0,1,2.56,3.39,2.49
2013,2013-10-20,HamKam,Fredrikstad,2,1,1,1.80,3.56,3.96
2013,2013-10-20,Kongsvinger,Vard Haugesund,1,1,X,2.37,3.34,2.71
2013,2013-10-20,Kristiansund,Bodø/Glimt,0,2,2,2.84,3.40,2.26
2013,2013-10-20,Mjøndalen,Ull/Kisa,2,1,1,1.84,3.54,3.80
2013,2013-10-21,Stabæk,Elverum,3,3,X,1.18,6.03,12.63
2013,2013-10-24,Vard Haugesund,Stabæk,3,0,1,2.55,3.53,2.43
2013,2013-10-27,Bodø/Glimt,Kongsvinger,8,0,1,1.34,5.06,7.33
2013,2013-10-27,Elverum,Bryne,1,2,2,4.18,3.81,1.70
2013,2013-10-27,Hødd,Follo,2,0,1,1.37,4.73,6.73
2013,2013-10-27,Ranheim,Stabæk,1,1,X,2.01,3.51,3.26
2013,2013-10-27,Sandefjord,Kristiansund,1,2,2,1.67,3.72,4.58
2013,2013-10-27,Strømmen,HamKam,2,2,X,3.96,3.61,1.79
2013,2013-10-27,Ull/Kisa,Fredrikstad,2,0,1,2.02,3.46,3.26
2013,2013-10-27,Vard Haugesund,Mjøndalen,2,1,1,2.14,3.43,3.03
2013,2013-11-03,Bryne,Vard Haugesund,3,5,2,1.93,3.50,3.55
2013,2013-11-03,Follo,Sandefjord,2,1,1,3.34,3.50,1.98
2013,2013-11-03,Fredrikstad,Strømmen,2,2,X,1.87,3.60,3.66
2013,2013-11-03,HamKam,Ranheim,1,4,2,1.69,3.75,4.40
2013,2013-11-03,Kongsvinger,Elverum,2,1,1,1.91,3.63,3.47
2013,2013-11-03,Kristiansund,Ull/Kisa,0,2,2,2.64,3.41,2.39
2013,2013-11-03,Mjøndalen,Hødd,3,1,1,2.27,3.44,2.80
2013,2013-11-03,Stabæk,Bodø/Glimt,1,1,X,2.30,3.43,2.79
2014,2014-04-06,Alta,Kristiansund,3,0,1,2.61,3.28,2.49
2014,2014-04-06,Bærum,Hønefoss,4,3,1,2.75,3.53,2.27
2014,2014-04-06,Fredrikstad,Tromsø,0,2,2,2.63,3.40,2.39
2014,2014-04-06,Mjøndalen,Bryne,3,1,1,1.85,3.56,3.76
2014,2014-04-06,Ranheim,Nest-Sotra,1,2,2,1.53,4.17,5.15
2014,2014-04-06,Tromsdalen,Strømmen,2,1,1,2.27,3.41,2.81
2014,2014-04-06,Ull/Kisa,Sandefjord,0,2,2,2.39,3.35,2.69
2014,2014-04-07,HamKam,Hødd,0,1,2,1.78,3.59,4.03
2014,2014-04-13,Bryne,Bærum,1,2,2,1.73,3.58,4.31
2014,2014-04-13,Hødd,Tromsdalen,1,1,X,1.58,4.00,5.03
2014,2014-04-13,Hønefoss,Mjøndalen,1,1,X,2.20,3.32,3.00
2014,2014-04-13,Kristiansund,Ull/Kisa,1,0,1,1.82,3.47,4.03
2014,2014-04-13,Nest-Sotra,HamKam,3,1,1,2.32,3.28,2.85
2014,2014-04-13,Strømmen,Ranheim,2,0,1,2.50,3.26,2.61
2014,2014-04-13,Tromsø,Alta,1,0,1,1.29,5.23,7.92
2014,2014-04-14,Sandefjord,Fredrikstad,0,1,2,2.24,3.26,3.00
2014,2014-04-21,Alta,Sandefjord,2,2,X,2.65,3.34,2.43
2014,2014-04-21,Bærum,Nest-Sotra,2,1,1,1.82,3.54,3.95
2014,2014-04-21,Fredrikstad,Hødd,2,1,1,1.82,3.47,3.96
2014,2014-04-21,HamKam,Kristiansund,0,0,X,2.02,3.43,3.31
2014,2014-04-21,Hønefoss,Tromsø,1,3,2,3.08,3.35,2.14
2014,2014-04-21,Mjøndalen,Strømmen,4,0,1,1.48,4.09,5.93
2014,2014-04-21,Ranheim,Bryne,1,1,X,1.87,3.61,3.63
2014,2014-04-21,Tromsdalen,Ull/Kisa,3,1,1,1.81,3.63,3.83
2014,2014-04-27,Bryne,Tromsdalen,2,0,1,1.64,3.83,4.60
2014,2014-04-27,Hødd,Alta,3,0,1,1.54,3.83,5.53
2014,2014-04-27,Kristiansund,Fredrikstad,1,0,1,2.50,3.26,2.60
2014,2014-04-27,Nest-Sotra,Mjøndalen,1,2,2,3.26,3.40,2.05
2014,2014-04-27,Sandefjord,Ranheim,1,0,1,1.98,3.39,3.47
2014,2014-04-27,Strømmen,Bærum,2,2,X,2.20,3.39,2.95
2014,2014-04-27,Tromsø,HamKam,1,0,1,1.24,5.19,11.25
2014,2014-04-27,Ull/Kisa,Hønefoss,0,1,2,2.78,3.30,2.34
2014,2014-05-01,Bryne,Sandefjord,1,3,2,2.11,3.35,3.18
2014,2014-05-01,Bærum,Alta,0,3,2,1.49,4.18,5.66
2014,2014-05-01,Fredrikstad,Ull/Kisa,0,0,X,1.49,3.96,6.03
2014,2014-05-01,Hønefoss,Nest-Sotra,0,1,2,1.56,3.94,5.19
2014,2014-05-01,Mjøndalen,Hødd,1,3,2,1.63,3.78,4.68
2014,2014-05-01,Ranheim,HamKam,2,0,1,1.78,3.49,4.20
2014,2014-05-01,Strømmen,Kristiansund,3,3,X,2.44,3.22,2.73
2014,2014-05-01,Tromsdalen,Tromsø,0,0,X,5.29,3.99,1.54
2014,2014-05-04,Alta,Fredrikstad,1,0,1,2.68,3.34,2.41
2014,2014-05-04,HamKam,Bryne,0,2,2,2.00,3.44,3.36
2014,2014-05-04,Hødd,Strømmen,1,1,X,1.50,3.88,6.06
2014,2014-05-04,Kristiansund,Hønefoss,4,1,1,1.77,3.46,4.34
2014,2014-05-04,Nest-Sotra,Tromsdalen,4,0,1,1.94,3.40,3.57
2014,2014-05-04,Sandefjord,Bærum,1,0,1,1.56,3.80,5.41
2014,2014-05-04,Tromsø,Ranheim,1,1,X,1.36,4.46,7.35
2014,2014-05-04,Ull/Kisa,Mjøndalen,0,1,2,3.36,3.45,2.00
2014,2014-05-11,Bryne,Hødd,2,2,X,2.14,3.35,3.14
2014,2014-05-11,Bærum,Kristiansund,2,1,1,2.44,3.34,2.61
2014,2014-05-11,Hønefoss,Sandefjord,2,3,2,3.35,3.35,2.03
2014,2014-05-11,Mjøndalen,Alta,4,1,1,1.33,4.66,8.14
2014,2014-05-11,Nest-Sotra,Tromsø,2,1,1,4.68,3.64,1.67
2014,2014-05-11,Ranheim,Fredrikstad,4,1,1,2.09,3.32,3.24
2014,2014-05-11,Strømmen,Ull/Kisa,5,3,1,1.90,3.44,3.68
2014,2014-05-11,Tromsdalen,HamKam,2,1,1,2.27,3.21,2.95
2014,2014-05-16,Alta,Strømmen,0,2,2,2.03,3.39,3.33
2014,2014-05-16,Fredrikstad,Nest-Sotra,2,0,1,1.95,3.44,3.51
2014,2014-05-16,HamKam,Mjøndalen,1,2,2,3.36,3.40,2.01
2014,2014-05-16,Hødd,Hønefoss,0,0,X,1.55,3.83,5.54
2014,2014-05-16,Kristiansund,Ranheim,0,3,2,2.18,3.28,3.08
2014,2014-05-16,Sandefjord,Tromsdalen,2,1,1,1.45,4.05,6.71
2014,2014-05-16,Tromsø,Bærum,5,2,1,1.30,5.13,8.33
2014,2014-05-16,Ull/Kisa,Bryne,1,0,1,2.85,3.34,2.29
2014,2014-05-19,Strømmen,Tromsø,0,3,2,3.69,3.59,1.85
2014,2014-05-20,Bryne,Kristiansund,1,3,2,2.04,3.35,3.33
2014,2014-05-20,Bærum,Ull/Kisa,3,1,1,1.73,3.76,4.10
2014,2014-05-20,Hønefoss,HamKam,2,0,1,2.40,3.26,2.74
2014,2014-05-20,Mjøndalen,Fredrikstad,0,0,X,1.66,3.72,4.60
2014,2014-05-20,Nest-Sotra,Sandefjord,0,4,2,2.80,3.33,2.32
2014,2014-05-20,Ranheim,Hødd,1,0,1,1.83,3.49,3.95
2014,2014-05-20,Tromsdalen,Alta,0,0,X,1.86,3.56,3.68
2014,2014-05-25,Alta,Hønefoss,2,0,1,2.09,3.36,3.21
2014,2014-05-25,Fredrikstad,Bryne,2,1,1,1.72,3.65,4.25
2014,2014-05-25,HamKam,Bærum,3,0,1,1.72,3.80,4.11
2014,2014-05-25,Hødd,Nest-Sotra,2,5,2,1.61,3.76,5.09
2014,2014-05-25,Kristiansund,Tromsdalen,4,2,1,1.54,3.84,5.56
2014,2014-05-25,Sandefjord,Strømmen,1,0,1,1.43,4.11,6.68
2014,2014-05-25,Ull/Kisa,Ranheim,1,2,2,3.88,3.55,1.82
2014,2014-05-26,Tromsø,Mjøndalen,1,1,X,1.66,3.65,4.71
2014,2014-05-29,Alta,HamKam,2,0,1,2.11,3.34,3.18
2014,2014-05-29,Bærum,Hødd,0,1,2,2.08,3.51,3.09
2014,2014-05-29,Hønefoss,Bryne,1,2,2,2.12,3.43,3.05
2014,2014-05-29,Mjøndalen,Sandefjord,2,2,X,1.88,3.50,3.69
2014,2014-05-29,Nest-Sotra,Ull/Kisa,1,1,X,1.56,3.86,5.32
2014,2014-05-29,Ranheim,Tromsdalen,1,0,1,1.35,4.51,7.96
2014,2014-05-29,Strømmen,Fredrikstad,0,2,2,2.54,3.33,2.54
2014,2014-05-29,Tromsø,Kristiansund,3,1,1,1.43,4.35,6.35
2014,2014-06-01,Bryne,Strømmen,1,4,2,1.77,3.60,4.04
2014,2014-06-01,Fredrikstad,Hønefoss,5,0,1,1.50,3.95,5.85
2014,2014-06-01,Hødd,Tromsø,0,2,2,3.65,3.46,1.89
2014,2014-06-01,Kristiansund,Nest-Sotra,2,1,1,1.82,3.56,3.90
2014,2014-06-01,Ranheim,Bærum,5,0,1,1.40,4.51,6.63
2014,2014-06-01,Tromsdalen,Mjøndalen,3,1,1,3.46,3.40,1.98
2014,2014-06-01,Ull/Kisa,Alta,0,0,X,2.30,3.26,2.87
2014,2014-06-02,Sandefjord,HamKam,3,0,1,1.48,4.18,5.85
2014,2014-06-09,Alta,Bryne,1,1,X,1.99,3.44,3.40
2014,2014-06-09,Bærum,Fredrikstad,1,0,1,3.75,3.59,1.84
2014,2014-06-09,HamKam,Ull/Kisa,0,1,2,1.70,3.56,4.50
2014,2014-06-09,Hønefoss,Tromsdalen,4,0,1,1.80,3.51,4.03
2014,2014-06-09,Mjøndalen,Ranheim,0,1,2,2.23,3.36,2.91
2014,2014-06-09,Nest-Sotra,Strømmen,2,0,1,1.92,3.49,3.56
2014,2014-06-09,Tromsø,Sandefjord,0,0,X,1.75,3.56,4.30
2014,2014-06-10,Hødd,Kristiansund,1,2,2,2.32,3.30,2.85
2014,2014-06-12,Tromsø,Bryne,2,3,2,1.35,4.81,7.23
2014,2014-06-15,Bryne,Nest-Sotra,3,1,1,1.89,3.56,3.61
2014,2014-06-15,Fredrikstad,HamKam,3,0,1,1.36,4.65,7.30
2014,2014-06-15,Kristiansund,Mjøndalen,1,1,X,2.28,3.38,2.80
2014,2014-06-15,Ranheim,Alta,2,0,1,1.28,5.23,8.63
2014,2014-06-15,Sandefjord,Hødd,1,1,X,1.53,3.99,5.53
2014,2014-06-15,Strømmen,Hønefoss,6,0,1,1.98,3.46,3.39
2014,2014-06-15,Tromsdalen,Bærum,2,3,2,1.65,3.83,4.55
2014,2014-06-15,Ull/Kisa,Tromsø,1,3,2,4.68,3.80,1.63
2014,2014-06-22,Alta,Nest-Sotra,2,2,X,1.78,3.59,3.95
2014,2014-06-22,Bærum,Mjøndalen,1,3,2,3.50,3.55,1.92
2014,2014-06-22,Fredrikstad,Tromsdalen,2,2,X,1.29,5.13,8.85
2014,2014-06-22,HamKam,Strømmen,1,1,X,2.53,3.35,2.51
2014,2014-06-22,Hødd,Ull/Kisa,4,0,1,1.54,3.86,5.46
2014,2014-06-22,Hønefoss,Ranheim,2,1,1,4.28,3.60,1.72
2014,2014-06-22,Sandefjord,Kristiansund,0,0,X,1.75,3.55,4.27
2014,2014-07-19,Ull/Kisa,HamKam,5,0,1,1.47,3.98,6.32
2014,2014-07-20,Bryne,Fredrikstad,1,2,2,2.46,3.31,2.61
2014,2014-07-20,Kristiansund,Bærum,4,1,1,1.35,4.64,7.36
2014,2014-07-20,Ranheim,Sandefjord,1,1,X,1.97,3.31,3.55
2014,2014-07-20,Tromsdalen,Hødd,2,3,2,2.56,3.25,2.55
2014,2014-07-21,Nest-Sotra,Hønefoss,0,1,2,2.00,3.72,3.13
2014,2014-07-23,Strømmen,Alta,3,1,1,1.64,3.80,4.56
2014,2014-07-27,Alta,Tromsdalen,1,2,2,1.86,3.55,3.74
2014,2014-07-27,Bærum,Bryne,1,0,1,2.65,3.49,2.32
2014,2014-07-27,HamKam,Ranheim,1,3,2,9.60,5.25,1.25
2014,2014-07-27,Hødd,Mjøndalen,1,4,2,2.40,3.32,2.68
2014,2014-07-27,Hønefoss,Ull/Kisa,1,0,1,1.76,3.56,4.18
2014,2014-07-27,Sandefjord,Nest-Sotra,3,2,1,1.39,4.54,6.70
2014,2014-07-27,Tromsø,Strømmen,4,0,1,1.43,4.34,6.18
2014,2014-07-28,Fredrikstad,Kristiansund,2,1,1,1.91,3.45,3.60
2014,2014-08-03,Bryne,Hønefoss,3,2,1,1.92,3.64,3.43
2014,2014-08-03,Kristiansund,Alta,6,0,1,1.35,4.70,7.45
2014,2014-08-03,Mjøndalen,HamKam,3,1,1,1.08,9.21,19.00
2014,2014-08-03,Nest-Sotra,Bærum,1,2,2,1.74,3.71,4.11
2014,2014-08-03,Strømmen,Sandefjord,1,1,X,3.25,3.34,2.07
2014,2014-08-03,Tromsdalen,Fredrikstad,1,1,X,3.06,3.41,2.12
2014,2014-08-03,Ull/Kisa,Hødd,1,1,X,2.78,3.21,2.40
2014,2014-08-04,Ranheim,Tromsø,0,3,2,2.33,3.30,2.79
2014,2014-08-08,Sandefjord,Bryne,5,0,1,1.50,4.20,5.48
2014,2014-08-10,Alta,Ranheim,1,0,1,4.60,3.72,1.66
2014,2014-08-10,HamKam,Nest-Sotra,1,1,X,3.83,3.62,1.80
2014,2014-08-10,Hødd,Bærum,0,4,2,1.45,4.18,6.07
2014,2014-08-10,Hønefoss,Kristiansund,1,0,1,2.75,3.30,2.35
2014,2014-08-10,Tromsø,Tromsdalen,5,1,1,1.21,5.80,11.00
2014,2014-08-10,Ull/Kisa,Strømmen,1,0,1,2.41,3.25,2.72
2014,2014-08-11,Fredrikstad,Mjøndalen,0,0,X,2.17,3.35,3.00
2014,2014-08-13,Bryne,Ull/Kisa,2,1,1,1.61,4.04,4.48
2014,2014-08-13,Kristiansund,Sandefjord,1,1,X,2.40,3.28,2.68
2014,2014-08-13,Nest-Sotra,Alta,2,1,1,1.81,3.67,3.77
2014,2014-08-13,Strømmen,Hødd,4,1,1,2.16,3.40,3.00
2014,2014-08-13,Tromsdalen,Ranheim,0,2,2,3.70,3.45,1.88
2014,2014-08-14,Bærum,Tromsø,2,1,1,6.42,4.18,1.44
2014,2014-08-14,HamKam,Fredrikstad,1,3,2,6.45,4.43,1.42
2014,2014-08-14,Mjøndalen,Hønefoss,4,0,1,1.46,4.23,5.95
2014,2014-08-17,Alta,Bærum,2,3,2,2.06,3.44,3.18
2014,2014-08-17,Hødd,HamKam,4,0,1,1.31,5.01,8.30
2014,2014-08-17,Hønefoss,Fredrikstad,0,1,2,3.00,3.39,2.18
2014,2014-08-17,Ranheim,Kristiansund,1,1,X,1.84,3.53,3.85
2014,2014-08-17,Sandefjord,Mjøndalen,2,1,1,2.18,3.40,2.98
2014,2014-08-17,Strømmen,Bryne,0,3,2,1.98,3.46,3.38
2014,2014-08-17,Ull/Kisa,Tromsdalen,1,0,1,1.75,3.53,4.26
2014,2014-08-18,Tromsø,Nest-Sotra,4,2,1,1.20,6.33,10.75
2014,2014-08-24,Bryne,Ranheim,1,2,2,2.42,3.38,2.61
2014,2014-08-24,Bærum,Tromsdalen,1,0,1,1.72,3.75,4.14
2014,2014-08-24,Fredrikstad,Alta,0,0,X,1.25,5.59,9.05
2014,2014-08-24,HamKam,Sandefjord,2,3,2,11.13,6.69,1.18
2014,2014-08-24,Kristiansund,Strømmen,4,0,1,1.37,4.50,7.10
2014,2014-08-24,Mjøndalen,Ull/Kisa,3,1,1,1.29,4.99,8.70
2014,2014-08-24,Nest-Sotra,Hødd,0,1,2,2.54,3.33,2.55
2014,2014-08-25,Tromsø,Hønefoss,1,1,X,1.21,6.15,10.33
2014,2014-08-31,Alta,Tromsø,0,3,2,6.28,4.28,1.44
2014,2014-08-31,Hødd,Sandefjord,1,4,2,3.33,3.30,2.05
2014,2014-08-31,Hønefoss,Bærum,2,1,1,1.80,3.60,3.92
2014,2014-08-31,Kristiansund,Bryne,3,0,1,1.50,4.04,5.60
2014,2014-08-31,Strømmen,HamKam,6,1,1,1.23,5.90,9.60
2014,2014-08-31,Tromsdalen,Nest-Sotra,1,2,2,1.90,3.42,3.62
2014,2014-08-31,Ull/Kisa,Fredrikstad,0,1,2,3.17,3.32,2.12
2014,2014-09-01,Ranheim,Mjøndalen,1,1,X,2.41,3.35,2.75
2014,2014-09-05,Mjøndalen,Tromsø,2,1,1,2.32,3.34,2.92
2014,2014-09-14,Bryne,Alta,6,1,1,1.47,4.40,5.92
2014,2014-09-14,Bærum,Ranheim,0,0,X,3.52,3.57,1.94
2014,2014-09-14,Fredrikstad,Strømmen,1,2,2,1.56,4.10,5.21
2014,2014-09-14,HamKam,Hønefoss,1,4,2,7.44,5.02,1.34
2014,2014-09-14,Mjøndalen,Tromsdalen,1,2,2,1.22,6.22,10.25
2014,2014-09-14,Nest-Sotra,Kristiansund,1,1,X,3.86,3.83,1.80
2014,2014-09-14,Sandefjord,Ull/Kisa,4,0,1,1.25,5.68,9.71
2014,2014-09-15,Tromsø,Hødd,5,0,1,1.23,6.03,10.11
2014,2014-09-21,Alta,Mjøndalen,2,1,1,5.24,3.87,1.60
2014,2014-09-21,Bryne,HamKam,1,0,1,1.13,8.03,15.80
2014,2014-09-21,Hødd,Fredrikstad,2,0,1,2.70,3.42,2.41
2014,2014-09-21,Kristiansund,Tromsø,1,0,1,2.60,3.42,2.50
2014,2014-09-21,Ranheim,Hønefoss,4,1,1,1.55,3.86,5.72
2014,2014-09-21,Strømmen,Nest-Sotra,2,2,X,1.78,3.75,4.05
2014,2014-09-21,Tromsdalen,Sandefjord,1,2,2,5.17,3.83,1.61
2014,2014-09-21,Ull/Kisa,Bærum,0,2,2,2.36,3.49,2.75
2014,2014-09-28,Bærum,Strømmen,1,1,X,2.02,3.53,3.38
2014,2014-09-28,HamKam,Tromsdalen,0,4,2,5.17,4.53,1.51
2014,2014-09-28,Hønefoss,Hødd,1,4,2,2.03,3.47,3.39
2014,2014-09-28,Mjøndalen,Kristiansund,2,2,X,1.84,3.57,3.97
2014,2014-09-28,Nest-Sotra,Bryne,2,3,2,2.60,3.45,2.48
2014,2014-09-28,Sandefjord,Alta,3,0,1,1.20,6.28,12.50
2014,2014-09-28,Tromsø,Ull/Kisa,5,0,1,1.14,7.14,18.60
2014,2014-09-29,Fredrikstad,Ranheim,1,0,1,2.24,3.28,3.07
2014,2014-10-05,Alta,Hødd,1,1,X,2.17,3.50,3.04
2014,2014-10-05,Bærum,Sandefjord,3,4,2,3.39,3.62,1.99
2014,2014-10-05,Kristiansund,HamKam,2,2,X,1.06,12.28,21.40
2014,2014-10-05,Nest-Sotra,Fredrikstad,2,1,1,2.85,3.40,2.31
2014,2014-10-05,Ranheim,Ull/Kisa,0,2,2,1.18,6.92,12.50
2014,2014-10-05,Strømmen,Mjøndalen,3,0,1,4.09,3.94,1.74
2014,2014-10-05,Tromsdalen,Hønefoss,2,3,2,2.29,3.37,2.91
2014,2014-10-06,Bryne,Tromsø,2,1,1,3.85,3.65,1.84
2014,2014-10-19,Fredrikstad,Bærum,2,1,1,1.64,3.86,4.84
2014,2014-10-19,HamKam,Alta,2,4,2,5.66,4.73,1.46
2014,2014-10-19,Hødd,Ranheim,4,2,1,2.83,3.40,2.32
2014,2014-10-19,Hønefoss,Strømmen,3,2,1,1.71,3.81,4.37
2014,2014-10-19,Mjøndalen,Nest-Sotra,3,2,1,1.29,5.40,8.69
2014,2014-10-19,Tromsdalen,Bryne,4,1,1,2.65,3.52,2.40
2014,2014-10-19,Ull/Kisa,Kristiansund,1,2,2,6.50,4.19,1.46
2014,2014-10-20,Sandefjord,Tromsø,3,1,1,2.36,3.34,2.84
2014,2014-10-26,Alta,Ull/Kisa,2,1,1,1.44,4.64,5.83
2014,2014-10-26,Bryne,Mjøndalen,0,5,2,3.05,3.62,2.12
2014,2014-10-26,Bærum,HamKam,6,2,1,1.14,7.94,12.40
2014,2014-10-26,Kristiansund,Hødd,0,4,2,1.53,4.22,5.26
2014,2014-10-26,Nest-Sotra,Ranheim,2,2,X,2.81,3.48,2.30
2014,2014-10-26,Sandefjord,Hønefoss,0,0,X,1.41,4.72,6.50
2014,2014-10-26,Strømmen,Tromsdalen,4,4,X,1.73,3.94,4.04
2014,2014-10-26,Tromsø,Fredrikstad,1,0,1,1.40,4.33,7.56
2014,2014-11-02,Fredrikstad,Sandefjord,0,1,2,2.05,3.51,3.30
2014,2014-11-02,HamKam,Tromsø,1,4,2,11.35,6.57,1.20
2014,2014-11-02,Hødd,Bryne,0,3,2,1.94,3.68,3.47
2014,2014-11-02,Hønefoss,Alta,1,0,1,1.64,3.92,4.81
2014,2014-11-02,Mjøndalen,Bærum,1,1,X,1.55,4.54,4.78
2014,2014-11-02,Ranheim,Strømmen,2,4,2,1.37,5.06,6.84
2014,2014-11-02,Tromsdalen,Kristiansund,2,2,X,4.39,4.00,1.67
2014,2014-11-02,Ull/Kisa,Nest-Sotra,2,2,X,3.68,3.64,1.89
2015,2015-04-06,Bryne,Nest-Sotra,2,1,1,1.69,4.01,4.39
2015,2015-04-06,Follo,Hønefoss,4,0,1,2.48,3.38,2.72
2015,2015-04-06,Fredrikstad,Brann,1,1,X,2.38,3.39,2.84
2015,2015-04-06,Kristiansund,Ranheim,0,0,X,2.27,3.39,3.01
2015,2015-04-06,Sandnes Ulf,Jerv,2,2,X,1.87,3.59,3.93
2015,2015-04-06,Sogndal,Bærum,3,1,1,1.46,4.57,6.12
2015,2015-04-06,Strømmen,Hødd,0,1,2,2.35,3.48,2.82
2015,2015-04-06,Åsane,Levanger,5,0,1,2.29,3.46,2.92
2015,2015-04-12,Bærum,Follo,1,1,X,2.32,3.46,2.85
2015,2015-04-12,Hønefoss,Bryne,1,2,2,2.39,3.44,2.77
2015,2015-04-12,Jerv,Sogndal,0,0,X,2.82,3.31,2.41
2015,2015-04-12,Levanger,Kristiansund,0,2,2,3.02,3.40,2.24
2015,2015-04-12,Nest-Sotra,Åsane,2,3,2,2.33,3.45,2.86
2015,2015-04-12,Ranheim,Sandnes Ulf,1,1,X,1.97,3.36,3.67
2015,2015-04-13,Brann,Strømmen,2,0,1,1.32,5.15,8.07
2015,2015-04-13,Hødd,Fredrikstad,1,1,X,2.48,3.19,2.84
2015,2015-04-19,Bryne,Ranheim,2,2,X,2.15,3.46,3.18
2015,2015-04-19,Follo,Jerv,2,1,1,1.96,3.44,3.74
2015,2015-04-19,Kristiansund,Åsane,0,1,2,1.57,4.01,5.22
2015,2015-04-19,Sandnes Ulf,Nest-Sotra,3,1,1,1.57,4.05,5.38
2015,2015-04-19,Sogndal,Hønefoss,2,1,1,1.46,4.31,6.53
2015,2015-04-19,Strømmen,Bærum,3,1,1,1.71,3.85,4.44
2015,2015-04-20,Fredrikstad,Levanger,2,2,X,1.33,5.24,8.07
2015,2015-04-20,Hødd,Brann,3,0,1,3.18,3.41,2.17
2015,2015-04-26,Bærum,Hødd,4,0,1,2.97,3.42,2.22
2015,2015-04-26,Kristiansund,Strømmen,2,1,1,1.75,3.68,4.42
2015,2015-04-26,Levanger,Sandnes Ulf,0,0,X,3.83,3.62,1.88
2015,2015-04-26,Nest-Sotra,Sogndal,1,2,2,3.42,3.51,2.04
2015,2015-04-26,Ranheim,Follo,0,1,2,1.71,3.69,4.71
2015,2015-04-26,Åsane,Bryne,2,2,X,2.35,3.43,2.82
2015,2015-04-27,Hønefoss,Fredrikstad,2,0,1,2.95,3.38,2.30
2015,2015-04-27,Jerv,Brann,2,2,X,3.41,3.52,2.04
2015,2015-04-30,Brann,Ranheim,4,1,1,1.66,3.89,4.85
2015,2015-04-30,Bærum,Hønefoss,1,0,1,2.31,3.42,2.89
2015,2015-04-30,Follo,Nest-Sotra,1,1,X,1.60,4.10,5.09
2015,2015-04-30,Fredrikstad,Åsane,1,1,X,1.80,3.82,3.98
2015,2015-04-30,Hødd,Jerv,0,0,X,2.07,3.41,3.38
2015,2015-04-30,Sandnes Ulf,Kristiansund,2,1,1,2.08,3.42,3.42
2015,2015-04-30,Sogndal,Levanger,1,3,2,1.34,4.93,8.52
2015,2015-04-30,Strømmen,Bryne,2,2,X,2.50,3.46,2.63
2015,2015-05-03,Bryne,Brann,0,1,2,2.65,3.50,2.46
2015,2015-05-03,Hønefoss,Hødd,1,3,2,2.27,3.42,3.01
2015,2015-05-03,Jerv,Strømmen,0,0,X,1.91,3.52,3.83
2015,2015-05-03,Kristiansund,Sogndal,1,1,X,2.38,3.36,2.86
2015,2015-05-03,Levanger,Follo,3,1,1,2.57,3.39,2.58
2015,2015-05-03,Nest-Sotra,Fredrikstad,1,0,1,2.88,3.40,2.34
2015,2015-05-03,Ranheim,Bærum,0,0,X,1.58,4.03,5.37
2015,2015-05-03,Åsane,Sandnes Ulf,0,0,X,2.40,3.40,2.78
2015,2015-05-09,Brann,Sandnes Ulf,0,0,X,1.66,3.84,4.83
2015,2015-05-09,Strømmen,Hønefoss,1,0,1,2.02,3.53,3.43
2015,2015-05-10,Bærum,Levanger,3,2,1,1.96,3.45,3.68
2015,2015-05-10,Follo,Kristiansund,2,3,2,2.38,3.32,2.87
2015,2015-05-10,Fredrikstad,Ranheim,3,1,1,2.11,3.33,3.39
2015,2015-05-10,Hødd,Nest-Sotra,3,2,1,1.68,3.78,4.83
2015,2015-05-10,Jerv,Bryne,3,0,1,2.48,3.33,2.74
2015,2015-05-10,Sogndal,Åsane,3,0,1,1.64,3.91,5.00
2015,2015-05-12,Hønefoss,Brann,0,0,X,3.63,3.59,1.93
2015,2015-05-13,Bryne,Sogndal,0,2,2,2.52,3.46,2.61
2015,2015-05-13,Kristiansund,Jerv,1,1,X,1.84,3.60,4.07
2015,2015-05-13,Levanger,Hødd,0,0,X,2.88,3.44,2.32
2015,2015-05-13,Nest-Sotra,Bærum,1,2,2,1.92,3.62,3.67
2015,2015-05-13,Ranheim,Strømmen,2,0,1,1.84,3.68,3.96
2015,2015-05-13,Sandnes Ulf,Fredrikstad,6,1,1,1.86,3.56,3.96
2015,2015-05-13,Åsane,Follo,0,1,2,1.87,3.60,3.95
2015,2015-05-16,Brann,Nest-Sotra,2,2,X,1.32,5.07,8.77
2015,2015-05-16,Bærum,Bryne,1,4,2,2.70,3.47,2.44
2015,2015-05-16,Follo,Sandnes Ulf,2,2,X,2.61,3.30,2.59
2015,2015-05-16,Fredrikstad,Kristiansund,1,4,2,2.43,3.35,2.80
2015,2015-05-16,Hødd,Åsane,4,0,1,1.86,3.63,3.88
2015,2015-05-16,Jerv,Hønefoss,2,1,1,1.67,3.83,4.83
2015,2015-05-16,Sogndal,Ranheim,1,0,1,1.72,3.73,4.67
2015,2015-05-16,Strømmen,Levanger,2,1,1,1.65,3.93,4.72
2015,2015-05-25,Bryne,Hødd,1,4,2,1.98,3.61,3.44
2015,2015-05-25,Fredrikstad,Follo,2,2,X,1.84,3.64,4.00
2015,2015-05-25,Kristiansund,Bærum,0,1,2,1.45,4.37,6.48
2015,2015-05-25,Nest-Sotra,Hønefoss,1,3,2,1.71,3.74,4.56
2015,2015-05-25,Ranheim,Jerv,0,1,2,1.79,3.61,4.26
2015,2015-05-25,Sandnes Ulf,Sogndal,1,2,2,2.34,3.30,2.96
2015,2015-05-25,Åsane,Strømmen,0,3,2,2.17,3.50,3.10
2015,2015-05-26,Levanger,Brann,4,1,1,4.54,3.88,1.69
2015,2015-05-31,Bryne,Sandnes Ulf,2,1,1,2.29,3.46,2.91
2015,2015-05-31,Bærum,Åsane,3,2,1,1.80,3.78,4.02
2015,2015-05-31,Hødd,Kristiansund,0,1,2,2.26,3.45,2.98
2015,2015-05-31,Hønefoss,Ranheim,2,2,X,2.67,3.33,2.54
2015,2015-05-31,Jerv,Levanger,4,2,1,1.66,3.82,4.87
2015,2015-05-31,Sogndal,Fredrikstad,2,0,1,1.45,4.38,6.70
2015,2015-05-31,Strømmen,Nest-Sotra,2,1,1,1.56,4.21,5.32
2015,2015-06-01,Brann,Follo,2,1,1,1.47,4.40,6.06
2015,2015-06-07,Follo,Sogndal,0,1,2,3.45,3.46,2.04
2015,2015-06-07,Fredrikstad,Strømmen,0,0,X,2.38,3.51,2.73
2015,2015-06-07,Kristiansund,Bryne,1,1,X,1.86,3.61,4.02
2015,2015-06-07,Levanger,Hønefoss,0,1,2,2.09,3.50,3.30
2015,2015-06-07,Nest-Sotra,Jerv,4,0,1,2.82,3.43,2.37
2015,2015-06-07,Ranheim,Hødd,4,1,1,2.11,3.44,3.28
2015,2015-06-07,Sandnes Ulf,Bærum,3,2,1,1.60,4.05,5.14
2015,2015-06-07,Åsane,Brann,2,3,2,3.96,3.69,1.83
2015,2015-06-21,Brann,Sogndal,0,4,2,2.15,3.42,3.19
2015,2015-06-21,Bryne,Levanger,4,1,1,1.54,4.17,5.51
2015,2015-06-21,Bærum,Fredrikstad,2,3,2,2.19,3.56,3.01
2015,2015-06-21,Hødd,Sandnes Ulf,1,3,2,2.07,3.52,3.36
2015,2015-06-21,Hønefoss,Kristiansund,1,1,X,3.28,3.35,2.15
2015,2015-06-21,Jerv,Åsane,1,1,X,1.75,3.78,4.33
2015,2015-06-21,Ranheim,Nest-Sotra,3,0,1,1.51,4.22,5.90
2015,2015-06-21,Strømmen,Follo,1,2,2,2.15,3.53,3.16
2015,2015-06-24,Sogndal,Jerv,1,1,X,1.57,4.14,5.12
2015,2015-06-27,Sogndal,Hødd,1,1,X,1.43,4.48,6.82
2015,2015-06-28,Follo,Bryne,1,4,2,2.16,3.51,3.04
2015,2015-06-28,Kristiansund,Nest-Sotra,1,1,X,1.51,4.13,5.80
2015,2015-06-28,Levanger,Ranheim,1,1,X,3.36,3.49,2.02
2015,2015-06-28,Sandnes Ulf,Strømmen,3,1,1,1.73,3.79,4.41
2015,2015-06-28,Åsane,Hønefoss,2,1,1,1.99,3.56,3.47
2015,2015-06-29,Bærum,Brann,1,1,X,2.98,3.62,2.20
2015,2015-06-29,Fredrikstad,Jerv,1,0,1,2.23,3.47,3.02
2015,2015-07-05,Bryne,Fredrikstad,2,3,2,1.82,3.79,3.94
2015,2015-07-05,Hødd,Follo,2,1,1,2.05,3.51,3.36
2015,2015-07-05,Jerv,Bærum,5,0,1,1.71,3.78,4.56
2015,2015-07-05,Nest-Sotra,Levanger,1,1,X,1.84,3.69,3.92
2015,2015-07-05,Ranheim,Åsane,3,2,1,1.57,4.03,5.45
2015,2015-07-05,Strømmen,Sogndal,1,1,X,3.52,3.41,2.03
2015,2015-07-06,Brann,Kristiansund,2,1,1,1.92,3.56,3.76
2015,2015-07-06,Hønefoss,Sandnes Ulf,0,1,2,3.14,3.42,2.17
2015,2015-07-26,Bærum,Ranheim,0,1,2,3.19,3.54,2.07
2015,2015-07-26,Hønefoss,Strømmen,1,3,2,2.72,3.39,2.45
2015,2015-07-26,Kristiansund,Hødd,2,1,1,1.85,3.54,4.10
2015,2015-07-26,Levanger,Fredrikstad,4,1,1,3.00,3.41,2.20
2015,2015-07-26,Sandnes Ulf,Bryne,3,2,1,2.17,3.60,3.03
2015,2015-07-26,Åsane,Nest-Sotra,0,1,2,1.94,3.51,3.70
2015,2015-07-28,Follo,Brann,0,1,2,2.75,3.27,2.31
2015,2015-08-02,Bryne,Kristiansund,2,0,1,2.02,3.50,3.44
2015,2015-08-02,Fredrikstad,Hønefoss,1,1,X,1.54,4.07,5.80
2015,2015-08-02,Hødd,Bærum,4,2,1,1.55,4.21,5.30
2015,2015-08-02,Jerv,Sandnes Ulf,0,0,X,2.08,3.53,3.24
2015,2015-08-02,Nest-Sotra,Follo,0,0,X,2.47,3.40,2.68
2015,2015-08-02,Strømmen,Åsane,1,0,1,1.51,4.27,5.62
2015,2015-08-03,Brann,Levanger,1,0,1,1.33,5.39,7.56
2015,2015-08-03,Ranheim,Sogndal,3,2,1,2.57,3.30,2.65
2015,2015-08-08,Sandnes Ulf,Brann,1,1,X,2.50,3.35,2.67
2015,2015-08-09,Bærum,Strømmen,0,1,2,3.05,3.49,2.19
2015,2015-08-09,Follo,Ranheim,3,0,1,2.50,3.25,2.58
2015,2015-08-09,Hønefoss,Nest-Sotra,2,2,X,2.11,3.50,3.26
2015,2015-08-09,Kristiansund,Fredrikstad,1,0,1,1.79,3.68,4.25
2015,2015-08-09,Levanger,Jerv,1,4,2,2.89,3.43,2.31
2015,2015-08-09,Åsane,Hødd,2,0,1,2.72,3.45,2.43
2015,2015-08-10,Sogndal,Bryne,3,1,1,1.63,3.94,5.02
2015,2015-08-12,Brann,Åsane,2,2,X,1.50,4.29,6.00
2015,2015-08-12,Jerv,Hødd,0,1,2,1.72,3.79,4.46
2015,2015-08-12,Levanger,Bærum,4,1,1,2.05,3.58,3.30
2015,2015-08-12,Nest-Sotra,Kristiansund,0,1,2,2.57,3.36,2.61
2015,2015-08-12,Ranheim,Hønefoss,4,0,1,1.43,4.53,6.84
2015,2015-08-12,Sandnes Ulf,Follo,2,1,1,1.79,3.69,4.12
2015,2015-08-13,Bryne,Strømmen,0,0,X,2.12,3.73,3.03
2015,2015-08-13,Fredrikstad,Sogndal,1,1,X,3.29,3.36,2.13
2015,2015-08-16,Follo,Bærum,2,2,X,1.56,4.17,5.30
2015,2015-08-16,Hødd,Levanger,0,4,2,1.63,4.06,4.85
2015,2015-08-16,Hønefoss,Jerv,2,1,1,3.50,3.47,2.02
2015,2015-08-16,Nest-Sotra,Bryne,2,0,1,2.72,3.53,2.39
2015,2015-08-16,Strømmen,Fredrikstad,1,2,2,1.92,3.59,3.68
2015,2015-08-16,Åsane,Ranheim,1,2,2,2.97,3.41,2.29
2015,2015-08-17,Kristiansund,Sandnes Ulf,3,1,1,2.09,3.38,3.38
2015,2015-08-17,Sogndal,Brann,0,0,X,1.90,3.46,3.76
2015,2015-08-23,Brann,Hønefoss,3,0,1,1.35,4.99,7.71
2015,2015-08-23,Bryne,Åsane,0,0,X,1.66,3.99,4.68
2015,2015-08-23,Bærum,Sogndal,0,5,2,4.60,3.70,1.72
2015,2015-08-23,Jerv,Fredrikstad,4,0,1,1.86,3.62,3.89
2015,2015-08-23,Levanger,Nest-Sotra,0,3,2,2.12,3.58,3.16
2015,2015-08-23,Ranheim,Kristiansund,0,1,2,2.03,3.41,3.51
2015,2015-08-24,Follo,Strømmen,1,1,X,2.15,3.28,3.21
2015,2015-08-24,Sandnes Ulf,Hødd,0,2,2,1.69,3.72,4.85
2015,2015-08-30,Fredrikstad,Sandnes Ulf,3,2,1,2.66,3.41,2.49
2015,2015-08-30,Hødd,Bryne,2,0,1,2.54,3.51,2.57
2015,2015-08-30,Hønefoss,Bærum,2,2,X,2.02,3.49,3.50
2015,2015-08-30,Kristiansund,Levanger,2,1,1,1.61,3.76,5.03
2015,2015-08-30,Nest-Sotra,Ranheim,1,2,2,2.77,3.38,2.41
2015,2015-08-30,Sogndal,Follo,2,1,1,1.47,4.26,6.53
2015,2015-08-30,Strømmen,Brann,2,3,2,2.70,3.40,2.46
2015,2015-08-30,Åsane,Jerv,1,1,X,2.59,3.45,2.52
2015,2015-09-13,Bryne,Hønefoss,3,2,1,1.47,4.32,6.50
2015,2015-09-13,Bærum,Kristiansund,1,2,2,3.36,3.45,2.08
2015,2015-09-13,Follo,Hødd,3,0,1,1.93,3.59,3.68
2015,2015-09-13,Jerv,Ranheim,2,0,1,2.14,3.35,3.30
2015,2015-09-13,Levanger,Strømmen,0,1,2,2.53,3.37,2.65
2015,2015-09-13,Sandnes Ulf,Åsane,1,3,2,1.59,3.92,5.42
2015,2015-09-14,Brann,Fredrikstad,5,1,1,1.51,4.18,5.91
2015,2015-09-14,Sogndal,Nest-Sotra,3,0,1,1.38,4.66,7.31
2015,2015-09-20,Fredrikstad,Bryne,2,0,1,2.42,3.47,2.71
2015,2015-09-20,Hønefoss,Levanger,3,0,1,2.33,3.41,2.89
2015,2015-09-20,Kristiansund,Follo,1,1,X,1.94,3.52,3.68
2015,2015-09-20,Nest-Sotra,Sandnes Ulf,2,3,2,2.76,3.54,2.35
2015,2015-09-20,Strømmen,Jerv,0,1,2,2.34,3.36,2.91
2015,2015-09-20,Åsane,Bærum,5,0,1,1.81,3.67,4.07
2015,2015-09-21,Hødd,Sogndal,1,0,1,3.87,3.66,1.86
2015,2015-09-21,Ranheim,Brann,0,0,X,2.64,3.41,2.50
2015,2015-09-27,Bærum,Nest-Sotra,5,2,1,2.47,3.49,2.64
2015,2015-09-27,Follo,Fredrikstad,2,3,2,1.85,3.58,4.04
2015,2015-09-27,Hødd,Ranheim,1,1,X,2.95,3.44,2.27
2015,2015-09-27,Jerv,Kristiansund,0,1,2,1.84,3.57,4.02
2015,2015-09-27,Levanger,Åsane,2,2,X,2.31,3.40,2.93
2015,2015-09-27,Sandnes Ulf,Hønefoss,1,0,1,1.39,4.70,7.33
2015,2015-09-28,Brann,Bryne,2,1,1,1.50,4.41,5.83
2015,2015-09-28,Sogndal,Strømmen,3,2,1,1.41,4.53,7.24
2015,2015-10-04,Bryne,Jerv,1,2,2,2.23,3.39,3.06
2015,2015-10-04,Hønefoss,Follo,2,1,1,3.19,3.39,2.17
2015,2015-10-04,Kristiansund,Brann,0,1,2,2.90,3.36,2.34
2015,2015-10-04,Nest-Sotra,Hødd,3,2,1,2.30,3.55,2.84
2015,2015-10-04,Ranheim,Levanger,3,2,1,1.54,4.05,5.76
2015,2015-10-04,Strømmen,Sandnes Ulf,0,3,2,2.30,3.39,2.96
2015,2015-10-04,Åsane,Sogndal,1,1,X,3.80,3.55,1.92
2015,2015-10-05,Fredrikstad,Bærum,3,3,X,1.72,3.98,4.23
2015,2015-10-11,Bærum,Sandnes Ulf,2,0,1,2.80,3.50,2.35
2015,2015-10-11,Follo,Åsane,2,0,1,1.84,3.61,3.99
2015,2015-10-11,Levanger,Bryne,1,0,1,2.57,3.49,2.56
2015,2015-10-11,Nest-Sotra,Strømmen,2,0,1,1.96,3.55,3.60
2015,2015-10-14,Brann,Jerv,2,0,1,1.50,4.15,6.02
2015,2015-10-14,Hødd,Hønefoss,0,1,2,1.75,3.72,4.37
2015,2015-10-14,Ranheim,Fredrikstad,4,0,1,1.62,4.03,4.84
2015,2015-10-18,Bryne,Follo,2,0,1,1.71,3.88,4.49
2015,2015-10-18,Fredrikstad,Hødd,1,2,2,1.88,3.64,3.81
2015,2015-10-18,Hønefoss,Sogndal,2,5,2,4.71,3.84,1.68
2015,2015-10-18,Jerv,Nest-Sotra,3,0,1,1.56,4.13,5.50
2015,2015-10-18,Sandnes Ulf,Levanger,2,3,2,1.54,4.19,5.62
2015,2015-10-18,Strømmen,Ranheim,2,4,2,2.69,3.40,2.50
2015,2015-10-18,Åsane,Kristiansund,2,0,1,2.57,3.27,2.67
2015,2015-10-19,Brann,Bærum,2,2,X,1.29,5.52,8.10
2015,2015-10-21,Sogndal,Kristiansund,4,3,1,1.66,3.68,4.91
2015,2015-10-25,Bærum,Jerv,0,4,2,2.91,3.47,2.29
2015,2015-10-25,Follo,Levanger,1,2,2,1.79,3.77,4.06
2015,2015-10-25,Hødd,Strømmen,1,1,X,1.99,3.54,3.50
2015,2015-10-25,Kristiansund,Hønefoss,1,0,1,1.59,3.83,5.54
2015,2015-10-25,Nest-Sotra,Brann,2,1,1,3.09,3.52,2.13
2015,2015-10-25,Ranheim,Bryne,4,1,1,1.75,3.71,4.40
2015,2015-10-25,Sogndal,Sandnes Ulf,2,1,1,1.77,3.80,4.17
2015,2015-10-25,Åsane,Fredrikstad,3,3,X,1.96,3.49,3.61
2015,2015-11-01,Brann,Hødd,1,2,2,1.71,3.95,4.37
2015,2015-11-01,Bryne,Bærum,2,1,1,1.61,4.17,4.84
2015,2015-11-01,Fredrikstad,Nest-Sotra,1,1,X,2.13,3.60,3.04
2015,2015-11-01,Hønefoss,Åsane,3,3,X,3.06,3.52,2.18
2015,2015-11-01,Jerv,Follo,2,2,X,1.65,4.02,4.61
2015,2015-11-01,Levanger,Sogndal,4,1,1,2.96,3.63,2.19
2015,2015-11-01,Sandnes Ulf,Ranheim,1,0,1,2.19,3.49,3.06
2015,2015-11-01,Strømmen,Kristiansund,1,0,1,2.32,3.37,2.93
2016,2016-04-03,Fredrikstad,Levanger,2,3,2,1.79,3.54,4.15
2016,2016-04-03,Hødd,Bryne,1,1,X,2.12,3.37,3.34
2016,2016-04-03,Jerv,Ranheim,2,1,1,2.31,3.28,3.01
2016,2016-04-03,Raufoss,KFUM Oslo,0,0,X,2.15,3.41,3.22
2016,2016-04-03,Sandefjord,Strømmen,4,1,1,1.57,4.06,5.44
2016,2016-04-03,Ull/Kisa,Sandnes Ulf,1,1,X,3.08,3.32,2.25
2016,2016-04-03,Åsane,Kongsvinger,3,0,1,2.54,3.35,2.63
2016,2016-04-04,Mjøndalen,Kristiansund,3,1,1,2.04,3.42,3.47
2016,2016-04-10,Bryne,Ull/Kisa,1,1,X,1.81,3.60,4.08
2016,2016-04-10,KFUM Oslo,Åsane,0,2,2,2.13,3.38,3.30
2016,2016-04-10,Kongsvinger,Raufoss,3,2,1,1.76,3.77,4.25
2016,2016-04-10,Kristiansund,Jerv,2,0,1,2.20,3.31,3.18
2016,2016-04-10,Levanger,Sandefjord,1,0,1,3.05,3.43,2.22
2016,2016-04-10,Ranheim,Hødd,2,1,1,1.83,3.57,4.14
2016,2016-04-10,Strømmen,Fredrikstad,0,0,X,2.51,3.35,2.70
2016,2016-04-11,Sandnes Ulf,Mjøndalen,5,0,1,2.33,3.21,2.92
2016,2016-04-17,Hødd,Kongsvinger,2,2,X,2.26,3.38,3.01
2016,2016-04-17,Jerv,KFUM Oslo,1,1,X,1.77,3.72,4.30
2016,2016-04-17,Mjøndalen,Strømmen,1,1,X,1.55,4.19,5.50
2016,2016-04-17,Raufoss,Bryne,5,1,1,2.55,3.32,2.64
2016,2016-04-17,Sandefjord,Sandnes Ulf,2,2,X,2.23,3.31,3.15
2016,2016-04-17,Ull/Kisa,Levanger,1,3,2,2.40,3.34,2.82
2016,2016-04-17,Åsane,Ranheim,0,1,2,2.45,3.31,2.81
2016,2016-04-18,Fredrikstad,Kristiansund,0,1,2,2.31,3.30,3.02
2016,2016-04-22,Bryne,Mjøndalen,3,0,1,2.89,3.40,2.33
2016,2016-04-24,KFUM Oslo,Ranheim,3,2,1,2.78,3.33,2.45
2016,2016-04-24,Kongsvinger,Jerv,5,0,1,2.09,3.47,3.31
2016,2016-04-24,Kristiansund,Raufoss,2,1,1,1.65,3.76,5.08
2016,2016-04-24,Levanger,Hødd,2,0,1,1.88,3.56,3.75
2016,2016-04-24,Sandnes Ulf,Fredrikstad,3,1,1,1.65,3.62,4.98
2016,2016-04-24,Strømmen,Åsane,0,0,X,2.09,3.45,3.33
2016,2016-04-24,Ull/Kisa,Sandefjord,1,2,2,3.22,3.34,2.14
2016,2016-04-30,Fredrikstad,Sandefjord,1,2,2,2.74,3.36,2.47
2016,2016-05-01,Hødd,Sandnes Ulf,2,0,1,2.82,3.35,2.40
2016,2016-05-01,Jerv,Strømmen,2,2,X,2.01,3.37,3.62
2016,2016-05-01,KFUM Oslo,Kristiansund,0,0,X,2.76,3.20,2.53
2016,2016-05-01,Mjøndalen,Levanger,2,2,X,1.66,3.95,4.59
2016,2016-05-01,Ranheim,Kongsvinger,0,3,2,2.13,3.32,3.09
2016,2016-05-01,Raufoss,Ull/Kisa,2,1,1,2.02,3.53,3.45
2016,2016-05-01,Åsane,Bryne,2,2,X,2.12,3.43,3.31
2016,2016-05-08,Bryne,Jerv,0,1,2,2.11,3.46,3.26
2016,2016-05-08,Kongsvinger,KFUM Oslo,2,0,1,1.61,4.03,5.06
2016,2016-05-08,Kristiansund,Ranheim,3,1,1,2.12,3.37,3.31
2016,2016-05-08,Levanger,Raufoss,3,0,1,1.56,4.32,5.22
2016,2016-05-08,Sandnes Ulf,Åsane,0,2,2,1.59,4.02,5.27
2016,2016-05-08,Strømmen,Hødd,2,1,1,2.31,3.36,2.99
2016,2016-05-08,Ull/Kisa,Fredrikstad,1,2,2,2.56,3.34,2.57
2016,2016-05-09,Sandefjord,Mjøndalen,2,0,1,1.91,3.63,3.62
2016,2016-05-11,Raufoss,Sandnes Ulf,1,2,2,3.12,3.37,2.22
2016,2016-05-12,Hødd,Sandefjord,1,3,2,2.69,3.34,2.40
2016,2016-05-12,Jerv,Levanger,0,1,2,2.25,3.43,2.99
2016,2016-05-12,KFUM Oslo,Strømmen,1,3,2,2.40,3.26,2.87
2016,2016-05-12,Kongsvinger,Kristiansund,1,3,2,1.84,3.58,4.11
2016,2016-05-12,Mjøndalen,Fredrikstad,4,0,1,1.76,3.70,4.32
2016,2016-05-12,Ranheim,Bryne,1,0,1,1.68,3.79,4.77
2016,2016-05-12,Åsane,Ull/Kisa,4,2,1,1.72,3.67,4.40
2016,2016-05-16,Bryne,KFUM Oslo,0,1,2,1.82,3.61,4.12
2016,2016-05-16,Fredrikstad,Raufoss,1,1,X,1.81,3.66,4.11
2016,2016-05-16,Kristiansund,Hødd,2,0,1,1.67,3.60,4.55
2016,2016-05-16,Levanger,Ranheim,1,2,2,1.95,3.57,3.60
2016,2016-05-16,Sandefjord,Åsane,2,0,1,1.65,3.83,5.00
2016,2016-05-16,Sandnes Ulf,Jerv,0,1,2,1.64,3.83,5.05
2016,2016-05-16,Strømmen,Kongsvinger,2,1,1,2.86,3.36,2.36
2016,2016-05-16,Ull/Kisa,Mjøndalen,5,1,1,3.83,3.61,1.88
2016,2016-05-21,Jerv,Mjøndalen,1,1,X,2.38,3.35,2.88
2016,2016-05-22,Bryne,Kristiansund,2,2,X,2.98,3.26,2.16
2016,2016-05-22,Hødd,Ull/Kisa,1,0,1,1.76,3.73,4.30
2016,2016-05-22,KFUM Oslo,Levanger,5,0,1,2.80,3.39,2.40
2016,2016-05-22,Kongsvinger,Sandnes Ulf,1,2,2,2.08,3.43,3.36
2016,2016-05-22,Ranheim,Strømmen,4,1,1,1.73,3.70,4.48
2016,2016-05-22,Raufoss,Sandefjord,0,2,2,3.95,3.66,1.80
2016,2016-05-22,Åsane,Fredrikstad,3,0,1,1.90,3.61,3.71
2016,2016-05-28,Fredrikstad,Hødd,1,0,1,2.19,3.49,3.09
2016,2016-05-29,Kristiansund,Åsane,2,1,1,1.84,3.55,4.02
2016,2016-05-29,Levanger,Kongsvinger,2,2,X,1.94,3.66,3.57
2016,2016-05-29,Sandefjord,Ranheim,3,1,1,1.76,3.72,4.32
2016,2016-05-29,Sandnes Ulf,KFUM Oslo,6,2,1,1.52,4.05,6.13
2016,2016-05-29,Strømmen,Bryne,2,2,X,2.09,3.52,3.24
2016,2016-05-29,Ull/Kisa,Jerv,1,1,X,2.52,3.35,2.66
2016,2016-05-30,Mjøndalen,Raufoss,1,1,X,1.43,4.49,6.50
2016,2016-06-05,Bryne,Sandnes Ulf,1,0,1,3.15,3.38,2.19
2016,2016-06-05,Hødd,Raufoss,1,0,1,1.72,3.77,4.47
2016,2016-06-05,KFUM Oslo,Ull/Kisa,0,0,X,2.07,3.45,3.37
2016,2016-06-05,Kongsvinger,Sandefjord,1,0,1,2.75,3.46,2.40
2016,2016-06-05,Ranheim,Mjøndalen,2,2,X,2.21,3.36,2.92
2016,2016-06-05,Strømmen,Kristiansund,1,3,2,2.68,3.38,2.50
2016,2016-06-05,Åsane,Levanger,1,1,X,2.01,3.63,3.38
2016,2016-06-06,Jerv,Fredrikstad,1,0,1,1.75,3.58,4.64
2016,2016-06-11,Mjøndalen,Åsane,2,0,1,1.73,3.72,4.30
2016,2016-06-12,Fredrikstad,Bryne,2,1,1,1.98,3.46,3.63
2016,2016-06-12,Hødd,KFUM Oslo,1,2,2,1.86,3.47,4.13
2016,2016-06-12,Levanger,Strømmen,2,2,X,1.75,3.71,4.44
2016,2016-06-12,Raufoss,Jerv,0,1,2,2.44,3.35,2.81
2016,2016-06-12,Sandefjord,Kristiansund,0,0,X,1.77,3.58,4.21
2016,2016-06-12,Sandnes Ulf,Ranheim,2,0,1,1.70,3.71,4.69
2016,2016-06-12,Ull/Kisa,Kongsvinger,2,2,X,2.76,3.43,2.41
2016,2016-06-19,Bryne,Sandefjord,0,2,2,3.03,3.36,2.15
2016,2016-06-19,Jerv,Hødd,5,1,1,1.77,3.59,4.47
2016,2016-06-19,KFUM Oslo,Mjøndalen,0,1,2,3.10,3.34,2.09
2016,2016-06-19,Kongsvinger,Fredrikstad,1,2,2,1.69,3.77,4.69
2016,2016-06-19,Kristiansund,Levanger,1,0,1,1.70,3.76,4.66
2016,2016-06-19,Ranheim,Ull/Kisa,2,2,X,1.66,3.81,4.91
2016,2016-06-19,Strømmen,Sandnes Ulf,3,1,1,2.91,3.41,2.32
2016,2016-06-19,Åsane,Raufoss,3,1,1,1.63,3.94,5.02
2016,2016-06-25,Sandnes Ulf,Kristiansund,0,1,2,1.90,3.48,3.82
2016,2016-06-26,Fredrikstad,KFUM Oslo,1,1,X,1.81,3.60,4.24
2016,2016-06-26,Hødd,Åsane,3,0,1,2.28,3.39,2.94
2016,2016-06-26,Levanger,Bryne,4,0,1,1.74,3.75,4.36
2016,2016-06-26,Mjøndalen,Kongsvinger,2,1,1,1.72,3.90,4.34
2016,2016-06-26,Raufoss,Ranheim,1,2,2,3.03,3.44,2.20
2016,2016-06-26,Sandefjord,Jerv,3,2,1,1.97,3.61,3.51
2016,2016-06-26,Ull/Kisa,Strømmen,2,0,1,2.43,3.41,2.72
2016,2016-06-29,KFUM Oslo,Sandefjord,1,2,2,3.89,3.65,1.87
2016,2016-06-29,Kongsvinger,Bryne,2,0,1,1.69,3.89,4.60
2016,2016-06-29,Kristiansund,Ull/Kisa,1,0,1,1.37,4.70,7.89
2016,2016-06-29,Ranheim,Fredrikstad,0,0,X,1.79,3.70,4.18
2016,2016-06-29,Sandnes Ulf,Levanger,1,1,X,1.68,3.72,4.57
2016,2016-06-29,Strømmen,Raufoss,4,0,1,1.77,3.86,4.07
2016,2016-06-29,Åsane,Jerv,1,1,X,2.35,3.42,2.74
2016,2016-06-30,Mjøndalen,Hødd,3,0,1,1.51,4.32,5.46
2016,2016-07-03,Bryne,Strømmen,0,1,2,2.28,3.45,2.94
2016,2016-07-03,Hødd,Ranheim,2,0,1,2.30,3.41,2.95
2016,2016-07-03,Jerv,Kongsvinger,3,2,1,1.90,3.62,3.81
2016,2016-07-03,Raufoss,Mjøndalen,1,0,1,4.33,3.65,1.74
2016,2016-07-03,Sandefjord,Levanger,1,2,2,1.58,3.94,5.31
2016,2016-07-03,Ull/Kisa,KFUM Oslo,3,0,1,2.17,3.47,3.15
2016,2016-07-03,Åsane,Kristiansund,2,0,1,2.80,3.43,2.40
2016,2016-07-05,Fredrikstad,Sandnes Ulf,0,0,X,2.63,3.49,2.51
2016,2016-07-10,KFUM Oslo,Hødd,1,1,X,2.68,3.29,2.50
2016,2016-07-10,Kongsvinger,Åsane,2,0,1,1.76,3.57,4.26
2016,2016-07-10,Kristiansund,Bryne,2,1,1,1.39,4.73,7.60
2016,2016-07-10,Levanger,Ull/Kisa,3,1,1,1.63,3.84,4.79
2016,2016-07-10,Mjøndalen,Jerv,1,1,X,1.92,3.64,3.71
2016,2016-07-10,Raufoss,Fredrikstad,2,1,1,2.73,3.40,2.49
2016,2016-07-10,Sandnes Ulf,Strømmen,1,0,1,1.61,3.84,5.27
2016,2016-07-11,Ranheim,Sandefjord,3,0,1,2.54,3.31,2.52
2016,2016-07-30,Fredrikstad,Mjøndalen,0,1,2,2.81,3.42,2.39
2016,2016-07-31,Bryne,Ranheim,1,1,X,2.66,3.40,2.47
2016,2016-07-31,Jerv,Sandnes Ulf,2,0,1,2.24,3.45,3.07
2016,2016-07-31,Sandefjord,Kongsvinger,1,3,2,1.96,3.48,3.77
2016,2016-07-31,Strømmen,Levanger,2,1,1,2.19,3.51,3.07
2016,2016-07-31,Ull/Kisa,Raufoss,2,1,1,1.89,3.60,3.85
2016,2016-07-31,Åsane,KFUM Oslo,0,0,X,1.61,3.82,5.51
2016,2016-08-02,Hødd,Kristiansund,1,0,1,2.54,3.20,2.69
2016,2016-08-07,KFUM Oslo,Bryne,3,0,1,2.54,3.38,2.66
2016,2016-08-07,Kongsvinger,Hødd,2,1,1,1.68,3.86,4.79
2016,2016-08-07,Kristiansund,Strømmen,2,0,1,1.68,3.88,4.70
2016,2016-08-07,Levanger,Fredrikstad,1,0,1,1.70,3.82,4.67
2016,2016-08-07,Mjøndalen,Ull/Kisa,0,0,X,1.46,4.47,6.40
2016,2016-08-07,Ranheim,Jerv,1,4,2,2.30,3.51,2.90
2016,2016-08-07,Raufoss,Åsane,1,2,2,2.44,3.48,2.71
2016,2016-08-08,Sandnes Ulf,Sandefjord,5,0,1,2.18,3.40,3.11
2016,2016-08-14,Bryne,Kongsvinger,1,1,X,2.95,3.47,2.25
2016,2016-08-14,Fredrikstad,Ull/Kisa,5,1,1,1.90,3.57,3.87
2016,2016-08-14,Hødd,Levanger,3,2,1,2.44,3.43,2.74
2016,2016-08-14,Jerv,Raufoss,4,0,1,1.27,5.57,10.13
2016,2016-08-14,Sandefjord,KFUM Oslo,3,0,1,1.46,4.39,6.61
2016,2016-08-14,Strømmen,Ranheim,2,1,1,2.05,3.53,3.38
2016,2016-08-14,Åsane,Mjøndalen,1,4,2,2.45,3.41,2.75
2016,2016-08-15,Kristiansund,Sandnes Ulf,2,3,2,1.91,3.56,3.81
2016,2016-08-21,KFUM Oslo,Fredrikstad,2,2,X,2.89,3.37,2.38
2016,2016-08-21,Kongsvinger,Strømmen,2,2,X,1.83,3.69,4.09
2016,2016-08-21,Levanger,Jerv,1,2,2,2.39,3.45,2.81
2016,2016-08-21,Ranheim,Kristiansund,0,1,2,2.63,3.32,2.62
2016,2016-08-21,Raufoss,Hødd,2,0,1,2.95,3.54,2.25
2016,2016-08-21,Sandnes Ulf,Bryne,1,1,X,1.46,4.41,6.52
2016,2016-08-21,Ull/Kisa,Åsane,1,0,1,2.37,3.44,2.87
2016,2016-08-22,Mjøndalen,Sandefjord,2,2,X,2.12,3.54,3.24
2016,2016-08-24,Bryne,Levanger,4,3,1,2.47,3.50,2.67
2016,2016-08-24,Fredrikstad,Åsane,3,2,1,1.80,3.66,4.26
2016,2016-08-24,Jerv,Ull/Kisa,1,0,1,1.37,5.01,7.52
2016,2016-08-24,Kristiansund,Kongsvinger,1,2,2,1.81,3.65,4.24
2016,2016-08-24,Ranheim,Sandnes Ulf,0,2,2,2.39,3.48,2.79
2016,2016-08-24,Strømmen,KFUM Oslo,2,1,1,1.59,4.03,5.46
2016,2016-08-25,Hødd,Mjøndalen,2,1,1,2.94,3.46,2.19
2016,2016-08-25,Sandefjord,Raufoss,3,1,1,1.35,5.25,7.49
2016,2016-08-28,KFUM Oslo,Sandnes Ulf,1,3,2,4.14,3.69,1.82
2016,2016-08-28,Kongsvinger,Ranheim,1,0,1,1.78,3.81,4.16
2016,2016-08-28,Levanger,Kristiansund,1,3,2,2.72,3.40,2.47
2016,2016-08-28,Mjøndalen,Bryne,3,0,1,1.52,4.51,5.47
2016,2016-08-28,Raufoss,Strømmen,4,5,2,2.90,3.51,2.29
2016,2016-08-28,Ull/Kisa,Hødd,8,3,1,1.98,3.59,3.54
2016,2016-08-28,Åsane,Sandefjord,1,1,X,2.86,3.46,2.37
2016,2016-08-29,Fredrikstad,Jerv,2,1,1,2.94,3.47,2.27
2016,2016-09-11,Bryne,Raufoss,2,0,1,1.62,4.15,4.85
2016,2016-09-11,Jerv,Åsane,2,0,1,1.46,4.66,6.01
2016,2016-09-11,Kristiansund,KFUM Oslo,3,2,1,1.23,5.93,11.59
2016,2016-09-11,Ranheim,Levanger,3,1,1,2.17,3.46,3.20
2016,2016-09-11,Sandefjord,Ull/Kisa,1,0,1,1.50,4.42,5.92
2016,2016-09-11,Sandnes Ulf,Kongsvinger,1,1,X,1.74,3.86,4.31
2016,2016-09-11,Strømmen,Mjøndalen,0,0,X,2.49,3.51,2.65
2016,2016-09-12,Hødd,Fredrikstad,2,2,X,2.33,3.42,2.85
2016,2016-09-18,Jerv,Sandefjord,2,2,X,1.99,3.51,3.64
2016,2016-09-18,KFUM Oslo,Kongsvinger,1,2,2,3.27,3.50,2.11
2016,2016-09-18,Levanger,Sandnes Ulf,0,2,2,2.62,3.42,2.57
2016,2016-09-18,Mjøndalen,Ranheim,6,2,1,1.56,3.99,5.53
2016,2016-09-18,Raufoss,Kristiansund,1,2,2,4.65,3.93,1.68
2016,2016-09-18,Ull/Kisa,Bryne,3,0,1,1.95,3.52,3.48
2016,2016-09-18,Åsane,Hødd,1,1,X,1.82,3.69,4.10
2016,2016-09-19,Fredrikstad,Strømmen,2,1,1,1.86,3.68,3.83
2016,2016-09-25,Bryne,Åsane,3,1,1,1.97,3.57,3.60
2016,2016-09-25,Hødd,Jerv,0,2,2,3.07,3.51,2.19
2016,2016-09-25,Kongsvinger,Levanger,1,2,2,1.95,3.67,3.59
2016,2016-09-25,Kristiansund,Mjøndalen,0,2,2,1.79,3.70,4.25
2016,2016-09-25,Ranheim,KFUM Oslo,2,0,1,1.58,3.99,5.50
2016,2016-09-25,Sandnes Ulf,Raufoss,3,0,1,1.30,5.59,9.06
2016,2016-09-25,Strømmen,Ull/Kisa,2,1,1,1.79,3.84,4.11
2016,2016-09-27,Sandefjord,Fredrikstad,2,1,1,1.82,3.84,3.94
2016,2016-10-02,Fredrikstad,Ranheim,1,7,2,1.77,3.66,4.41
2016,2016-10-02,Jerv,Bryne,1,3,2,1.43,4.68,6.69
2016,2016-10-02,Levanger,KFUM Oslo,0,3,2,1.47,4.37,6.48
2016,2016-10-02,Mjøndalen,Sandnes Ulf,1,0,1,2.15,3.45,3.23
2016,2016-10-02,Raufoss,Kongsvinger,2,4,2,5.29,4.19,1.57
2016,2016-10-02,Sandefjord,Hødd,3,0,1,1.38,4.82,7.67
2016,2016-10-02,Åsane,Strømmen,2,0,1,2.29,3.49,2.93
2016,2016-10-03,Ull/Kisa,Kristiansund,2,3,2,3.18,3.40,2.11
2016,2016-10-16,Bryne,Hødd,0,0,X,1.76,3.88,4.18
2016,2016-10-16,KFUM Oslo,Jerv,0,1,2,3.66,3.47,1.94
2016,2016-10-16,Kristiansund,Fredrikstad,0,0,X,1.51,4.33,5.84
2016,2016-10-16,Levanger,Åsane,1,0,1,1.99,3.58,3.51
2016,2016-10-16,Ranheim,Raufoss,1,0,1,1.22,6.71,10.86
2016,2016-10-16,Sandnes Ulf,Ull/Kisa,4,0,1,1.56,4.21,5.35
2016,2016-10-16,Strømmen,Sandefjord,0,3,2,2.73,3.57,2.40
2016,2016-10-17,Kongsvinger,Mjøndalen,3,1,1,2.32,3.35,2.98
2016,2016-10-23,Fredrikstad,Kongsvinger,1,1,X,1.80,3.85,3.99
2016,2016-10-23,Hødd,Strømmen,0,3,2,1.93,3.68,3.65
2016,2016-10-23,Jerv,Kristiansund,1,1,X,2.18,3.44,3.16
2016,2016-10-23,Mjøndalen,KFUM Oslo,2,0,1,1.46,4.47,6.36
2016,2016-10-23,Raufoss,Levanger,0,6,2,8.66,5.52,1.31
2016,2016-10-23,Sandefjord,Bryne,1,0,1,1.44,4.63,6.48
2016,2016-10-23,Ull/Kisa,Ranheim,2,2,X,1.67,4.00,4.59
2016,2016-10-23,Åsane,Sandnes Ulf,1,0,1,2.82,3.35,2.39
2016,2016-10-30,Bryne,Fredrikstad,3,1,1,1.59,4.11,5.23
2016,2016-10-30,KFUM Oslo,Raufoss,0,3,2,1.73,3.95,4.30
2016,2016-10-30,Kongsvinger,Ull/Kisa,2,3,2,1.97,3.71,3.42
2016,2016-10-30,Kristiansund,Sandefjord,3,2,1,1.91,3.42,3.85
2016,2016-10-30,Levanger,Mjøndalen,2,2,X,2.66,3.59,2.43
2016,2016-10-30,Ranheim,Åsane,1,1,X,1.87,3.73,3.85
2016,2016-10-30,Sandnes Ulf,Hødd,5,0,1,1.71,3.75,4.70
2016,2016-10-30,Strømmen,Jerv,2,1,1,2.04,3.72,3.26
2017,2017-04-02,Florø,Jerv,1,1,X,2.71,3.39,2.47
2017,2017-04-02,Mjøndalen,Arendal,2,1,1,1.67,4.00,4.56
2017,2017-04-02,Ranheim,Strømmen,1,0,1,2.09,3.43,3.35
2017,2017-04-02,Sandnes Ulf,Elverum,2,0,1,1.45,4.34,6.58
2017,2017-04-02,Start,Fredrikstad,2,2,X,1.54,3.98,5.72
2017,2017-04-02,Tromsdalen,Åsane,2,0,1,2.21,3.43,3.12
2017,2017-04-02,Ull/Kisa,Levanger,2,2,X,2.23,3.46,3.02
2017,2017-04-04,Bodø/Glimt,Kongsvinger,3,2,1,1.56,4.10,5.49
2017,2017-04-09,Arendal,Ull/Kisa,1,2,2,2.17,3.47,3.12
2017,2017-04-09,Elverum,Tromsdalen,1,1,X,2.28,3.47,2.93
2017,2017-04-09,Jerv,Ranheim,1,2,2,1.70,3.65,4.84
2017,2017-04-09,Kongsvinger,Start,0,2,2,2.28,3.37,2.91
2017,2017-04-09,Levanger,Sandnes Ulf,0,1,2,2.93,3.43,2.29
2017,2017-04-09,Strømmen,Florø,1,1,X,1.74,3.81,4.24
2017,2017-04-09,Åsane,Bodø/Glimt,1,1,X,3.40,3.50,2.05
2017,2017-04-11,Fredrikstad,Mjøndalen,1,1,X,2.40,3.37,2.78
2017,2017-04-17,Bodø/Glimt,Elverum,5,0,1,1.35,5.02,7.66
2017,2017-04-17,Florø,Levanger,0,0,X,2.25,3.47,2.98
2017,2017-04-17,Ranheim,Arendal,2,1,1,1.72,3.84,4.49
2017,2017-04-17,Sandnes Ulf,Fredrikstad,0,0,X,1.52,4.06,6.16
2017,2017-04-17,Start,Åsane,4,0,1,1.49,4.33,6.11
2017,2017-04-17,Tromsdalen,Kongsvinger,2,2,X,2.34,3.41,2.86
2017,2017-04-17,Ull/Kisa,Strømmen,2,0,1,2.29,3.48,2.92
2017,2017-04-18,Mjøndalen,Jerv,3,0,1,2.04,3.50,3.42
2017,2017-04-22,Kongsvinger,Ranheim,0,0,X,1.96,3.60,3.56
2017,2017-04-23,Arendal,Florø,2,0,1,2.23,3.38,3.08
2017,2017-04-23,Elverum,Ull/Kisa,0,3,2,2.42,3.34,2.80
2017,2017-04-23,Fredrikstad,Bodø/Glimt,0,1,2,3.22,3.43,2.14
2017,2017-04-23,Jerv,Strømmen,0,1,2,1.72,3.71,4.63
2017,2017-04-23,Levanger,Mjøndalen,1,1,X,2.50,3.40,2.66
2017,2017-04-23,Tromsdalen,Start,1,2,2,3.23,3.47,2.14
2017,2017-04-23,Åsane,Sandnes Ulf,4,0,1,3.27,3.17,2.18
2017,2017-04-30,Florø,Elverum,1,1,X,1.87,3.52,3.98
2017,2017-04-30,Jerv,Levanger,2,2,X,1.74,3.62,4.61
2017,2017-04-30,Mjøndalen,Kongsvinger,5,1,1,1.80,3.74,4.08
2017,2017-04-30,Ranheim,Åsane,2,1,1,1.76,3.66,4.44
2017,2017-04-30,Sandnes Ulf,Tromsdalen,2,0,1,1.47,3.98,6.56
2017,2017-04-30,Strømmen,Arendal,1,0,1,1.74,3.74,4.38
2017,2017-04-30,Ull/Kisa,Fredrikstad,2,1,1,2.19,3.47,3.09
2017,2017-05-02,Bodø/Glimt,Start,3,2,1,1.72,3.86,4.36
2017,2017-05-06,Arendal,Jerv,1,1,X,2.96,3.43,2.28
2017,2017-05-07,Elverum,Ranheim,1,1,X,3.10,3.47,2.18
2017,2017-05-07,Fredrikstad,Florø,1,2,2,1.72,3.72,4.50
2017,2017-05-07,Levanger,Strømmen,0,1,2,2.01,3.48,3.55
2017,2017-05-07,Start,Ull/Kisa,3,1,1,1.49,4.30,6.22
2017,2017-05-07,Tromsdalen,Bodø/Glimt,2,3,2,3.85,3.66,1.86
2017,2017-05-07,Åsane,Mjøndalen,2,2,X,2.71,3.38,2.49
2017,2017-05-09,Kongsvinger,Sandnes Ulf,2,3,2,2.40,3.32,2.79
2017,2017-05-13,Arendal,Levanger,0,3,2,2.53,3.26,2.73
2017,2017-05-13,Florø,Start,1,4,2,3.87,3.56,1.89
2017,2017-05-13,Jerv,Kongsvinger,2,2,X,1.76,3.65,4.40
2017,2017-05-13,Mjøndalen,Elverum,2,2,X,1.42,4.66,6.63
2017,2017-05-13,Ranheim,Fredrikstad,1,0,1,1.67,3.79,4.62
2017,2017-05-13,Sandnes Ulf,Bodø/Glimt,3,0,1,2.22,3.33,3.15
2017,2017-05-13,Strømmen,Tromsdalen,1,1,X,1.78,3.63,4.36
2017,2017-05-13,Ull/Kisa,Åsane,2,3,2,2.05,3.42,3.48
2017,2017-05-16,Bodø/Glimt,Ull/Kisa,3,1,1,1.38,4.90,7.03
2017,2017-05-16,Elverum,Strømmen,2,1,1,2.54,3.36,2.65
2017,2017-05-16,Fredrikstad,Jerv,1,1,X,2.79,3.31,2.42
2017,2017-05-16,Kongsvinger,Arendal,2,3,2,1.60,4.05,5.04
2017,2017-05-16,Levanger,Ranheim,1,1,X,2.41,3.27,2.65
2017,2017-05-16,Start,Sandnes Ulf,2,1,1,1.89,3.68,3.71
2017,2017-05-16,Tromsdalen,Mjøndalen,2,1,1,2.71,3.48,2.42
2017,2017-05-16,Åsane,Florø,1,0,1,1.75,3.70,4.44
2017,2017-05-19,Mjøndalen,Sandnes Ulf,2,2,X,2.34,3.42,2.84
2017,2017-05-21,Arendal,Elverum,0,3,2,1.94,3.53,3.69
2017,2017-05-21,Florø,Bodø/Glimt,1,2,2,4.34,3.84,1.73
2017,2017-05-21,Jerv,Åsane,1,1,X,1.78,3.61,4.25
2017,2017-05-21,Levanger,Fredrikstad,3,1,1,1.82,3.59,4.17
2017,2017-05-21,Ranheim,Start,1,0,1,2.66,3.43,2.49
2017,2017-05-21,Strømmen,Kongsvinger,0,4,2,2.20,3.43,3.10
2017,2017-05-21,Ull/Kisa,Tromsdalen,1,0,1,1.91,3.53,3.78
2017,2017-05-27,Start,Jerv,3,2,1,1.66,3.63,4.59
2017,2017-05-28,Bodø/Glimt,Mjøndalen,1,0,1,1.61,4.06,4.93
2017,2017-05-28,Elverum,Levanger,0,2,2,2.48,3.26,2.77
2017,2017-05-28,Fredrikstad,Arendal,1,1,X,1.77,3.79,4.17
2017,2017-05-28,Kongsvinger,Florø,2,1,1,1.63,3.97,4.92
2017,2017-05-28,Sandnes Ulf,Ull/Kisa,0,0,X,1.45,4.36,6.50
2017,2017-05-28,Tromsdalen,Ranheim,3,2,1,2.66,3.39,2.51
2017,2017-05-28,Åsane,Strømmen,2,2,X,1.81,3.60,4.19
2017,2017-06-04,Arendal,Tromsdalen,1,2,2,2.10,3.47,3.28
2017,2017-06-04,Florø,Sandnes Ulf,3,1,1,3.48,3.43,2.03
2017,2017-06-04,Jerv,Elverum,2,0,1,1.57,3.96,5.51
2017,2017-06-04,Levanger,Åsane,3,0,1,1.89,3.56,3.81
2017,2017-06-04,Mjøndalen,Start,2,1,1,2.42,3.42,2.75
2017,2017-06-04,Ranheim,Bodø/Glimt,2,1,1,2.83,3.37,2.36
2017,2017-06-04,Strømmen,Fredrikstad,4,1,1,1.91,3.58,3.79
2017,2017-06-04,Ull/Kisa,Kongsvinger,0,3,2,2.39,3.52,2.66
2017,2017-06-10,Kongsvinger,Levanger,0,1,2,2.17,3.59,2.90
2017,2017-06-10,Start,Strømmen,0,1,2,1.53,4.22,5.44
2017,2017-06-11,Bodø/Glimt,Jerv,4,0,1,1.61,3.81,4.97
2017,2017-06-11,Fredrikstad,Elverum,4,0,1,1.76,3.68,4.38
2017,2017-06-11,Mjøndalen,Ull/Kisa,3,1,1,1.47,4.42,6.27
2017,2017-06-11,Sandnes Ulf,Ranheim,2,0,1,1.91,3.42,3.95
2017,2017-06-11,Tromsdalen,Florø,1,0,1,1.92,3.62,3.69
2017,2017-06-11,Åsane,Arendal,2,2,X,1.62,3.80,4.87
2017,2017-06-17,Arendal,Bodø/Glimt,1,3,2,4.57,4.00,1.65
2017,2017-06-18,Elverum,Åsane,0,0,X,2.25,3.29,3.12
2017,2017-06-18,Florø,Ull/Kisa,3,1,1,1.71,3.82,4.53
2017,2017-06-18,Jerv,Tromsdalen,1,1,X,1.84,3.59,4.06
2017,2017-06-18,Levanger,Start,0,0,X,2.27,3.33,3.00
2017,2017-06-18,Ranheim,Mjøndalen,1,1,X,2.16,3.52,3.18
2017,2017-06-18,Strømmen,Sandnes Ulf,1,3,2,2.91,3.33,2.37
2017,2017-06-20,Fredrikstad,Kongsvinger,1,1,X,2.19,3.63,2.98
2017,2017-06-25,Bodø/Glimt,Strømmen,4,3,1,1.33,5.23,8.04
2017,2017-06-25,Kongsvinger,Elverum,1,1,X,1.76,3.55,4.17
2017,2017-06-25,Mjøndalen,Florø,2,4,2,1.55,4.27,5.27
2017,2017-06-25,Sandnes Ulf,Jerv,0,3,2,1.87,3.41,3.79
2017,2017-06-25,Tromsdalen,Levanger,2,1,1,2.39,3.31,2.86
2017,2017-06-25,Ull/Kisa,Ranheim,0,1,2,2.83,3.41,2.36
2017,2017-06-25,Åsane,Fredrikstad,1,1,X,2.22,3.42,3.07
2017,2017-06-27,Start,Arendal,3,1,1,1.35,4.53,7.59
2017,2017-07-02,Elverum,Start,1,1,X,3.52,3.43,2.00
2017,2017-07-02,Fredrikstad,Tromsdalen,2,1,1,1.83,3.51,3.93
2017,2017-07-02,Jerv,Ull/Kisa,6,2,1,1.48,4.23,6.33
2017,2017-07-02,Kongsvinger,Åsane,2,0,1,1.76,3.74,4.36
2017,2017-07-02,Levanger,Bodø/Glimt,1,1,X,3.02,3.44,2.23
2017,2017-07-02,Ranheim,Florø,0,2,2,2.03,3.46,3.52
2017,2017-07-02,Strømmen,Mjøndalen,2,2,X,2.71,3.42,2.45
2017,2017-07-04,Arendal,Sandnes Ulf,2,3,2,3.95,3.80,1.80
2017,2017-07-22,Bodø/Glimt,Ranheim,3,3,X,1.49,4.32,5.95
2017,2017-07-23,Florø,Fredrikstad,4,1,1,1.75,3.69,4.51
2017,2017-07-23,Sandnes Ulf,Mjøndalen,1,0,1,1.89,3.43,4.00
2017,2017-07-23,Start,Kongsvinger,2,1,1,1.65,4.13,4.56
2017,2017-07-23,Strømmen,Jerv,2,1,1,2.87,3.41,2.34
2017,2017-07-23,Tromsdalen,Arendal,1,1,X,1.66,3.89,4.73
2017,2017-07-23,Ull/Kisa,Elverum,2,0,1,2.05,3.45,3.43
2017,2017-07-23,Åsane,Levanger,2,1,1,2.61,3.22,2.65
2017,2017-07-29,Mjøndalen,Bodø/Glimt,1,2,2,2.48,3.66,2.56
2017,2017-07-30,Arendal,Åsane,0,1,2,2.27,3.39,2.98
2017,2017-07-30,Elverum,Florø,3,4,2,2.81,3.27,2.44
2017,2017-07-30,Fredrikstad,Strømmen,1,1,X,1.99,3.53,3.52
2017,2017-07-30,Kongsvinger,Ull/Kisa,1,3,2,1.50,4.47,5.56
2017,2017-07-30,Levanger,Jerv,0,1,2,2.15,3.40,3.24
2017,2017-07-30,Ranheim,Tromsdalen,3,1,1,1.66,3.74,4.99
2017,2017-07-30,Sandnes Ulf,Start,1,1,X,1.99,3.64,3.42
2017,2017-08-05,Start,Mjøndalen,2,1,1,1.77,3.78,4.22
2017,2017-08-06,Bodø/Glimt,Arendal,5,0,1,1.23,6.52,9.88
2017,2017-08-06,Florø,Kongsvinger,1,0,1,1.80,3.72,4.11
2017,2017-08-06,Jerv,Fredrikstad,2,0,1,1.65,3.70,5.12
2017,2017-08-06,Strømmen,Levanger,0,1,2,2.52,3.33,2.68
2017,2017-08-06,Tromsdalen,Elverum,1,1,X,1.77,3.60,4.44
2017,2017-08-06,Ull/Kisa,Sandnes Ulf,3,3,X,4.20,3.82,1.77
2017,2017-08-06,Åsane,Ranheim,1,3,2,2.38,3.30,2.86
2017,2017-08-13,Arendal,Strømmen,0,3,2,2.42,3.46,2.71
2017,2017-08-13,Elverum,Bodø/Glimt,0,4,2,5.02,3.96,1.62
2017,2017-08-13,Fredrikstad,Levanger,0,0,X,2.63,3.22,2.66
2017,2017-08-13,Kongsvinger,Jerv,6,1,1,2.31,3.44,2.88
2017,2017-08-13,Mjøndalen,Tromsdalen,2,0,1,1.61,3.99,5.07
2017,2017-08-13,Ranheim,Ull/Kisa,3,4,2,1.48,4.35,6.11
2017,2017-08-13,Sandnes Ulf,Åsane,3,3,X,1.60,3.93,5.25
2017,2017-08-13,Start,Florø,2,0,1,1.72,3.81,4.39
2017,2017-08-16,Bodø/Glimt,Fredrikstad,4,0,1,1.25,6.09,9.30
2017,2017-08-16,Florø,Mjøndalen,5,0,1,2.13,3.44,3.16
2017,2017-08-16,Jerv,Arendal,2,3,2,1.48,4.40,6.09
2017,2017-08-16,Levanger,Elverum,1,1,X,1.50,4.08,6.51
2017,2017-08-16,Strømmen,Ranheim,1,0,1,2.54,3.34,2.67
2017,2017-08-16,Tromsdalen,Sandnes Ulf,1,2,2,2.94,3.26,2.27
2017,2017-08-16,Åsane,Kongsvinger,2,3,2,2.20,3.49,3.08
2017,2017-08-17,Ull/Kisa,Start,1,2,2,3.68,3.62,1.92
2017,2017-08-19,Ranheim,Levanger,6,1,1,2.29,3.30,3.04
2017,2017-08-20,Arendal,Fredrikstad,1,1,X,2.28,3.32,3.06
2017,2017-08-20,Elverum,Jerv,2,3,2,2.98,3.39,2.28
2017,2017-08-20,Mjøndalen,Strømmen,3,0,1,1.69,3.90,4.53
2017,2017-08-20,Sandnes Ulf,Florø,3,0,1,1.80,3.54,4.39
2017,2017-08-20,Start,Tromsdalen,2,2,X,1.41,4.52,7.28
2017,2017-08-20,Åsane,Ull/Kisa,0,3,2,1.79,3.83,4.07
2017,2017-08-22,Kongsvinger,Bodø/Glimt,0,1,2,3.63,3.96,1.83
2017,2017-09-03,Florø,Tromsdalen,1,1,X,1.60,3.89,5.46
2017,2017-09-03,Fredrikstad,Åsane,2,1,1,2.10,3.45,3.30
2017,2017-09-03,Jerv,Start,1,3,2,2.62,3.41,2.48
2017,2017-09-03,Ranheim,Kongsvinger,1,0,1,1.84,3.80,3.87
2017,2017-09-03,Strømmen,Elverum,0,0,X,1.81,3.58,4.20
2017,2017-09-03,Ull/Kisa,Mjøndalen,0,1,2,3.06,3.73,2.12
2017,2017-09-04,Levanger,Arendal,3,2,1,1.52,4.21,5.85
2017,2017-09-06,Bodø/Glimt,Sandnes Ulf,0,0,X,1.50,4.40,5.69
2017,2017-09-10,Elverum,Fredrikstad,1,1,X,2.41,3.30,2.86
2017,2017-09-10,Florø,Arendal,0,1,2,1.46,4.58,6.23
2017,2017-09-10,Kongsvinger,Strømmen,0,0,X,1.80,3.70,4.12
2017,2017-09-10,Mjøndalen,Ranheim,3,0,1,1.81,3.66,4.14
2017,2017-09-10,Sandnes Ulf,Levanger,2,2,X,1.80,3.60,4.31
2017,2017-09-10,Tromsdalen,Ull/Kisa,2,3,2,1.82,3.76,3.95
2017,2017-09-10,Åsane,Jerv,1,1,X,2.34,3.42,2.86
2017,2017-09-12,Start,Bodø/Glimt,2,2,X,2.43,3.44,2.64
2017,2017-09-17,Arendal,Mjøndalen,0,1,2,3.75,3.65,1.86
2017,2017-09-17,Fredrikstad,Start,2,1,1,3.27,3.38,2.14
2017,2017-09-17,Jerv,Sandnes Ulf,2,0,1,2.28,3.45,2.86
2017,2017-09-17,Levanger,Kongsvinger,2,1,1,1.87,3.62,3.89
2017,2017-09-17,Ranheim,Elverum,2,2,X,1.46,4.35,6.42
2017,2017-09-17,Strømmen,Åsane,2,2,X,2.00,3.42,3.47
2017,2017-09-17,Ull/Kisa,Florø,3,0,1,2.51,3.53,2.58
2017,2017-09-19,Bodø/Glimt,Tromsdalen,1,0,1,1.26,5.76,9.45
2017,2017-09-24,Elverum,Arendal,5,0,1,2.04,3.49,3.45
2017,2017-09-24,Florø,Ranheim,1,1,X,2.09,3.47,3.34
2017,2017-09-24,Kongsvinger,Fredrikstad,3,2,1,1.90,3.74,3.64
2017,2017-09-24,Mjøndalen,Åsane,3,0,1,1.52,4.23,5.75
2017,2017-09-24,Sandnes Ulf,Strømmen,2,0,1,1.48,4.01,6.40
2017,2017-09-24,Start,Levanger,1,1,X,1.71,3.77,4.56
2017,2017-09-24,Tromsdalen,Jerv,1,4,2,2.67,3.37,2.50
2017,2017-09-26,Ull/Kisa,Bodø/Glimt,2,5,2,3.79,3.93,1.81
2017,2017-10-01,Arendal,Kongsvinger,3,0,1,2.86,3.60,2.25
2017,2017-10-01,Bodø/Glimt,Florø,4,1,1,1.38,4.90,7.13
2017,2017-10-01,Jerv,Mjøndalen,0,1,2,2.50,3.33,2.75
2017,2017-10-01,Levanger,Tromsdalen,0,3,2,1.56,4.01,5.56
2017,2017-10-01,Ranheim,Sandnes Ulf,0,1,2,2.53,3.42,2.63
2017,2017-10-01,Strømmen,Start,1,2,2,3.30,3.49,2.09
2017,2017-10-01,Åsane,Elverum,1,0,1,1.94,3.50,3.72
2017,2017-10-03,Fredrikstad,Ull/Kisa,1,2,2,1.90,3.75,3.49
2017,2017-10-15,Bodø/Glimt,Levanger,1,3,2,1.94,3.74,3.50
2017,2017-10-15,Elverum,Kongsvinger,1,2,2,2.62,3.44,2.50
2017,2017-10-15,Florø,Åsane,1,1,X,1.78,3.88,4.03
2017,2017-10-15,Mjøndalen,Fredrikstad,3,1,1,1.46,4.44,6.42
2017,2017-10-15,Sandnes Ulf,Arendal,2,2,X,1.35,5.18,7.52
2017,2017-10-15,Tromsdalen,Strømmen,1,1,X,2.00,3.54,3.48
2017,2017-10-15,Ull/Kisa,Jerv,7,1,1,2.26,3.61,2.86
2017,2017-10-17,Start,Ranheim,4,2,1,1.65,3.95,4.59
2017,2017-10-21,Arendal,Start,0,2,2,4.00,3.95,1.78
2017,2017-10-22,Elverum,Sandnes Ulf,0,1,2,3.11,3.57,2.15
2017,2017-10-22,Jerv,Bodø/Glimt,1,4,2,2.38,3.68,2.58
2017,2017-10-22,Kongsvinger,Mjøndalen,3,2,1,2.81,3.55,2.31
2017,2017-10-22,Levanger,Florø,1,1,X,1.55,4.26,5.28
2017,2017-10-22,Strømmen,Ull/Kisa,3,4,2,2.97,3.77,2.14
2017,2017-10-22,Åsane,Tromsdalen,2,2,X,2.10,3.44,3.33
2017,2017-10-24,Fredrikstad,Ranheim,1,2,2,2.41,3.40,2.77
2017,2017-10-29,Bodø/Glimt,Åsane,6,0,1,1.34,5.35,7.37
2017,2017-10-29,Florø,Strømmen,1,5,2,1.79,3.88,3.95
2017,2017-10-29,Mjøndalen,Levanger,3,1,1,1.76,3.86,4.11
2017,2017-10-29,Ranheim,Jerv,3,1,1,1.77,4.04,3.96
2017,2017-10-29,Sandnes Ulf,Kongsvinger,0,3,2,1.48,4.55,5.81
2017,2017-10-29,Start,Elverum,0,1,2,1.45,4.52,6.19
2017,2017-10-29,Tromsdalen,Fredrikstad,5,0,1,2.24,3.55,2.96
2017,2017-10-29,Ull/Kisa,Arendal,4,2,1,1.58,4.37,4.69
2017,2017-11-05,Arendal,Ranheim,1,2,2,4.55,4.12,1.65
2017,2017-11-05,Elverum,Mjøndalen,0,3,2,2.61,3.48,2.45
2017,2017-11-05,Fredrikstad,Sandnes Ulf,3,0,1,2.68,3.54,2.41
2017,2017-11-05,Jerv,Florø,0,2,2,1.62,4.15,4.79
2017,2017-11-05,Kongsvinger,Tromsdalen,0,1,2,1.77,4.05,3.95
2017,2017-11-05,Levanger,Ull/Kisa,2,0,1,2.53,3.78,2.42
2017,2017-11-05,Strømmen,Bodø/Glimt,1,6,2,3.71,4.06,1.82
2017,2017-11-05,Åsane,Start,3,2,1,3.26,3.83,2.00
2018,2018-04-02,Kongsvinger,Viking,0,2,2,2.61,3.35,2.59
2018,2018-04-02,Mjøndalen,Florø,1,1,X,1.56,4.06,5.56
2018,2018-04-02,Notodden,Levanger,1,1,X,2.37,3.45,2.81
2018,2018-04-02,Sandnes Ulf,Strømmen,2,1,1,1.59,3.93,5.42
2018,2018-04-02,Ull/Kisa,HamKam,1,1,X,2.15,3.47,3.14
2018,2018-04-02,Åsane,Nest-Sotra,3,1,1,2.28,3.47,2.89
2018,2018-04-03,Aalesund,Sogndal,0,0,X,2.14,3.41,3.22
2018,2018-04-08,Florø,Kongsvinger,1,0,1,2.46,3.37,2.72
2018,2018-04-08,HamKam,Notodden,1,3,2,1.59,3.91,5.32
2018,2018-04-08,Jerv,Ull/Kisa,1,1,X,1.94,3.66,3.56
2018,2018-04-08,Levanger,Aalesund,1,2,2,2.91,3.27,2.28
2018,2018-04-08,Nest-Sotra,Sandnes Ulf,2,3,2,3.22,3.46,2.10
2018,2018-04-08,Sogndal,Tromsdalen,1,1,X,1.50,4.25,5.91
2018,2018-04-08,Strømmen,Åsane,3,0,1,1.98,3.55,3.53
2018,2018-04-10,Viking,Mjøndalen,0,2,2,1.72,3.78,4.44
2018,2018-04-14,Mjøndalen,Sogndal,0,0,X,2.13,3.42,3.23
2018,2018-04-15,Aalesund,Florø,4,0,1,1.41,4.55,6.86
2018,2018-04-15,Kongsvinger,Jerv,2,0,1,2.09,3.51,3.26
2018,2018-04-15,Notodden,Nest-Sotra,2,1,1,1.98,3.57,3.54
2018,2018-04-15,Sandnes Ulf,Levanger,1,0,1,1.69,3.69,4.79
2018,2018-04-15,Tromsdalen,Viking,0,2,2,3.35,3.27,2.14
2018,2018-04-15,Ull/Kisa,Strømmen,2,1,1,1.99,3.66,3.40
2018,2018-04-15,Åsane,HamKam,1,1,X,2.36,3.35,2.88
2018,2018-04-22,Aalesund,Tromsdalen,4,0,1,1.34,4.79,8.66
2018,2018-04-22,Florø,Notodden,1,4,2,2.33,3.33,2.91
2018,2018-04-22,Jerv,Mjøndalen,0,0,X,2.70,3.40,2.43
2018,2018-04-22,Nest-Sotra,Ull/Kisa,0,3,2,2.36,3.44,2.85
2018,2018-04-22,Sogndal,Kongsvinger,4,1,1,1.65,3.62,5.05
2018,2018-04-22,Strømmen,Levanger,3,0,1,2.11,3.37,3.33
2018,2018-04-22,Viking,Åsane,4,0,1,1.46,4.33,6.37
2018,2018-04-24,HamKam,Sandnes Ulf,0,0,X,2.57,3.33,2.62
2018,2018-04-28,Kongsvinger,Aalesund,1,3,2,3.00,3.52,2.21
2018,2018-04-29,Levanger,HamKam,4,3,1,2.69,3.22,2.60
2018,2018-04-29,Mjøndalen,Tromsdalen,0,0,X,1.49,4.16,6.43
2018,2018-04-29,Notodden,Sogndal,0,2,2,3.28,3.35,2.11
2018,2018-04-29,Sandnes Ulf,Jerv,0,0,X,1.78,3.73,4.14
2018,2018-04-29,Strømmen,Nest-Sotra,1,2,2,1.77,3.97,3.97
2018,2018-04-29,Ull/Kisa,Viking,4,5,2,3.14,3.59,2.12
2018,2018-04-29,Åsane,Florø,3,1,1,1.80,3.66,4.10
2018,2018-05-05,HamKam,Strømmen,3,2,1,1.98,3.38,3.71
2018,2018-05-06,Aalesund,Mjøndalen,2,1,1,1.72,3.83,4.45
2018,2018-05-06,Florø,Ull/Kisa,1,1,X,3.03,3.57,2.18
2018,2018-05-06,Jerv,Åsane,1,1,X,1.76,3.69,4.39
2018,2018-05-06,Nest-Sotra,Levanger,4,1,1,2.11,3.39,3.28
2018,2018-05-06,Sogndal,Sandnes Ulf,2,2,X,1.60,3.82,5.53
2018,2018-05-06,Tromsdalen,Kongsvinger,3,3,X,2.44,3.24,2.84
2018,2018-05-06,Viking,Notodden,3,1,1,1.32,5.03,9.01
2018,2018-05-13,HamKam,Nest-Sotra,1,1,X,1.84,3.58,3.96
2018,2018-05-13,Kongsvinger,Mjøndalen,0,1,2,2.88,3.33,2.36
2018,2018-05-13,Levanger,Viking,0,0,X,4.33,3.60,1.76
2018,2018-05-13,Notodden,Tromsdalen,2,3,2,2.37,3.30,2.84
2018,2018-05-13,Sandnes Ulf,Florø,4,0,1,1.46,4.36,6.20
2018,2018-05-13,Strømmen,Jerv,2,3,2,2.05,3.45,3.43
2018,2018-05-13,Ull/Kisa,Sogndal,2,0,1,3.05,3.61,2.15
2018,2018-05-13,Åsane,Aalesund,2,3,2,3.86,3.86,1.82
2018,2018-05-16,Aalesund,Strømmen,2,2,X,1.36,4.99,7.58
2018,2018-05-16,Florø,Nest-Sotra,0,2,2,2.83,3.44,2.34
2018,2018-05-16,Jerv,Notodden,1,0,1,1.59,3.99,5.34
2018,2018-05-16,Kongsvinger,HamKam,2,1,1,2.24,3.35,3.08
2018,2018-05-16,Mjøndalen,Ull/Kisa,0,2,2,1.85,3.70,3.87
2018,2018-05-16,Sogndal,Åsane,1,4,2,1.42,4.39,7.22
2018,2018-05-16,Tromsdalen,Levanger,1,2,2,2.06,3.44,3.43
2018,2018-05-16,Viking,Sandnes Ulf,5,2,1,1.81,3.72,4.02
2018,2018-05-21,HamKam,Florø,3,0,1,1.42,4.52,6.88
2018,2018-05-21,Levanger,Jerv,2,3,2,2.58,3.27,2.66
2018,2018-05-21,Nest-Sotra,Sogndal,0,1,2,3.41,3.50,2.03
2018,2018-05-21,Sandnes Ulf,Tromsdalen,2,1,1,1.55,4.19,5.44
2018,2018-05-21,Strømmen,Mjøndalen,0,1,2,2.77,3.44,2.39
2018,2018-05-21,Ull/Kisa,Notodden,1,2,2,1.52,4.43,5.38
2018,2018-05-21,Åsane,Kongsvinger,3,1,1,2.18,3.71,2.93
2018,2018-05-22,Viking,Aalesund,0,2,2,1.70,3.90,4.13
2018,2018-05-27,Aalesund,HamKam,1,2,2,1.59,4.08,5.09
2018,2018-05-27,Florø,Levanger,0,2,2,2.93,3.47,2.28
2018,2018-05-27,Jerv,Viking,3,2,1,3.19,3.38,2.17
2018,2018-05-27,Mjøndalen,Sandnes Ulf,1,0,1,1.90,3.61,3.77
2018,2018-05-27,Notodden,Åsane,0,0,X,2.62,3.59,2.44
2018,2018-05-27,Sogndal,Strømmen,5,1,1,1.57,3.93,5.49
2018,2018-05-27,Tromsdalen,Nest-Sotra,3,1,1,1.91,3.58,3.76
2018,2018-05-29,Kongsvinger,Ull/Kisa,2,1,1,2.30,3.64,2.69
2018,2018-06-02,Sandnes Ulf,Kongsvinger,0,3,2,1.84,3.70,3.86
2018,2018-06-03,HamKam,Jerv,2,0,1,2.36,3.29,2.91
2018,2018-06-03,Levanger,Sogndal,1,2,2,3.08,3.34,2.25
2018,2018-06-03,Nest-Sotra,Aalesund,1,0,1,3.69,3.49,1.88
2018,2018-06-03,Strømmen,Notodden,1,0,1,1.68,3.89,4.60
2018,2018-06-03,Ull/Kisa,Tromsdalen,4,2,1,1.66,4.05,4.56
2018,2018-06-03,Åsane,Mjøndalen,0,2,2,3.39,3.48,2.06
2018,2018-06-06,Tromsdalen,Jerv,1,0,1,2.57,3.19,2.62
2018,2018-06-09,Sogndal,Viking,1,0,1,2.30,3.31,3.02
2018,2018-06-10,Aalesund,Ull/Kisa,3,2,1,1.53,4.47,5.31
2018,2018-06-10,Florø,Strømmen,2,1,1,2.85,3.55,2.29
2018,2018-06-10,Jerv,Nest-Sotra,4,1,1,1.79,3.61,4.30
2018,2018-06-10,Kongsvinger,Levanger,2,1,1,1.70,3.82,4.47
2018,2018-06-10,Mjøndalen,HamKam,2,1,1,1.75,3.58,4.56
2018,2018-06-10,Notodden,Sandnes Ulf,1,0,1,2.71,3.40,2.46
2018,2018-06-10,Tromsdalen,Åsane,1,0,1,2.05,3.56,3.32
2018,2018-06-16,Nest-Sotra,Viking,5,0,1,4.09,3.78,1.80
2018,2018-06-17,Florø,Jerv,3,2,1,3.75,3.49,1.89
2018,2018-06-17,HamKam,Sogndal,1,3,2,2.71,3.10,2.65
2018,2018-06-17,Levanger,Mjøndalen,0,4,2,3.18,3.47,2.15
2018,2018-06-17,Notodden,Kongsvinger,1,2,2,2.99,3.57,2.21
2018,2018-06-17,Sandnes Ulf,Aalesund,1,2,2,3.59,3.58,1.96
2018,2018-06-17,Strømmen,Tromsdalen,1,3,2,1.97,3.60,3.49
2018,2018-06-17,Åsane,Ull/Kisa,1,5,2,2.05,3.91,3.08
2018,2018-06-20,Viking,Florø,2,1,1,1.26,5.70,8.83
2018,2018-06-24,Aalesund,Notodden,3,0,1,1.28,5.41,9.24
2018,2018-06-24,Kongsvinger,Strømmen,1,2,2,1.66,4.16,4.37
2018,2018-06-24,Sogndal,Jerv,0,0,X,1.65,3.79,5.01
2018,2018-06-24,Tromsdalen,Florø,1,0,1,1.65,3.86,4.92
2018,2018-06-24,Ull/Kisa,Sandnes Ulf,2,2,X,1.65,4.41,4.22
2018,2018-06-24,Viking,HamKam,2,0,1,1.66,3.80,4.89
2018,2018-06-24,Åsane,Levanger,3,3,X,2.03,3.62,3.27
2018,2018-06-26,Mjøndalen,Nest-Sotra,3,3,X,1.49,4.28,6.10
2018,2018-07-01,Florø,Sogndal,1,2,2,5.05,3.67,1.66
2018,2018-07-01,HamKam,Tromsdalen,0,0,X,1.78,3.66,4.29
2018,2018-07-01,Levanger,Ull/Kisa,2,3,2,2.72,3.77,2.29
2018,2018-07-01,Nest-Sotra,Kongsvinger,2,2,X,2.43,3.52,2.69
2018,2018-07-01,Sandnes Ulf,Åsane,3,0,1,2.02,3.67,3.33
2018,2018-07-01,Strømmen,Viking,1,6,2,2.79,3.67,2.29
2018,2018-07-03,Notodden,Mjøndalen,1,0,1,4.76,3.81,1.67
2018,2018-07-21,Kongsvinger,Florø,5,1,1,1.45,4.44,6.45
2018,2018-07-22,Aalesund,Sandnes Ulf,4,0,1,1.45,4.31,6.92
2018,2018-07-22,Mjøndalen,Levanger,4,0,1,1.43,4.60,6.39
2018,2018-07-22,Sogndal,HamKam,1,0,1,1.67,3.61,5.11
2018,2018-07-22,Tromsdalen,Strømmen,3,2,1,2.03,3.51,3.43
2018,2018-07-22,Ull/Kisa,Nest-Sotra,1,1,X,1.63,4.39,4.39
2018,2018-07-22,Viking,Jerv,4,1,1,1.84,3.69,3.94
2018,2018-07-22,Åsane,Notodden,1,0,1,1.84,3.68,3.94
2018,2018-07-29,Florø,Tromsdalen,1,0,1,2.69,3.38,2.50
2018,2018-07-29,Jerv,Sogndal,0,0,X,3.03,3.24,2.33
2018,2018-07-29,Levanger,Åsane,1,2,2,2.08,3.65,3.14
2018,2018-07-29,Nest-Sotra,Mjøndalen,1,2,2,3.90,3.80,1.82
2018,2018-07-29,Notodden,Aalesund,1,1,X,5.88,4.41,1.49
2018,2018-07-29,Sandnes Ulf,Ull/Kisa,1,1,X,2.60,3.72,2.39
2018,2018-07-29,Strømmen,Kongsvinger,2,6,2,2.91,3.65,2.20
2018,2018-07-31,HamKam,Viking,2,3,2,2.95,3.59,2.21
2018,2018-08-05,Aalesund,Åsane,1,0,1,1.32,5.33,7.95
2018,2018-08-05,Jerv,HamKam,2,3,2,2.14,3.33,3.32
2018,2018-08-05,Mjøndalen,Strømmen,1,0,1,1.46,4.50,5.91
2018,2018-08-05,Sogndal,Levanger,5,1,1,1.40,4.60,7.25
2018,2018-08-05,Tromsdalen,Notodden,4,2,1,1.72,3.73,4.59
2018,2018-08-05,Ull/Kisa,Florø,1,1,X,1.42,4.70,6.41
2018,2018-08-05,Viking,Nest-Sotra,2,3,2,1.42,4.85,6.33
2018,2018-08-07,Kongsvinger,Sandnes Ulf,6,0,1,1.62,4.27,4.61
2018,2018-08-12,Florø,Aalesund,1,4,2,6.04,4.38,1.48
2018,2018-08-12,HamKam,Kongsvinger,3,1,1,2.45,3.60,2.61
2018,2018-08-12,Levanger,Tromsdalen,1,2,2,2.20,3.70,2.92
2018,2018-08-12,Nest-Sotra,Jerv,2,2,X,2.37,3.55,2.74
2018,2018-08-12,Notodden,Ull/Kisa,5,3,1,3.16,3.68,2.08
2018,2018-08-12,Sandnes Ulf,Mjøndalen,0,2,2,3.65,3.58,1.94
2018,2018-08-12,Åsane,Viking,1,2,2,3.52,3.66,1.93
2018,2018-08-14,Strømmen,Sogndal,1,0,1,4.07,3.74,1.78
2018,2018-08-19,Jerv,Sandnes Ulf,1,1,X,1.70,3.98,4.33
2018,2018-08-19,Kongsvinger,Notodden,2,0,1,1.38,4.84,7.30
2018,2018-08-19,Nest-Sotra,HamKam,1,0,1,2.50,3.40,2.66
2018,2018-08-19,Sogndal,Florø,2,3,2,1.27,5.38,10.32
2018,2018-08-19,Tromsdalen,Aalesund,2,2,X,4.32,3.47,1.82
2018,2018-08-19,Ull/Kisa,Levanger,3,2,1,1.60,4.42,4.57
2018,2018-08-19,Viking,Strømmen,2,0,1,1.44,4.88,5.94
2018,2018-08-21,Mjøndalen,Åsane,1,1,X,1.37,4.94,7.34
2018,2018-08-25,Sandnes Ulf,Viking,3,0,1,3.82,4.06,1.79
2018,2018-08-26,Aalesund,Nest-Sotra,0,1,2,1.37,5.04,7.18
2018,2018-08-26,Florø,HamKam,0,1,2,3.29,3.50,2.09
2018,2018-08-26,Levanger,Kongsvinger,1,1,X,3.89,4.07,1.77
2018,2018-08-26,Notodden,Jerv,0,1,2,3.16,3.52,2.13
2018,2018-08-26,Strømmen,Ull/Kisa,3,2,1,2.21,3.92,2.77
2018,2018-08-26,Åsane,Tromsdalen,3,1,1,1.94,3.67,3.58
2018,2018-08-28,Sogndal,Mjøndalen,3,4,2,2.46,3.09,2.96
2018,2018-08-29,Jerv,Aalesund,0,3,2,3.12,3.34,2.18
2018,2018-09-02,HamKam,Åsane,2,1,1,1.78,3.69,4.24
2018,2018-09-02,Jerv,Florø,1,0,1,1.49,4.07,6.51
2018,2018-09-02,Kongsvinger,Sogndal,1,3,2,2.01,3.70,3.28
2018,2018-09-02,Mjøndalen,Notodden,1,1,X,1.33,4.98,8.65
2018,2018-09-02,Nest-Sotra,Strømmen,0,2,2,2.23,3.58,2.96
2018,2018-09-02,Tromsdalen,Sandnes Ulf,2,2,X,1.92,3.63,3.64
2018,2018-09-02,Ull/Kisa,Aalesund,3,0,1,3.20,3.83,2.02
2018,2018-09-02,Viking,Levanger,3,0,1,1.36,5.01,7.43
2018,2018-09-16,Aalesund,Kongsvinger,2,1,1,1.88,3.77,3.66
2018,2018-09-16,Florø,Sandnes Ulf,1,3,2,2.47,3.49,2.64
2018,2018-09-16,Levanger,Nest-Sotra,0,1,2,2.15,3.49,3.09
2018,2018-09-16,Sogndal,Ull/Kisa,1,2,2,1.59,4.34,4.73
2018,2018-09-16,Strømmen,HamKam,3,2,1,2.31,3.35,2.96
2018,2018-09-16,Tromsdalen,Mjøndalen,0,2,2,3.59,3.46,2.00
2018,2018-09-16,Åsane,Jerv,2,0,1,2.81,3.37,2.39
2018,2018-09-18,Notodden,Viking,1,2,2,4.36,4.19,1.66
2018,2018-09-23,HamKam,Levanger,2,2,X,1.64,4.02,4.78
2018,2018-09-23,Jerv,Strømmen,1,0,1,1.99,3.64,3.41
2018,2018-09-23,Kongsvinger,Tromsdalen,1,1,X,1.51,4.52,5.39
2018,2018-09-23,Nest-Sotra,Florø,0,1,2,1.76,3.75,4.30
2018,2018-09-23,Sandnes Ulf,Notodden,1,1,X,1.73,3.87,4.28
2018,2018-09-23,Ull/Kisa,Åsane,1,1,X,1.68,4.16,4.32
2018,2018-09-23,Viking,Sogndal,2,0,1,2.13,3.35,3.32
2018,2018-09-25,Mjøndalen,Aalesund,2,0,1,2.19,3.32,3.17
2018,2018-09-30,Aalesund,Jerv,1,1,X,1.54,4.12,5.56
2018,2018-09-30,Florø,Viking,3,2,1,3.83,3.66,1.86
2018,2018-09-30,Levanger,Strømmen,1,4,2,2.71,3.68,2.32
2018,2018-09-30,Notodden,HamKam,0,1,2,3.36,3.38,2.09
2018,2018-09-30,Sogndal,Nest-Sotra,1,0,1,1.46,4.32,6.24
2018,2018-09-30,Tromsdalen,Ull/Kisa,3,0,1,2.21,3.68,2.87
2018,2018-09-30,Åsane,Sandnes Ulf,0,2,2,1.91,3.85,3.48
2018,2018-10-02,Mjøndalen,Kongsvinger,2,0,1,1.63,4.13,4.58
2018,2018-10-07,HamKam,Aalesund,1,3,2,2.87,3.41,2.31
2018,2018-10-07,Jerv,Levanger,0,0,X,1.47,4.60,5.70
2018,2018-10-07,Kongsvinger,Åsane,7,2,1,1.64,4.43,4.17
2018,2018-10-07,Nest-Sotra,Notodden,1,0,1,1.59,4.06,5.06
2018,2018-10-07,Sandnes Ulf,Sogndal,1,0,1,3.43,3.79,1.93
2018,2018-10-07,Strømmen,Florø,2,0,1,1.64,4.14,4.49
2018,2018-10-07,Ull/Kisa,Mjøndalen,2,2,X,3.68,3.80,1.86
2018,2018-10-07,Viking,Tromsdalen,2,4,2,1.47,4.61,5.71
2018,2018-10-21,Levanger,Florø,0,1,2,2.14,3.76,2.95
2018,2018-10-21,Mjøndalen,Jerv,1,1,X,1.53,4.21,5.53
2018,2018-10-21,Notodden,Strømmen,1,1,X,3.36,3.63,2.01
2018,2018-10-21,Sandnes Ulf,Nest-Sotra,1,1,X,2.02,3.61,3.35
2018,2018-10-21,Tromsdalen,HamKam,0,2,2,2.05,3.58,3.27
2018,2018-10-21,Ull/Kisa,Kongsvinger,1,1,X,2.47,3.67,2.52
2018,2018-10-21,Åsane,Sogndal,1,2,2,3.20,3.51,2.10
2018,2018-10-23,Aalesund,Viking,1,3,2,1.65,4.06,4.49
2018,2018-10-28,Florø,Åsane,1,2,2,2.39,3.36,2.82
2018,2018-10-28,Jerv,Kongsvinger,1,2,2,2.57,3.44,2.54
2018,2018-10-28,Levanger,Notodden,0,3,2,2.47,3.39,2.62
2018,2018-10-28,Nest-Sotra,Tromsdalen,2,0,1,2.15,3.47,3.12
2018,2018-10-28,Sogndal,Aalesund,2,0,1,2.33,3.44,2.83
2018,2018-10-28,Strømmen,Sandnes Ulf,2,1,1,1.68,4.11,4.24
2018,2018-10-28,Viking,Ull/Kisa,1,0,1,1.52,4.43,5.33
2018,2018-10-30,HamKam,Mjøndalen,1,3,2,3.23,3.44,2.10
2018,2018-11-04,Aalesund,Levanger,4,0,1,1.19,7.19,10.95
2018,2018-11-04,Kongsvinger,Nest-Sotra,2,2,X,1.60,4.27,4.70
2018,2018-11-04,Mjøndalen,Viking,2,4,2,1.97,3.55,3.56
2018,2018-11-04,Notodden,Florø,2,1,1,2.16,3.50,3.04
2018,2018-11-04,Sandnes Ulf,HamKam,1,3,2,2.10,3.51,3.19
2018,2018-11-04,Tromsdalen,Sogndal,0,3,2,2.43,3.55,2.64
2018,2018-11-04,Ull/Kisa,Jerv,4,1,1,1.90,3.73,3.60
2018,2018-11-04,Åsane,Strømmen,0,5,2,2.48,3.46,2.50
2018,2018-11-11,Florø,Mjøndalen,0,2,2,7.14,5.32,1.35
2018,2018-11-11,HamKam,Ull/Kisa,3,1,1,2.08,3.82,3.05
2018,2018-11-11,Jerv,Tromsdalen,0,1,2,1.92,3.73,3.59
2018,2018-11-11,Levanger,Sandnes Ulf,3,4,2,2.66,3.74,2.32
2018,2018-11-11,Nest-Sotra,Åsane,1,0,1,1.94,3.75,3.47
2018,2018-11-11,Sogndal,Notodden,0,1,2,1.68,4.18,4.26
2018,2018-11-11,Strømmen,Aalesund,0,1,2,3.54,4.10,1.85
2018,2018-11-11,Viking,Kongsvinger,3,1,1,1.49,4.50,5.68
2019,2019-03-30,Start,Aalesund,0,1,2,2.28,3.35,3.00
2019,2019-03-31,Kongsvinger,Notodden,1,0,1,1.69,3.87,4.48
2019,2019-03-31,Nest-Sotra,Raufoss,1,2,2,1.96,3.43,3.70
2019,2019-03-31,Sandefjord,KFUM Oslo,1,0,1,1.58,3.89,5.50
2019,2019-03-31,Skeid,HamKam,1,0,1,2.40,3.42,2.73
2019,2019-03-31,Sogndal,Sandnes Ulf,1,1,X,1.61,3.83,5.26
2019,2019-03-31,Strømmen,Ull/Kisa,1,1,X,2.63,3.40,2.50
2019,2019-04-06,Aalesund,Kongsvinger,1,0,1,1.65,3.74,5.02
2019,2019-04-07,HamKam,Tromsdalen,2,1,1,1.61,3.95,5.12
2019,2019-04-07,Jerv,Strømmen,1,1,X,1.90,3.50,3.84
2019,2019-04-07,KFUM Oslo,Start,1,2,2,3.07,3.25,2.28
2019,2019-04-07,Notodden,Skeid,1,1,X,2.77,3.23,2.49
2019,2019-04-07,Raufoss,Sandefjord,0,2,2,3.45,3.52,2.01
2019,2019-04-07,Sandnes Ulf,Nest-Sotra,0,0,X,2.10,3.47,3.23
2019,2019-04-07,Ull/Kisa,Sogndal,3,0,1,2.38,3.38,2.82
2019,2019-04-13,Sandefjord,Aalesund,1,1,X,2.34,3.13,3.05
2019,2019-04-14,Kongsvinger,KFUM Oslo,0,0,X,1.69,3.67,4.71
2019,2019-04-14,Nest-Sotra,HamKam,2,0,1,2.42,3.17,2.89
2019,2019-04-14,Skeid,Jerv,0,0,X,2.03,3.42,3.49
2019,2019-04-14,Sogndal,Notodden,4,1,1,1.46,4.31,6.58
2019,2019-04-14,Start,Raufoss,2,1,1,1.47,4.19,6.59
2019,2019-04-14,Strømmen,Sandnes Ulf,0,0,X,1.75,3.76,4.25
2019,2019-04-14,Tromsdalen,Ull/Kisa,0,8,2,3.51,3.76,1.92
2019,2019-04-22,Aalesund,Skeid,4,2,1,1.66,3.79,4.90
2019,2019-04-22,Jerv,Notodden,3,1,1,1.80,3.51,4.30
2019,2019-04-22,KFUM Oslo,Nest-Sotra,2,1,1,2.41,3.26,2.85
2019,2019-04-22,Raufoss,Strømmen,1,0,1,2.63,3.36,2.52
2019,2019-04-22,Sandnes Ulf,Start,2,0,1,3.45,3.22,2.12
2019,2019-04-22,Tromsdalen,Sandefjord,3,3,X,5.94,4.49,1.47
2019,2019-04-22,Ull/Kisa,Kongsvinger,0,2,2,1.55,4.20,5.32
2019,2019-04-27,Start,Sandefjord,2,2,X,2.53,3.17,2.75
2019,2019-04-28,Kongsvinger,Jerv,1,1,X,1.93,3.48,3.76
2019,2019-04-28,Nest-Sotra,Ull/Kisa,2,0,1,2.69,3.28,2.53
2019,2019-04-28,Notodden,Aalesund,0,1,2,5.33,3.98,1.57
2019,2019-04-28,Sandnes Ulf,KFUM Oslo,2,3,2,2.37,3.18,2.97
2019,2019-04-28,Skeid,Tromsdalen,3,0,1,1.62,3.93,5.05
2019,2019-04-28,Sogndal,Raufoss,1,3,2,1.39,4.61,7.37
2019,2019-04-28,Strømmen,HamKam,0,0,X,2.73,3.14,2.58
2019,2019-05-04,Aalesund,Sogndal,3,1,1,1.77,3.61,4.35
2019,2019-05-05,HamKam,Sandnes Ulf,2,3,2,1.69,3.61,4.89
2019,2019-05-05,KFUM Oslo,Jerv,5,0,1,2.05,3.33,3.56
2019,2019-05-05,Raufoss,Kongsvinger,0,0,X,2.61,3.43,2.51
2019,2019-05-05,Sandefjord,Nest-Sotra,2,1,1,1.81,3.62,4.11
2019,2019-05-05,Start,Strømmen,4,0,1,1.72,3.65,4.57
2019,2019-05-05,Tromsdalen,Notodden,0,2,2,2.01,3.49,3.50
2019,2019-05-05,Ull/Kisa,Skeid,3,2,1,1.88,3.55,3.84
2019,2019-05-08,HamKam,Sogndal,0,0,X,2.29,3.28,3.03
2019,2019-05-11,Sogndal,KFUM Oslo,4,2,1,1.99,3.46,3.51
2019,2019-05-12,Jerv,Ull/Kisa,2,0,1,2.93,3.49,2.22
2019,2019-05-12,Kongsvinger,Tromsdalen,3,2,1,1.65,3.83,4.71
2019,2019-05-12,Nest-Sotra,Start,0,1,2,2.47,3.27,2.72
2019,2019-05-12,Notodden,HamKam,1,2,2,3.41,3.28,2.09
2019,2019-05-12,Sandnes Ulf,Sandefjord,2,4,2,3.80,3.69,1.85
2019,2019-05-12,Skeid,Raufoss,2,3,2,1.77,3.74,4.04
2019,2019-05-12,Strømmen,Aalesund,1,2,2,3.64,3.39,1.96
2019,2019-05-16,Aalesund,Tromsdalen,5,0,1,1.28,5.66,8.84
2019,2019-05-16,HamKam,Kongsvinger,2,0,1,1.93,3.37,3.92
2019,2019-05-16,KFUM Oslo,Strømmen,1,0,1,1.83,3.68,3.97
2019,2019-05-16,Nest-Sotra,Sogndal,1,0,1,2.56,3.26,2.66
2019,2019-05-16,Raufoss,Sandnes Ulf,2,5,2,2.06,3.67,3.19
2019,2019-05-16,Sandefjord,Skeid,1,0,1,1.47,4.41,6.07
2019,2019-05-16,Start,Jerv,3,2,1,1.45,4.30,6.61
2019,2019-05-16,Ull/Kisa,Notodden,3,1,1,1.39,4.88,6.78
2019,2019-05-25,Tromsdalen,KFUM Oslo,2,3,2,3.69,3.75,1.87
2019,2019-05-25,Ull/Kisa,HamKam,0,0,X,1.99,3.55,3.40
2019,2019-05-26,Jerv,Aalesund,0,0,X,3.93,3.62,1.83
2019,2019-05-26,Kongsvinger,Nest-Sotra,1,0,1,2.68,3.20,2.55
2019,2019-05-26,Notodden,Raufoss,0,1,2,2.65,3.47,2.42
2019,2019-05-26,Skeid,Sandnes Ulf,0,0,X,2.34,3.48,2.74
2019,2019-05-26,Strømmen,Sandefjord,2,3,2,4.18,3.53,1.82
2019,2019-06-01,Sandnes Ulf,Kongsvinger,1,2,2,2.23,3.44,3.02
2019,2019-06-02,Aalesund,Ull/Kisa,1,0,1,1.60,3.95,5.13
2019,2019-06-02,HamKam,Jerv,2,2,X,1.92,3.42,3.89
2019,2019-06-02,KFUM Oslo,Notodden,4,1,1,1.42,4.42,6.90
2019,2019-06-02,Nest-Sotra,Strømmen,1,1,X,1.74,3.42,4.88
2019,2019-06-02,Raufoss,Tromsdalen,6,4,1,1.57,4.22,5.12
2019,2019-06-02,Sandefjord,Sogndal,0,3,2,1.62,3.82,5.17
2019,2019-06-02,Start,Skeid,2,0,1,1.46,4.30,6.70
2019,2019-06-06,Tromsdalen,Jerv,1,3,2,3.10,3.66,2.08
2019,2019-06-15,Kongsvinger,Start,4,2,1,3.03,3.37,2.23
2019,2019-06-16,HamKam,Aalesund,1,2,2,3.01,3.15,2.33
2019,2019-06-16,Jerv,Sandnes Ulf,0,0,X,2.21,3.33,3.11
2019,2019-06-16,Notodden,Sandefjord,0,2,2,6.63,4.52,1.43
2019,2019-06-16,Skeid,KFUM Oslo,1,1,X,3.04,3.68,2.12
2019,2019-06-16,Sogndal,Strømmen,4,2,1,1.63,3.77,5.14
2019,2019-06-16,Tromsdalen,Nest-Sotra,2,2,X,3.34,3.51,2.05
2019,2019-06-16,Ull/Kisa,Raufoss,5,1,1,1.79,4.08,3.73
2019,2019-06-22,Sandefjord,Ull/Kisa,3,2,1,1.61,4.30,4.56
2019,2019-06-22,Start,Notodden,0,3,2,1.27,5.53,9.59
2019,2019-06-23,KFUM Oslo,HamKam,2,0,1,2.00,3.45,3.52
2019,2019-06-23,Nest-Sotra,Jerv,4,1,1,2.21,3.22,3.20
2019,2019-06-23,Raufoss,Aalesund,2,1,1,4.52,4.01,1.66
2019,2019-06-23,Sandnes Ulf,Tromsdalen,3,2,1,1.60,4.00,5.09
2019,2019-06-23,Sogndal,Skeid,4,2,1,1.65,3.68,4.97
2019,2019-06-23,Strømmen,Kongsvinger,2,0,1,2.77,3.45,2.37
2019,2019-06-29,HamKam,Raufoss,1,2,2,1.84,3.70,3.87
2019,2019-06-30,Aalesund,Sandnes Ulf,3,1,1,1.53,4.13,5.55
2019,2019-06-30,Jerv,Sandefjord,0,2,2,3.90,3.67,1.83
2019,2019-06-30,Kongsvinger,Sogndal,3,0,1,2.62,3.41,2.50
2019,2019-06-30,Notodden,Strømmen,3,0,1,3.03,3.25,2.29
2019,2019-06-30,Skeid,Nest-Sotra,1,2,2,2.35,3.32,2.86
2019,2019-06-30,Tromsdalen,Start,1,3,2,3.95,3.74,1.82
2019,2019-06-30,Ull/Kisa,KFUM Oslo,4,2,1,2.25,3.74,2.76
2019,2019-07-21,KFUM Oslo,Aalesund,2,4,2,2.56,3.39,2.60
2019,2019-07-21,Nest-Sotra,Notodden,2,1,1,1.59,3.85,5.41
2019,2019-07-21,Raufoss,Jerv,4,2,1,2.16,3.65,2.96
2019,2019-07-21,Sandefjord,Kongsvinger,1,0,1,1.70,3.88,4.40
2019,2019-07-21,Sandnes Ulf,Ull/Kisa,2,0,1,2.33,3.62,2.71
2019,2019-07-21,Sogndal,Tromsdalen,5,2,1,1.37,4.91,7.04
2019,2019-07-21,Start,HamKam,4,1,1,1.68,3.77,4.68
2019,2019-07-21,Strømmen,Skeid,1,1,X,2.25,3.29,3.10
2019,2019-07-24,Sogndal,Start,0,1,2,2.22,3.59,2.90
2019,2019-07-28,Aalesund,Nest-Sotra,2,0,1,1.58,3.88,5.41
2019,2019-07-28,HamKam,Sandefjord,1,0,1,3.43,3.64,1.98
2019,2019-07-28,Jerv,Sogndal,1,1,X,2.41,3.29,2.82
2019,2019-07-28,KFUM Oslo,Raufoss,2,1,1,1.65,4.21,4.39
2019,2019-07-28,Kongsvinger,Skeid,0,2,2,1.99,3.49,3.53
2019,2019-07-28,Notodden,Sandnes Ulf,0,4,2,3.01,3.42,2.23
2019,2019-07-28,Tromsdalen,Strømmen,0,2,2,3.15,3.46,2.14
2019,2019-07-28,Ull/Kisa,Start,0,2,2,2.82,3.61,2.25
2019,2019-08-03,Skeid,Aalesund,0,1,2,3.57,3.35,2.02
2019,2019-08-04,Nest-Sotra,KFUM Oslo,2,2,X,2.27,3.38,2.97
2019,2019-08-04,Raufoss,Notodden,1,4,2,1.83,3.71,3.94
2019,2019-08-04,Sandefjord,Tromsdalen,1,0,1,1.19,6.70,11.92
2019,2019-08-04,Sandnes Ulf,HamKam,0,2,2,1.94,3.50,3.65
2019,2019-08-04,Sogndal,Ull/Kisa,3,0,1,1.82,3.85,3.86
2019,2019-08-04,Start,Kongsvinger,3,1,1,1.66,3.67,5.08
2019,2019-08-04,Strømmen,Jerv,3,1,1,2.35,3.19,2.99
2019,2019-08-09,Sandefjord,Start,0,0,X,2.24,3.39,3.01
2019,2019-08-10,KFUM Oslo,Sandnes Ulf,3,0,1,2.34,3.58,2.72
2019,2019-08-11,Aalesund,Strømmen,3,1,1,1.40,4.50,7.23
2019,2019-08-11,Jerv,HamKam,1,0,1,2.31,3.24,3.01
2019,2019-08-11,Kongsvinger,Raufoss,1,0,1,1.76,3.83,4.12
2019,2019-08-11,Notodden,Sogndal,1,3,2,3.66,3.53,1.93
2019,2019-08-11,Tromsdalen,Skeid,1,0,1,3.11,3.64,2.10
2019,2019-08-11,Ull/Kisa,Nest-Sotra,1,1,X,2.05,3.59,3.27
2019,2019-08-17,Skeid,Sandefjord,2,2,X,3.69,3.55,1.90
2019,2019-08-17,Sogndal,Aalesund,2,3,2,2.97,3.47,2.23
2019,2019-08-18,HamKam,KFUM Oslo,4,4,X,2.34,3.56,2.72
2019,2019-08-18,Nest-Sotra,Kongsvinger,3,0,1,2.20,3.25,3.25
2019,2019-08-18,Raufoss,Ull/Kisa,4,2,1,2.27,3.74,2.72
2019,2019-08-18,Sandnes Ulf,Jerv,2,3,2,2.11,3.51,3.19
2019,2019-08-18,Start,Tromsdalen,2,0,1,1.22,6.17,11.17
2019,2019-08-18,Strømmen,Notodden,1,1,X,1.72,3.76,4.45
2019,2019-08-21,Jerv,KFUM Oslo,2,2,X,2.50,3.46,2.60
2019,2019-08-21,Kongsvinger,Strømmen,3,2,1,1.91,3.39,3.96
2019,2019-08-21,Notodden,Nest-Sotra,2,3,2,3.36,3.46,2.05
2019,2019-08-21,Sandefjord,Raufoss,1,0,1,1.41,4.60,6.81
2019,2019-08-21,Tromsdalen,Sogndal,0,1,2,3.71,3.61,1.90
2019,2019-08-21,Ull/Kisa,Sandnes Ulf,2,1,1,1.78,4.05,3.61
2019,2019-08-22,Skeid,Start,1,1,X,3.96,3.79,1.80
2019,2019-08-24,Sandnes Ulf,Aalesund,1,2,2,4.41,3.78,1.71
2019,2019-08-25,HamKam,Notodden,1,2,2,1.51,4.26,5.62
2019,2019-08-25,Jerv,Skeid,5,1,1,2.01,3.46,3.47
2019,2019-08-25,KFUM Oslo,Ull/Kisa,5,1,1,1.78,4.10,3.74
2019,2019-08-25,Nest-Sotra,Sandefjord,1,1,X,3.06,3.37,2.23
2019,2019-08-25,Raufoss,Start,1,2,2,3.64,3.74,1.88
2019,2019-08-25,Sogndal,Kongsvinger,2,1,1,1.80,3.62,4.17
2019,2019-08-25,Strømmen,Tromsdalen,0,4,2,1.53,4.07,5.67
2019,2019-08-28,Aalesund,HamKam,5,2,1,1.41,4.62,6.70
2019,2019-08-31,Skeid,Kongsvinger,0,2,2,2.52,3.39,2.55
2019,2019-08-31,Start,Sogndal,1,0,1,1.76,3.75,4.01
2019,2019-09-01,Aalesund,Jerv,4,0,1,1.37,4.94,6.88
2019,2019-09-01,Notodden,KFUM Oslo,1,1,X,4.32,4.25,1.65
2019,2019-09-01,Raufoss,Nest-Sotra,2,1,1,2.62,3.45,2.44
2019,2019-09-01,Sandefjord,Sandnes Ulf,3,1,1,1.46,4.40,5.79
2019,2019-09-01,Tromsdalen,HamKam,2,5,2,2.78,3.45,2.31
2019,2019-09-01,Ull/Kisa,Strømmen,2,2,X,2.01,3.69,3.29
2019,2019-09-14,Kongsvinger,Aalesund,1,1,X,3.97,3.58,1.85
2019,2019-09-15,HamKam,Ull/Kisa,2,0,1,1.87,4.05,3.41
2019,2019-09-15,Jerv,Raufoss,1,0,1,1.98,3.50,3.55
2019,2019-09-15,KFUM Oslo,Skeid,2,1,1,1.50,4.49,5.45
2019,2019-09-15,Nest-Sotra,Tromsdalen,2,0,1,1.48,4.19,6.27
2019,2019-09-15,Sandnes Ulf,Notodden,1,0,1,1.52,4.28,5.35
2019,2019-09-15,Sogndal,Sandefjord,1,1,X,2.39,3.37,2.80
2019,2019-09-15,Strømmen,Start,0,0,X,3.95,3.61,1.84
2019,2019-09-18,Aalesund,KFUM Oslo,2,1,1,1.57,4.17,5.06
2019,2019-09-18,Notodden,Kongsvinger,2,0,1,3.74,3.70,1.88
2019,2019-09-18,Raufoss,HamKam,1,2,2,2.20,3.55,2.94
2019,2019-09-18,Sandefjord,Strømmen,2,0,1,1.60,3.98,5.08
2019,2019-09-18,Skeid,Sogndal,2,2,X,3.48,3.64,1.92
2019,2019-09-18,Start,Nest-Sotra,2,0,1,1.61,3.82,5.16
2019,2019-09-18,Tromsdalen,Sandnes Ulf,1,4,2,3.34,3.59,1.99
2019,2019-09-18,Ull/Kisa,Jerv,1,0,1,1.83,4.01,3.62
2019,2019-09-21,Kongsvinger,Ull/Kisa,1,2,2,2.07,3.70,3.12
2019,2019-09-22,Aalesund,Notodden,3,1,1,1.20,6.33,11.87
2019,2019-09-22,HamKam,Start,4,0,1,3.40,3.52,2.03
2019,2019-09-22,Jerv,Tromsdalen,1,0,1,1.56,4.20,5.28
2019,2019-09-22,KFUM Oslo,Sandefjord,3,3,X,2.42,3.50,2.66
2019,2019-09-22,Nest-Sotra,Skeid,2,1,1,1.87,3.52,3.92
2019,2019-09-22,Sandnes Ulf,Raufoss,3,1,1,1.97,3.52,3.55
2019,2019-09-22,Strømmen,Sogndal,2,0,1,3.05,3.40,2.22
2019,2019-09-28,Start,Sandnes Ulf,3,2,1,1.44,4.50,6.35
2019,2019-09-29,Notodden,Jerv,1,1,X,2.62,3.44,2.49
2019,2019-09-29,Raufoss,KFUM Oslo,1,0,1,2.79,3.67,2.25
2019,2019-09-29,Sandefjord,HamKam,2,0,1,1.60,4.04,5.02
2019,2019-09-29,Sogndal,Nest-Sotra,0,1,2,1.81,3.55,4.22
2019,2019-09-29,Tromsdalen,Kongsvinger,1,3,2,3.47,3.68,1.93
2019,2019-09-29,Ull/Kisa,Aalesund,2,2,X,2.95,3.57,2.20
2019,2019-09-30,Skeid,Strømmen,1,1,X,2.41,3.21,2.88
2019,2019-10-05,Jerv,Start,1,7,2,4.00,3.65,1.80
2019,2019-10-06,Aalesund,Raufoss,3,1,1,1.30,5.48,8.26
2019,2019-10-06,HamKam,Skeid,2,1,1,1.88,3.67,3.63
2019,2019-10-06,KFUM Oslo,Tromsdalen,1,1,X,1.26,5.92,8.55
2019,2019-10-06,Kongsvinger,Sandefjord,2,3,2,3.06,3.52,2.13
2019,2019-10-06,Notodden,Ull/Kisa,0,0,X,3.40,3.65,1.95
2019,2019-10-06,Sandnes Ulf,Sogndal,0,1,2,2.58,3.38,2.52
2019,2019-10-06,Strømmen,Nest-Sotra,0,2,2,2.23,3.40,2.96
2019,2019-10-19,Kongsvinger,HamKam,2,1,1,2.12,3.48,3.18
2019,2019-10-20,Nest-Sotra,Sandnes Ulf,3,0,1,1.87,3.57,3.83
2019,2019-10-20,Sandefjord,Notodden,3,0,1,1.27,5.53,9.61
2019,2019-10-20,Skeid,Ull/Kisa,1,2,2,2.47,3.55,2.59
2019,2019-10-20,Sogndal,Jerv,4,0,1,1.47,4.44,5.97
2019,2019-10-20,Start,KFUM Oslo,0,0,X,1.49,4.62,5.40
2019,2019-10-20,Strømmen,Raufoss,2,1,1,1.97,3.54,3.52
2019,2019-10-20,Tromsdalen,Aalesund,0,1,2,9.31,5.74,1.27
2019,2019-10-26,Aalesund,Start,2,1,1,2.13,3.72,2.97
2019,2019-10-27,HamKam,Strømmen,1,2,2,2.23,3.47,2.96
2019,2019-10-27,Jerv,Nest-Sotra,0,1,2,3.25,3.43,2.11
2019,2019-10-27,KFUM Oslo,Kongsvinger,0,1,2,1.76,3.89,4.03
2019,2019-10-27,Notodden,Tromsdalen,3,3,X,1.65,3.91,4.79
2019,2019-10-27,Raufoss,Sogndal,1,1,X,3.15,3.43,2.16
2019,2019-10-27,Sandnes Ulf,Skeid,3,2,1,1.96,3.64,3.47
2019,2019-10-27,Ull/Kisa,Sandefjord,0,2,2,3.09,3.78,2.06
2019,2019-11-02,Kongsvinger,Sandnes Ulf,1,2,2,1.66,4.12,4.41
2019,2019-11-02,Nest-Sotra,Aalesund,0,1,2,2.56,3.41,2.54
2019,2019-11-02,Sandefjord,Jerv,1,0,1,1.26,5.56,9.81
2019,2019-11-02,Skeid,Notodden,2,2,X,1.76,3.90,4.00
2019,2019-11-02,Sogndal,HamKam,3,0,1,1.45,4.46,6.34
2019,2019-11-02,Start,Ull/Kisa,2,1,1,1.37,5.12,7.00
2019,2019-11-02,Strømmen,KFUM Oslo,0,3,2,3.01,3.50,2.19
2019,2019-11-02,Tromsdalen,Raufoss,3,0,1,3.20,3.89,1.98
2019,2019-11-09,Aalesund,Sandefjord,3,1,1,1.89,3.68,3.62
2019,2019-11-09,HamKam,Nest-Sotra,3,2,1,2.91,3.41,2.27
2019,2019-11-09,Jerv,Kongsvinger,0,2,2,3.91,3.70,1.81
2019,2019-11-09,KFUM Oslo,Sogndal,1,0,1,3.29,1.87,4.08
2019,2019-11-09,Notodden,Start,0,2,2,3.07,3.89,2.01
2019,2019-11-09,Raufoss,Skeid,4,5,2,1.87,3.83,3.55
2019,2019-11-09,Sandnes Ulf,Strømmen,0,3,2,2.38,3.55,2.65
2019,2019-11-09,Ull/Kisa,Tromsdalen,2,0,1,1.48,4.51,5.56
2020,2020-07-03,Grorud,Lillestrøm,0,1,2,6.18,4.28,1.48
2020,2020-07-03,HamKam,Kongsvinger,2,3,2,2.20,3.46,3.05
2020,2020-07-03,KFUM Oslo,Jerv,2,1,1,1.78,3.77,4.08
2020,2020-07-03,Sandnes Ulf,Øygarden,4,3,1,2.24,3.49,2.96
2020,2020-07-03,Stjørdals-Blink,Ranheim,2,3,2,4.55,3.96,1.67
2020,2020-07-03,Tromsø,Raufoss,1,0,1,1.36,4.89,7.80
2020,2020-07-03,Ull/Kisa,Strømmen,4,0,1,2.05,3.52,3.35
2020,2020-07-03,Åsane,Sogndal,1,4,2,3.35,3.63,2.02
2020,2020-07-06,Jerv,Sandnes Ulf,2,2,X,2.47,3.53,2.58
2020,2020-07-06,Kongsvinger,Tromsø,0,2,2,2.88,3.45,2.29
2020,2020-07-06,Ranheim,Grorud,5,3,1,1.31,5.14,8.85
2020,2020-07-06,Raufoss,Stjørdals-Blink,3,1,1,2.05,3.68,3.19
2020,2020-07-06,Sogndal,Ull/Kisa,6,1,1,1.60,4.11,4.90
2020,2020-07-06,Strømmen,KFUM Oslo,2,1,1,3.24,3.57,2.07
2020,2020-07-06,Øygarden,Åsane,0,2,2,2.46,3.64,2.56
2020,2020-07-07,Lillestrøm,HamKam,2,0,1,1.43,4.60,6.49
2020,2020-07-13,Grorud,Sogndal,3,1,1,5.53,4.52,1.50
2020,2020-07-13,HamKam,Øygarden,3,4,2,1.77,3.95,3.95
2020,2020-07-13,KFUM Oslo,Raufoss,2,1,1,1.68,4.25,4.18
2020,2020-07-13,Stjørdals-Blink,Kongsvinger,5,2,1,3.20,3.91,1.99
2020,2020-07-13,Tromsø,Strømmen,1,0,1,1.38,4.76,7.51
2020,2020-07-13,Ull/Kisa,Jerv,2,2,X,2.19,3.72,2.90
2020,2020-07-13,Åsane,Ranheim,0,3,2,3.73,4.23,1.77
2020,2020-07-14,Sandnes Ulf,Lillestrøm,1,1,X,4.57,4.31,1.61
2020,2020-07-20,Jerv,HamKam,3,2,1,1.78,3.84,4.03
2020,2020-07-20,Kongsvinger,Grorud,0,1,2,2.05,3.81,3.12
2020,2020-07-20,Lillestrøm,Stjørdals-Blink,0,1,2,1.22,6.43,10.25
2020,2020-07-20,Sogndal,Sandnes Ulf,0,2,2,1.41,4.97,6.37
2020,2020-07-20,Strømmen,Åsane,0,3,2,2.55,3.70,2.43
2020,2020-07-20,Ull/Kisa,KFUM Oslo,1,1,X,3.08,3.95,2.03
2020,2020-07-20,Øygarden,Raufoss,4,4,X,2.41,3.61,2.63
2020,2020-07-21,Ranheim,Tromsø,1,2,2,2.25,3.39,2.99
2020,2020-07-27,Grorud,Jerv,0,3,2,2.45,3.64,2.57
2020,2020-07-27,KFUM Oslo,Sogndal,4,1,1,2.47,3.51,2.62
2020,2020-07-27,Raufoss,Kongsvinger,2,0,1,1.93,3.93,3.36
2020,2020-07-27,Sandnes Ulf,Ull/Kisa,2,1,1,1.80,4.04,3.70
2020,2020-07-27,Stjørdals-Blink,Strømmen,2,1,1,1.85,4.04,3.55
2020,2020-07-27,Tromsø,Øygarden,1,0,1,1.36,5.00,7.27
2020,2020-07-27,Åsane,Lillestrøm,3,1,1,3.87,4.04,1.76
2020,2020-07-28,HamKam,Ranheim,3,4,2,4.57,4.44,1.59
2020,2020-07-31,Jerv,Lillestrøm,2,2,X,4.06,3.73,1.80
2020,2020-07-31,KFUM Oslo,Åsane,0,0,X,2.06,3.77,3.11
2020,2020-07-31,Ranheim,Kongsvinger,3,2,1,1.29,5.63,8.42
2020,2020-07-31,Sogndal,Raufoss,1,0,1,1.57,4.36,4.85
2020,2020-07-31,Strømmen,Sandnes Ulf,4,0,1,3.02,3.61,2.15
2020,2020-07-31,Tromsø,Stjørdals-Blink,4,2,1,1.35,5.12,7.59
2020,2020-07-31,Ull/Kisa,HamKam,2,2,X,2.30,3.80,2.67
2020,2020-07-31,Øygarden,Grorud,1,1,X,2.39,3.67,2.62
2020,2020-08-03,Grorud,Ull/Kisa,3,1,1,2.04,3.75,3.17
2020,2020-08-03,HamKam,KFUM Oslo,2,2,X,2.49,3.62,2.53
2020,2020-08-03,Kongsvinger,Øygarden,1,1,X,2.05,3.70,3.18
2020,2020-08-03,Raufoss,Strømmen,1,1,X,1.72,4.08,4.10
2020,2020-08-03,Sandnes Ulf,Ranheim,2,1,1,4.20,4.14,1.69
2020,2020-08-03,Stjørdals-Blink,Jerv,2,2,X,2.48,3.75,2.47
2020,2020-08-03,Åsane,Tromsø,0,1,2,2.96,3.47,2.24
2020,2020-08-04,Lillestrøm,Sogndal,0,2,2,1.89,3.48,3.95
2020,2020-08-10,Jerv,Kongsvinger,1,1,X,1.75,3.93,4.09
2020,2020-08-10,Ranheim,Raufoss,3,0,1,1.41,4.85,6.18
2020,2020-08-10,Sogndal,HamKam,4,2,1,1.49,4.69,5.27
2020,2020-08-10,Strømmen,Grorud,2,1,1,2.49,3.47,2.61
2020,2020-08-10,Tromsø,Sandnes Ulf,5,0,1,1.46,4.29,6.42
2020,2020-08-10,Ull/Kisa,Åsane,0,3,2,3.18,3.78,2.04
2020,2020-08-10,Øygarden,Stjørdals-Blink,0,1,2,2.36,3.70,2.61
2020,2020-08-11,KFUM Oslo,Lillestrøm,1,2,2,3.39,3.53,2.02
2020,2020-08-14,Grorud,Tromsø,2,0,1,5.50,4.29,1.52
2020,2020-08-14,Kongsvinger,Strømmen,2,1,1,2.25,3.48,2.94
2020,2020-08-14,Lillestrøm,Ull/Kisa,2,2,X,1.30,5.41,8.47
2020,2020-08-14,Ranheim,Øygarden,6,1,1,1.21,6.39,11.27
2020,2020-08-14,Raufoss,Jerv,1,1,X,2.26,3.67,2.79
2020,2020-08-14,Sandnes Ulf,KFUM Oslo,3,1,1,2.44,3.65,2.55
2020,2020-08-14,Stjørdals-Blink,Sogndal,2,2,X,3.46,3.85,1.91
2020,2020-08-14,Åsane,HamKam,2,2,X,1.59,4.49,4.55
2020,2020-08-17,HamKam,Grorud,1,1,X,2.21,3.70,2.84
2020,2020-08-17,Jerv,Tromsø,1,0,1,3.98,3.71,1.82
2020,2020-08-17,Lillestrøm,Raufoss,2,2,X,1.51,4.44,5.57
2020,2020-08-17,Sogndal,Ranheim,4,0,1,2.42,3.64,2.59
2020,2020-08-17,Strømmen,Øygarden,2,2,X,1.82,3.84,3.81
2020,2020-08-17,Ull/Kisa,Stjørdals-Blink,2,1,1,2.05,3.98,3.01
2020,2020-08-17,Åsane,Sandnes Ulf,4,1,1,1.76,4.02,3.89
2020,2020-08-18,KFUM Oslo,Kongsvinger,1,1,X,1.61,4.23,4.73
2020,2020-08-24,Grorud,KFUM Oslo,3,0,1,2.75,3.49,2.38
2020,2020-08-24,Kongsvinger,Lillestrøm,0,3,2,4.46,3.90,1.69
2020,2020-08-24,Ranheim,Strømmen,5,1,1,1.26,5.82,9.50
2020,2020-08-24,Raufoss,Ull/Kisa,1,1,X,1.82,4.04,3.64
2020,2020-08-24,Sandnes Ulf,HamKam,1,2,2,2.21,3.89,2.75
2020,2020-08-24,Stjørdals-Blink,Åsane,2,2,X,3.01,3.72,2.13
2020,2020-08-24,Tromsø,Sogndal,2,2,X,1.95,3.34,3.84
2020,2020-08-24,Øygarden,Jerv,1,0,1,2.79,3.47,2.34
2020,2020-08-27,HamKam,Tromsø,0,2,2,3.96,3.87,1.78
2020,2020-08-27,Jerv,Ranheim,1,6,2,3.62,3.74,1.89
2020,2020-08-27,KFUM Oslo,Stjørdals-Blink,0,1,2,1.63,4.24,4.48
2020,2020-08-27,Lillestrøm,Strømmen,1,0,1,1.35,4.94,7.63
2020,2020-08-27,Sandnes Ulf,Raufoss,2,1,1,2.24,3.76,2.78
2020,2020-08-27,Sogndal,Øygarden,2,0,1,1.21,6.48,11.07
2020,2020-08-27,Ull/Kisa,Kongsvinger,0,2,2,2.19,3.61,2.95
2020,2020-08-27,Åsane,Grorud,1,1,X,1.87,3.84,3.63
2020,2020-08-30,Grorud,Sandnes Ulf,1,1,X,1.82,3.98,3.69
2020,2020-08-30,Kongsvinger,Sogndal,0,0,X,5.15,4.29,1.55
2020,2020-08-30,Ranheim,KFUM Oslo,0,1,2,1.43,4.85,6.08
2020,2020-08-30,Raufoss,Åsane,3,1,1,2.35,3.55,2.74
2020,2020-08-30,Stjørdals-Blink,HamKam,0,1,2,2.20,3.84,2.78
2020,2020-08-30,Strømmen,Jerv,5,2,1,2.37,3.33,2.85
2020,2020-08-30,Tromsø,Ull/Kisa,2,1,1,1.26,5.71,9.74
2020,2020-08-30,Øygarden,Lillestrøm,0,0,X,6.17,4.16,1.50
2020,2020-09-08,Grorud,Stjørdals-Blink,1,1,X,2.08,3.66,3.19
2020,2020-09-08,HamKam,Raufoss,0,1,2,2.68,3.40,2.48
2020,2020-09-08,KFUM Oslo,Tromsø,1,1,X,3.02,3.48,2.22
2020,2020-09-08,Lillestrøm,Ranheim,3,1,1,2.33,3.51,2.81
2020,2020-09-08,Sandnes Ulf,Kongsvinger,1,0,1,1.99,3.74,3.31
2020,2020-09-08,Sogndal,Strømmen,3,0,1,1.26,5.84,9.66
2020,2020-09-08,Ull/Kisa,Øygarden,6,1,1,1.79,3.90,3.93
2020,2020-09-08,Åsane,Jerv,5,1,1,1.82,4.00,3.66
2020,2020-09-14,Jerv,Sogndal,0,3,2,4.92,4.41,1.56
2020,2020-09-14,Kongsvinger,Åsane,2,4,2,2.52,3.72,2.49
2020,2020-09-14,Ranheim,Ull/Kisa,2,3,2,1.26,6.26,8.77
2020,2020-09-14,Raufoss,Grorud,2,2,X,2.05,3.58,3.31
2020,2020-09-14,Stjørdals-Blink,Sandnes Ulf,5,4,1,2.03,3.89,3.14
2020,2020-09-14,Strømmen,HamKam,3,0,1,2.22,3.53,3.00
2020,2020-09-14,Øygarden,KFUM Oslo,3,1,1,4.00,3.73,1.82
2020,2020-09-15,Tromsø,Lillestrøm,0,1,2,2.11,3.45,3.30
2020,2020-09-21,Grorud,Ranheim,0,2,2,4.06,3.87,1.78
2020,2020-09-21,KFUM Oslo,Strømmen,1,2,2,1.75,3.88,4.22
2020,2020-09-21,Lillestrøm,Kongsvinger,2,0,1,1.41,4.67,7.04
2020,2020-09-21,Sandnes Ulf,Tromsø,0,3,2,3.73,3.72,1.89
2020,2020-09-21,Sogndal,Stjørdals-Blink,3,2,1,1.22,6.48,9.95
2020,2020-09-21,Ull/Kisa,Raufoss,1,4,2,2.47,3.81,2.51
2020,2020-09-21,Åsane,Øygarden,3,1,1,1.46,4.78,5.81
2020,2020-09-25,Kongsvinger,HamKam,1,2,2,2.23,3.40,3.06
2020,2020-09-25,Ranheim,Åsane,3,1,1,1.45,4.91,5.72
2020,2020-09-25,Raufoss,Sandnes Ulf,0,0,X,1.61,4.60,4.41
2020,2020-09-25,Stjørdals-Blink,KFUM Oslo,4,1,1,2.63,3.78,2.36
2020,2020-09-25,Strømmen,Lillestrøm,1,4,2,4.36,3.90,1.72
2020,2020-09-25,Tromsø,Grorud,3,1,1,1.35,4.88,8.22
2020,2020-09-25,Øygarden,Sogndal,0,1,2,8.50,5.51,1.30
2020,2020-09-28,Grorud,Øygarden,4,3,1,1.69,4.01,4.27
2020,2020-09-28,HamKam,Stjørdals-Blink,2,2,X,2.33,3.65,2.70
2020,2020-09-28,KFUM Oslo,Sandnes Ulf,1,0,1,1.83,3.96,3.74
2020,2020-09-28,Sogndal,Kongsvinger,5,2,1,1.21,6.37,11.80
2020,2020-09-28,Strømmen,Ranheim,1,1,X,4.23,4.34,1.66
2020,2020-09-28,Åsane,Raufoss,0,1,2,1.85,4.15,3.47
2020,2020-09-29,Ull/Kisa,Tromsø,0,7,2,4.61,4.12,1.64
2020,2020-10-03,Jerv,Strømmen,1,0,1,2.28,3.66,2.80
2020,2020-10-03,Ranheim,Sogndal,1,0,1,2.68,3.64,2.38
2020,2020-10-03,Raufoss,HamKam,0,2,2,1.94,3.83,3.41
2020,2020-10-03,Sandnes Ulf,Grorud,3,1,1,1.94,3.75,3.46
2020,2020-10-03,Stjørdals-Blink,Lillestrøm,1,4,2,4.97,4.07,1.62
2020,2020-10-03,Tromsø,Åsane,5,4,1,1.44,4.72,6.08
2020,2020-10-03,Øygarden,Ull/Kisa,2,1,1,2.34,3.90,2.60
2020,2020-10-04,Kongsvinger,KFUM Oslo,1,2,2,2.65,3.41,2.52
2020,2020-10-07,HamKam,Jerv,2,3,2,1.72,3.99,4.19
2020,2020-10-10,Jerv,Raufoss,4,2,1,2.71,3.76,2.32
2020,2020-10-11,HamKam,Sandnes Ulf,2,0,1,1.97,3.54,3.62
2020,2020-10-11,KFUM Oslo,Grorud,3,1,1,1.73,3.88,4.29
2020,2020-10-11,Lillestrøm,Øygarden,3,0,1,1.19,6.79,12.02
2020,2020-10-11,Sogndal,Tromsø,1,1,X,2.01,3.41,3.63
2020,2020-10-11,Strømmen,Kongsvinger,0,0,X,1.98,3.66,3.45
2020,2020-10-11,Ull/Kisa,Ranheim,1,0,1,5.21,4.56,1.52
2020,2020-10-11,Åsane,Stjørdals-Blink,2,1,1,1.56,4.50,4.91
2020,2020-10-14,Jerv,Ull/Kisa,2,1,1,2.00,3.84,3.24
2020,2020-10-17,Grorud,HamKam,1,2,2,2.71,3.66,2.35
2020,2020-10-17,Kongsvinger,Jerv,1,1,X,2.24,3.60,2.89
2020,2020-10-17,Raufoss,Sogndal,2,1,1,3.65,3.69,1.91
2020,2020-10-17,Sandnes Ulf,Åsane,1,1,X,2.38,3.68,2.66
2020,2020-10-17,Tromsø,KFUM Oslo,1,1,X,1.51,4.36,5.72
2020,2020-10-17,Øygarden,Strømmen,1,4,2,2.75,3.59,2.34
2020,2020-10-18,Ranheim,Lillestrøm,1,1,X,2.51,3.49,2.58
2020,2020-10-18,Stjørdals-Blink,Ull/Kisa,1,2,2,1.89,4.05,3.38
2020,2020-10-24,HamKam,Sogndal,2,1,1,3.95,3.76,1.82
2020,2020-10-24,Jerv,Øygarden,4,2,1,1.63,4.29,4.60
2020,2020-10-24,Kongsvinger,Ranheim,1,0,1,3.88,3.90,1.81
2020,2020-10-24,Stjørdals-Blink,Tromsø,4,2,1,4.42,4.17,1.65
2020,2020-10-24,Strømmen,Raufoss,3,2,1,2.65,3.40,2.52
2020,2020-10-24,Ull/Kisa,Grorud,2,1,1,2.01,3.84,3.21
2020,2020-10-24,Åsane,KFUM Oslo,1,1,X,2.15,3.73,2.99
2020,2020-10-25,Lillestrøm,Sandnes Ulf,4,2,1,1.26,5.78,9.79
2020,2020-10-28,Grorud,Åsane,1,4,2,2.64,3.73,2.38
2020,2020-10-28,KFUM Oslo,Ull/Kisa,3,0,1,1.60,4.13,5.06
2020,2020-10-28,Ranheim,Stjørdals-Blink,2,2,X,1.47,4.76,5.71
2020,2020-10-28,Raufoss,Lillestrøm,2,0,1,3.78,3.95,1.82
2020,2020-10-28,Sandnes Ulf,Strømmen,2,2,X,2.19,3.60,3.04
2020,2020-10-28,Sogndal,Jerv,1,0,1,1.24,6.15,10.07
2020,2020-10-28,Tromsø,HamKam,3,1,1,1.57,4.12,5.33
2020,2020-10-28,Øygarden,Kongsvinger,1,1,X,3.28,3.50,2.10
2020,2020-11-01,HamKam,Åsane,2,1,1,2.11,3.79,3.03
2020,2020-11-01,Jerv,KFUM Oslo,0,1,2,2.81,3.54,2.33
2020,2020-11-01,Kongsvinger,Raufoss,3,3,X,2.73,3.55,2.38
2020,2020-11-01,Lillestrøm,Tromsø,3,0,1,1.78,3.77,4.18
2020,2020-11-01,Stjørdals-Blink,Grorud,2,3,2,1.81,3.98,3.79
2020,2020-11-01,Strømmen,Sogndal,1,1,X,5.17,4.13,1.58
2020,2020-11-01,Ull/Kisa,Sandnes Ulf,3,0,1,2.33,3.68,2.76
2020,2020-11-01,Øygarden,Ranheim,0,0,X,5.35,4.57,1.51
2020,2020-11-04,KFUM Oslo,HamKam,1,1,X,2.21,3.36,3.18
2020,2020-11-04,Ranheim,Jerv,5,0,1,1.41,5.03,6.43
2020,2020-11-04,Raufoss,Øygarden,1,2,2,1.29,5.73,8.42
2020,2020-11-04,Sogndal,Lillestrøm,0,1,2,2.05,3.37,3.55
2020,2020-11-04,Tromsø,Kongsvinger,1,0,1,1.33,5.06,8.48
2020,2020-11-04,Åsane,Ull/Kisa,4,2,1,1.68,4.32,4.19
2020,2020-11-07,HamKam,Ull/Kisa,3,1,1,1.55,4.52,5.02
2020,2020-11-07,Raufoss,Ranheim,0,0,X,2.53,3.76,2.49
2020,2020-11-07,Sogndal,KFUM Oslo,3,0,1,1.52,4.25,5.68
2020,2020-11-07,Øygarden,Tromsø,1,1,X,6.37,4.58,1.45
2020,2020-11-08,Kongsvinger,Sandnes Ulf,1,1,X,1.95,3.77,3.47
2020,2020-11-08,Lillestrøm,Åsane,1,1,X,1.37,5.05,6.92
2020,2020-11-15,Grorud,Raufoss,1,6,2,3.43,4.11,1.88
2020,2020-11-15,HamKam,Strømmen,1,1,X,1.82,3.89,3.86
2020,2020-11-15,KFUM Oslo,Ranheim,1,1,X,2.46,3.35,2.75
2020,2020-11-15,Sandnes Ulf,Sogndal,2,1,1,5.42,4.29,1.54
2020,2020-11-15,Stjørdals-Blink,Øygarden,0,0,X,1.60,4.48,4.53
2020,2020-11-15,Tromsø,Jerv,1,0,1,1.29,5.49,9.04
2020,2020-11-15,Ull/Kisa,Lillestrøm,1,0,1,5.20,4.32,1.55
2020,2020-11-15,Åsane,Kongsvinger,2,2,X,1.69,4.54,3.95
2020,2020-11-18,Grorud,Strømmen,2,1,1,3.05,3.69,2.14
2020,2020-11-18,Lillestrøm,Jerv,1,0,1,1.38,4.87,7.35
2020,2020-11-18,Sandnes Ulf,Stjørdals-Blink,4,1,1,1.69,4.20,4.25
2020,2020-11-21,Kongsvinger,Stjørdals-Blink,3,2,1,1.86,4.00,3.59
2020,2020-11-21,Ranheim,HamKam,1,1,X,1.70,4.06,4.27
2020,2020-11-21,Sogndal,Grorud,2,1,1,1.22,6.34,11.00
2020,2020-11-21,Strømmen,Ull/Kisa,3,1,1,1.89,3.89,3.55
2020,2020-11-21,Øygarden,Sandnes Ulf,2,1,1,3.37,3.63,2.02
2020,2020-11-22,Raufoss,Tromsø,1,1,X,2.49,3.63,2.56
2020,2020-11-28,Tromsø,Ranheim,3,0,1,1.82,3.91,3.78
2020,2020-12-02,Lillestrøm,KFUM Oslo,2,0,1,1.50,4.26,6.08
2020,2020-12-03,Jerv,Grorud,2,0,1,2.10,3.65,3.17
2020,2020-12-06,HamKam,Lillestrøm,1,1,X,3.20,3.41,2.17
2020,2020-12-07,Grorud,Kongsvinger,4,0,1,2.61,3.66,2.44
2020,2020-12-07,KFUM Oslo,Øygarden,6,0,1,1.65,4.13,4.66
2020,2020-12-07,Sandnes Ulf,Jerv,3,1,1,1.81,3.88,3.90
2020,2020-12-07,Stjørdals-Blink,Raufoss,0,2,2,3.34,4.06,1.93
2020,2020-12-07,Ull/Kisa,Sogndal,2,0,1,4.15,4.16,1.71
2020,2020-12-07,Åsane,Strømmen,1,4,2,2.05,3.85,3.14
2020,2020-12-10,Jerv,Åsane,0,2,2,3.15,3.20,2.30
2020,2020-12-10,Strømmen,Stjørdals-Blink,1,1,X,1.87,4.10,3.42
2020,2020-12-13,Jerv,Stjørdals-Blink,1,1,X,2.52,3.11,2.87
2020,2020-12-13,Kongsvinger,Ull/Kisa,3,0,1,2.28,3.78,2.75
2020,2020-12-13,Lillestrøm,Grorud,1,1,X,1.74,3.92,4.21
2020,2020-12-13,Ranheim,Sandnes Ulf,1,1,X,1.97,3.84,3.32
2020,2020-12-13,Raufoss,KFUM Oslo,5,4,1,1.85,3.94,3.69
2020,2020-12-13,Sogndal,Åsane,2,2,X,1.41,5.11,6.12
2020,2020-12-13,Strømmen,Tromsø,1,4,2,3.28,3.80,1.99
2020,2020-12-13,Øygarden,HamKam,1,3,2,3.68,4.01,1.83
2021,2021-05-15,Aalesund,Bryne,2,1,1,1.58,4.13,5.25
2021,2021-05-15,HamKam,Stjørdals-Blink,3,0,1,1.56,4.43,5.06
2021,2021-05-15,Jerv,KFUM Oslo,1,1,X,2.27,3.60,2.86
2021,2021-05-15,Ranheim,Grorud,1,0,1,1.40,4.89,6.67
2021,2021-05-15,Sandnes Ulf,Start,1,2,2,2.87,3.59,2.28
2021,2021-05-15,Sogndal,Ull/Kisa,1,1,X,1.51,4.40,5.76
2021,2021-05-15,Strømmen,Raufoss,1,1,X,2.89,3.68,2.25
2021,2021-05-15,Åsane,Fredrikstad,2,3,2,2.59,3.70,2.44
2021,2021-05-19,Bryne,Ranheim,5,2,1,2.75,3.46,2.44
2021,2021-05-19,KFUM Oslo,HamKam,0,2,2,2.85,3.44,2.38
2021,2021-05-19,Raufoss,Aalesund,4,2,1,2.06,3.68,3.28
2021,2021-05-19,Start,Jerv,2,4,2,1.58,4.23,5.10
2021,2021-05-19,Stjørdals-Blink,Sogndal,2,1,1,3.37,3.61,2.04
2021,2021-05-20,Fredrikstad,Sandnes Ulf,2,1,1,1.64,4.31,4.46
2021,2021-05-20,Grorud,Strømmen,1,0,1,2.41,3.53,2.74
2021,2021-05-20,Ull/Kisa,Åsane,0,1,2,2.28,3.75,2.75
2021,2021-05-23,Aalesund,KFUM Oslo,1,0,1,1.80,3.91,3.88
2021,2021-05-25,HamKam,Grorud,2,2,X,1.68,4.02,4.54
2021,2021-05-25,Jerv,Stjørdals-Blink,2,1,1,1.61,4.24,4.88
2021,2021-05-25,Strømmen,Bryne,0,2,2,3.16,3.52,2.16
2021,2021-05-25,Åsane,Raufoss,2,1,1,2.21,3.84,2.86
2021,2021-05-26,Sandnes Ulf,Ull/Kisa,2,1,1,1.75,3.82,4.35
2021,2021-05-26,Sogndal,Fredrikstad,1,2,2,1.96,3.77,3.49
2021,2021-05-29,Bryne,HamKam,1,1,X,2.13,3.60,3.15
2021,2021-05-29,Raufoss,Grorud,2,4,2,1.71,4.07,4.30
2021,2021-05-29,Sogndal,Sandnes Ulf,2,2,X,1.67,4.08,4.53
2021,2021-05-29,Stjørdals-Blink,Åsane,0,1,2,2.32,3.69,2.76
2021,2021-05-30,Fredrikstad,Jerv,4,0,1,1.70,4.09,4.41
2021,2021-05-30,Start,Aalesund,2,0,1,2.24,3.66,2.91
2021,2021-05-30,Strømmen,Ranheim,0,0,X,3.91,3.69,1.85
2021,2021-05-31,KFUM Oslo,Ull/Kisa,4,0,1,2.18,3.48,3.14
2021,2021-06-02,Ranheim,Start,1,1,X,2.17,3.48,3.15
2021,2021-06-12,Aalesund,Fredrikstad,2,2,X,2.37,3.74,2.68
2021,2021-06-12,Grorud,KFUM Oslo,2,2,X,2.22,3.63,2.97
2021,2021-06-12,HamKam,Strømmen,2,0,1,1.57,4.10,5.39
2021,2021-06-12,Jerv,Bryne,2,1,1,2.44,3.53,2.70
2021,2021-06-12,Ranheim,Sogndal,0,4,2,2.15,3.54,3.15
2021,2021-06-12,Sandnes Ulf,Raufoss,1,1,X,1.94,3.56,3.74
2021,2021-06-12,Ull/Kisa,Stjørdals-Blink,4,1,1,1.87,3.84,3.74
2021,2021-06-12,Åsane,Start,2,0,1,2.07,3.63,3.30
2021,2021-06-18,Bryne,Grorud,3,2,1,1.60,4.29,4.86
2021,2021-06-18,Fredrikstad,HamKam,0,1,2,2.05,3.81,3.22
2021,2021-06-18,KFUM Oslo,Ranheim,2,1,1,2.87,3.52,2.32
2021,2021-06-18,Raufoss,Jerv,3,0,1,1.88,4.08,3.53
2021,2021-06-18,Sogndal,Aalesund,2,0,1,2.04,3.70,3.29
2021,2021-06-18,Start,Ull/Kisa,1,3,2,1.65,4.24,4.57
2021,2021-06-18,Stjørdals-Blink,Sandnes Ulf,1,2,2,2.97,3.65,2.21
2021,2021-06-18,Strømmen,Åsane,1,0,1,2.99,3.58,2.23
2021,2021-06-22,Aalesund,Stjørdals-Blink,5,1,1,1.29,5.85,8.76
2021,2021-06-22,Bryne,KFUM Oslo,1,1,X,1.78,3.99,3.97
2021,2021-06-22,Grorud,Start,1,4,2,2.39,3.68,2.66
2021,2021-06-22,HamKam,Sogndal,2,1,1,2.58,3.22,2.74
2021,2021-06-22,Jerv,Strømmen,1,1,X,1.74,3.76,4.48
2021,2021-06-22,Ranheim,Raufoss,4,2,1,1.79,4.12,3.82
2021,2021-06-22,Ull/Kisa,Fredrikstad,3,2,1,2.79,3.76,2.29
2021,2021-06-22,Åsane,Sandnes Ulf,2,2,X,2.26,3.67,2.87
2021,2021-06-26,Raufoss,HamKam,2,1,1,2.76,3.71,2.31
2021,2021-06-27,Fredrikstad,Grorud,2,2,X,1.53,4.58,5.23
2021,2021-06-27,KFUM Oslo,Strømmen,1,1,X,1.79,3.70,4.21
2021,2021-06-27,Sandnes Ulf,Jerv,0,2,2,1.96,3.56,3.67
2021,2021-06-27,Sogndal,Åsane,3,1,1,1.54,4.51,5.16
2021,2021-06-27,Start,Bryne,2,3,2,2.21,3.72,2.92
2021,2021-06-27,Stjørdals-Blink,Ranheim,1,0,1,3.74,4.03,1.83
2021,2021-06-27,Ull/Kisa,Aalesund,0,1,2,2.76,3.82,2.28
2021,2021-07-02,Aalesund,Åsane,2,0,1,1.39,5.27,6.56
2021,2021-07-02,Bryne,Stjørdals-Blink,1,0,1,1.39,5.07,6.73
2021,2021-07-02,Grorud,Sandnes Ulf,1,0,1,2.53,3.54,2.60
2021,2021-07-02,HamKam,Ull/Kisa,3,0,1,1.49,4.55,5.83
2021,2021-07-02,Jerv,Sogndal,1,0,1,3.59,3.61,1.98
2021,2021-07-02,KFUM Oslo,Raufoss,3,2,1,1.89,4.05,3.55
2021,2021-07-02,Ranheim,Fredrikstad,1,1,X,2.01,3.72,3.38
2021,2021-07-02,Strømmen,Start,2,1,1,3.28,3.61,2.09
2021,2021-07-05,Fredrikstad,KFUM Oslo,2,1,1,1.95,3.70,3.57
2021,2021-07-05,Raufoss,Bryne,4,1,1,2.18,3.91,2.86
2021,2021-07-05,Sandnes Ulf,Aalesund,0,0,X,3.19,3.66,2.10
2021,2021-07-05,Sogndal,Strømmen,1,1,X,1.23,6.06,11.92
2021,2021-07-05,Start,HamKam,1,4,2,2.32,3.52,2.90
2021,2021-07-05,Stjørdals-Blink,Grorud,2,0,1,2.29,3.67,2.82
2021,2021-07-05,Ull/Kisa,Ranheim,1,1,X,2.78,3.62,2.34
2021,2021-07-05,Åsane,Jerv,0,1,2,2.30,3.77,2.76
2021,2021-07-11,HamKam,Åsane,1,2,2,1.39,4.79,7.43
2021,2021-07-12,Bryne,Sogndal,0,1,2,3.48,3.60,2.01
2021,2021-07-12,Grorud,Aalesund,1,2,2,4.45,4.23,1.67
2021,2021-07-12,Jerv,Ull/Kisa,3,3,X,1.87,3.80,3.87
2021,2021-07-12,KFUM Oslo,Start,0,2,2,2.01,3.77,3.36
2021,2021-07-12,Ranheim,Sandnes Ulf,4,0,1,1.72,4.05,4.30
2021,2021-07-12,Raufoss,Fredrikstad,0,1,2,2.22,4.06,2.74
2021,2021-07-12,Strømmen,Stjørdals-Blink,1,2,2,2.48,3.36,2.82
2021,2021-07-17,Aalesund,Jerv,1,1,X,1.49,4.63,5.75
2021,2021-07-17,Sandnes Ulf,HamKam,1,2,2,2.84,3.50,2.37
2021,2021-07-17,Sogndal,Grorud,1,0,1,1.36,5.13,7.64
2021,2021-07-17,Start,Raufoss,1,1,X,2.04,3.99,3.12
2021,2021-07-17,Stjørdals-Blink,KFUM Oslo,1,1,X,2.93,3.33,2.30
2021,2021-07-17,Ull/Kisa,Strømmen,0,0,X,1.95,3.67,3.65
2021,2021-07-17,Åsane,Ranheim,1,3,2,3.10,3.82,2.08
2021,2021-07-18,Fredrikstad,Bryne,3,1,1,1.72,4.08,4.29
2021,2021-07-21,Bryne,Sandnes Ulf,0,1,2,2.39,3.54,2.78
2021,2021-07-21,Grorud,Ull/Kisa,0,2,2,2.19,3.78,2.95
2021,2021-07-21,HamKam,Aalesund,2,3,2,2.31,3.47,2.94
2021,2021-07-21,KFUM Oslo,Åsane,3,1,1,1.46,4.80,5.97
2021,2021-07-21,Ranheim,Jerv,3,4,2,1.60,4.26,4.91
2021,2021-07-21,Raufoss,Sogndal,1,2,2,2.93,3.75,2.20
2021,2021-07-21,Start,Stjørdals-Blink,4,1,1,1.62,4.07,5.03
2021,2021-07-21,Strømmen,Fredrikstad,1,1,X,4.06,3.75,1.83
2021,2021-08-18,Aalesund,Ranheim,1,1,X,1.72,4.28,4.04
2021,2021-08-18,Fredrikstad,Start,2,2,X,1.81,4.12,3.85
2021,2021-08-18,Jerv,HamKam,0,2,2,2.62,3.40,2.57
2021,2021-08-18,Sandnes Ulf,Strømmen,3,2,1,1.54,4.20,5.68
2021,2021-08-18,Sogndal,KFUM Oslo,3,2,1,1.61,4.13,5.02
2021,2021-08-18,Stjørdals-Blink,Raufoss,0,1,2,2.67,3.96,2.29
2021,2021-08-18,Åsane,Grorud,3,1,1,1.86,3.89,3.72
2021,2021-08-22,Raufoss,Ull/Kisa,0,2,2,1.68,4.32,4.19
2021,2021-08-22,Start,Sogndal,1,1,X,2.70,3.71,2.35
2021,2021-08-23,Bryne,Åsane,1,1,X,2.11,3.60,3.20
2021,2021-08-23,Fredrikstad,Stjørdals-Blink,5,1,1,1.38,4.98,7.39
2021,2021-08-23,Grorud,Jerv,2,3,2,2.87,3.70,2.25
2021,2021-08-23,KFUM Oslo,Sandnes Ulf,1,1,X,1.96,3.81,3.45
2021,2021-08-23,Ranheim,HamKam,0,4,2,1.94,3.89,3.41
2021,2021-08-23,Strømmen,Aalesund,0,0,X,5.42,4.26,1.55
2021,2021-08-26,Ull/Kisa,Bryne,2,1,1,2.24,3.63,2.92
2021,2021-08-28,Aalesund,Raufoss,4,2,1,1.50,4.87,5.22
2021,2021-08-28,Jerv,Fredrikstad,3,2,1,2.45,3.57,2.62
2021,2021-08-28,Sandnes Ulf,Grorud,2,3,2,1.68,3.98,4.58
2021,2021-08-28,Sogndal,Ranheim,1,2,2,1.85,3.92,3.69
2021,2021-08-28,Åsane,Strømmen,2,1,1,1.63,3.93,5.14
2021,2021-08-29,HamKam,Start,3,2,1,1.74,3.93,4.24
2021,2021-08-29,Stjørdals-Blink,Bryne,2,1,1,2.45,3.47,2.70
2021,2021-08-29,Ull/Kisa,KFUM Oslo,0,1,2,3.25,3.63,2.08
2021,2021-09-11,Bryne,Aalesund,2,3,2,3.58,3.62,1.97
2021,2021-09-11,Grorud,Stjørdals-Blink,1,2,2,1.90,3.95,3.50
2021,2021-09-11,Ranheim,Ull/Kisa,5,1,1,1.35,5.29,7.72
2021,2021-09-11,Raufoss,Sandnes Ulf,1,0,1,2.14,3.83,2.96
2021,2021-09-11,Start,KFUM Oslo,2,3,2,2.22,3.67,2.95
2021,2021-09-11,Strømmen,Jerv,2,3,2,3.27,3.48,2.11
2021,2021-09-11,Åsane,HamKam,0,4,2,3.20,3.69,2.08
2021,2021-09-12,Fredrikstad,Sogndal,2,1,1,2.08,3.86,3.09
2021,2021-09-15,Aalesund,Grorud,6,2,1,1.21,6.63,11.17
2021,2021-09-15,HamKam,Bryne,3,0,1,1.47,4.61,5.94
2021,2021-09-15,Jerv,Åsane,3,1,1,1.59,4.43,4.84
2021,2021-09-15,KFUM Oslo,Fredrikstad,2,1,1,2.15,3.75,2.99
2021,2021-09-15,Sandnes Ulf,Ranheim,5,4,1,2.99,3.85,2.13
2021,2021-09-15,Sogndal,Raufoss,2,1,1,1.39,5.11,6.68
2021,2021-09-15,Stjørdals-Blink,Strømmen,1,1,X,1.89,3.64,3.83
2021,2021-09-15,Ull/Kisa,Start,1,3,2,2.63,3.63,2.44
2021,2021-09-18,Bryne,Start,4,2,1,2.41,3.71,2.62
2021,2021-09-18,Grorud,Sogndal,1,2,2,3.99,4.01,1.77
2021,2021-09-18,Jerv,Sandnes Ulf,1,0,1,1.88,3.91,3.64
2021,2021-09-18,Ranheim,Stjørdals-Blink,1,0,1,1.41,5.02,6.37
2021,2021-09-18,Raufoss,KFUM Oslo,5,1,1,2.74,3.71,2.33
2021,2021-09-18,Strømmen,HamKam,0,0,X,5.03,3.99,1.62
2021,2021-09-18,Åsane,Aalesund,1,6,2,4.83,4.24,1.61
2021,2021-09-19,Fredrikstad,Ull/Kisa,2,0,1,1.45,4.81,5.93
2021,2021-09-25,Aalesund,Strømmen,3,2,1,1.23,6.14,11.61
2021,2021-09-25,KFUM Oslo,Grorud,2,0,1,1.44,4.84,6.35
2021,2021-09-25,Ranheim,Åsane,2,2,X,1.41,5.20,6.20
2021,2021-09-25,Sandnes Ulf,Stjørdals-Blink,2,1,1,1.77,3.89,4.19
2021,2021-09-25,Sogndal,Bryne,0,0,X,1.66,4.10,4.62
2021,2021-09-25,Ull/Kisa,Raufoss,0,2,2,2.63,3.74,2.41
2021,2021-09-26,HamKam,Jerv,3,1,1,1.60,4.19,5.01
2021,2021-09-26,Start,Fredrikstad,2,6,2,2.51,3.81,2.50
2021,2021-09-29,Bryne,Ull/Kisa,2,0,1,1.60,4.09,5.26
2021,2021-09-29,Grorud,Ranheim,3,2,1,3.04,4.06,2.06
2021,2021-09-29,HamKam,Sandnes Ulf,3,1,1,1.47,4.67,6.05
2021,2021-09-29,Jerv,Aalesund,2,2,X,3.52,3.80,1.94
2021,2021-09-29,Raufoss,Start,1,3,2,1.86,4.19,3.49
2021,2021-09-29,Stjørdals-Blink,Fredrikstad,3,0,1,4.04,4.16,1.74
2021,2021-09-29,Strømmen,KFUM Oslo,1,1,X,3.50,3.37,2.08
2021,2021-09-29,Åsane,Sogndal,1,0,1,3.19,3.74,2.07
2021,2021-10-02,Fredrikstad,Raufoss,1,1,X,1.62,4.49,4.47
2021,2021-10-02,KFUM Oslo,Stjørdals-Blink,1,0,1,1.48,4.46,6.07
2021,2021-10-02,Ranheim,Strømmen,5,2,1,1.54,4.38,5.38
2021,2021-10-02,Sandnes Ulf,Bryne,2,0,1,2.17,3.60,3.10
2021,2021-10-02,Sogndal,Jerv,1,1,X,1.78,3.84,4.10
2021,2021-10-02,Start,Åsane,1,1,X,1.56,4.72,4.81
2021,2021-10-02,Ull/Kisa,Grorud,1,2,2,2.47,3.55,2.67
2021,2021-10-03,Aalesund,HamKam,1,1,X,1.73,3.97,4.29
2021,2021-10-16,Bryne,Fredrikstad,0,1,2,2.78,3.64,2.34
2021,2021-10-16,Grorud,Raufoss,2,1,1,2.84,3.84,2.22
2021,2021-10-16,HamKam,KFUM Oslo,3,0,1,1.64,4.16,4.85
2021,2021-10-16,Jerv,Ranheim,2,1,1,1.76,4.20,3.93
2021,2021-10-16,Stjørdals-Blink,Start,2,2,X,3.34,3.70,2.03
2021,2021-10-16,Strømmen,Sandnes Ulf,2,2,X,3.35,3.37,2.14
2021,2021-10-16,Åsane,Ull/Kisa,3,3,X,1.73,4.05,4.18
2021,2021-10-17,Aalesund,Sogndal,3,0,1,1.52,4.43,5.67
2021,2021-10-20,Fredrikstad,Strømmen,3,1,1,1.38,4.94,7.28
2021,2021-10-20,KFUM Oslo,Bryne,0,1,2,1.71,3.94,4.49
2021,2021-10-20,Ranheim,Aalesund,3,3,X,3.37,4.13,1.91
2021,2021-10-20,Raufoss,Stjørdals-Blink,5,2,1,1.51,4.47,5.65
2021,2021-10-20,Sandnes Ulf,Åsane,3,2,1,1.92,3.76,3.62
2021,2021-10-20,Sogndal,HamKam,1,1,X,2.64,3.47,2.52
2021,2021-10-20,Start,Grorud,3,0,1,1.51,4.49,5.64
2021,2021-10-20,Ull/Kisa,Jerv,0,0,X,3.41,3.70,1.99
2021,2021-10-23,Jerv,Start,3,2,1,2.12,3.74,3.09
2021,2021-10-24,Aalesund,Sandnes Ulf,2,2,X,1.29,5.68,8.67
2021,2021-10-24,Bryne,Raufoss,3,1,1,2.21,3.70,2.95
2021,2021-10-24,Grorud,Fredrikstad,1,2,2,3.94,4.03,1.78
2021,2021-10-24,HamKam,Ranheim,3,0,1,1.50,4.63,5.51
2021,2021-10-24,Stjørdals-Blink,Ull/Kisa,0,0,X,2.18,3.50,3.16
2021,2021-10-24,Strømmen,Sogndal,0,2,2,3.81,3.56,1.93
2021,2021-10-24,Åsane,KFUM Oslo,3,0,1,2.52,3.68,2.54
2021,2021-10-29,Fredrikstad,Åsane,2,3,2,1.55,4.61,5.12
2021,2021-10-29,Grorud,Bryne,4,2,1,2.51,3.55,2.63
2021,2021-10-29,KFUM Oslo,Aalesund,2,4,2,3.90,4.01,1.81
2021,2021-10-29,Raufoss,Ranheim,0,4,2,1.95,4.28,3.18
2021,2021-10-29,Sandnes Ulf,Sogndal,0,2,2,2.69,3.55,2.46
2021,2021-10-29,Start,Strømmen,3,2,1,1.39,5.13,6.87
2021,2021-10-29,Stjørdals-Blink,Jerv,2,2,X,3.29,3.69,2.06
2021,2021-10-29,Ull/Kisa,HamKam,0,0,X,5.64,4.14,1.56
2021,2021-11-01,Aalesund,Start,3,2,1,1.38,5.52,6.41
2021,2021-11-01,HamKam,Raufoss,2,1,1,1.45,4.82,6.12
2021,2021-11-01,Jerv,Grorud,0,0,X,1.43,4.83,6.61
2021,2021-11-01,Ranheim,KFUM Oslo,1,3,2,2.11,3.73,3.16
2021,2021-11-01,Sandnes Ulf,Fredrikstad,2,1,1,2.56,3.78,2.47
2021,2021-11-01,Strømmen,Ull/Kisa,2,1,1,2.68,3.43,2.53
2021,2021-11-01,Åsane,Bryne,2,1,1,2.11,3.81,3.09
2021,2021-11-06,Bryne,Jerv,2,0,1,2.48,3.73,2.58
2021,2021-11-06,Fredrikstad,Aalesund,2,2,X,2.63,3.93,2.35
2021,2021-11-06,Grorud,Åsane,3,2,1,2.35,3.77,2.71
2021,2021-11-06,KFUM Oslo,Sogndal,3,1,1,2.31,3.49,2.94
2021,2021-11-06,Raufoss,Strømmen,4,2,1,1.52,4.60,5.57
2021,2021-11-06,Stjørdals-Blink,HamKam,0,1,2,4.07,3.70,1.85
2021,2021-11-06,Ull/Kisa,Sandnes Ulf,1,2,2,2.68,3.52,2.49
2021,2021-11-07,Start,Ranheim,3,1,1,1.77,4.36,3.83
2021,2021-11-10,Sogndal,Stjørdals-Blink,1,1,X,,,
2021,2021-11-20,Aalesund,Ull/Kisa,4,2,1,1.20,6.88,11.23
2021,2021-11-20,HamKam,Fredrikstad,1,0,1,1.94,4.05,3.37
2021,2021-11-20,Jerv,Raufoss,2,0,1,1.71,4.32,4.10
2021,2021-11-20,Ranheim,Bryne,2,4,2,1.79,4.29,3.77
2021,2021-11-20,Sandnes Ulf,KFUM Oslo,1,1,X,2.30,3.75,2.82
2021,2021-11-20,Sogndal,Start,1,1,X,1.98,3.96,3.31
2021,2021-11-20,Strømmen,Grorud,1,3,2,2.85,3.74,2.27
2021,2021-11-20,Åsane,Stjørdals-Blink,1,1,X,1.63,4.29,4.67
2021,2021-11-27,Bryne,Strømmen,0,2,2,1.51,4.64,5.47
2021,2021-11-27,Fredrikstad,Ranheim,3,1,1,1.43,5.22,5.84
2021,2021-11-27,Grorud,HamKam,1,2,2,4.48,4.28,1.66
2021,2021-11-27,KFUM Oslo,Jerv,4,1,1,2.15,3.69,3.11
2021,2021-11-27,Raufoss,Åsane,1,1,X,2.94,4.40,2.04
2021,2021-11-27,Start,Sandnes Ulf,2,2,X,2.17,4.20,2.79
2021,2021-11-27,Stjørdals-Blink,Aalesund,1,0,1,3.69,4.17,1.83
2021,2021-11-27,Ull/Kisa,Sogndal,2,1,1,2.92,3.70,2.26
2022,2022-04-02,Sandnes Ulf,Bryne,2,1,1,1.96,3.45,3.80
2022,2022-04-03,KFUM Oslo,Grorud,2,2,X,1.84,3.66,3.99
2022,2022-04-03,Ranheim,Brann,0,4,2,4.24,3.96,1.74
2022,2022-04-04,Fredrikstad,Stjørdals-Blink,2,2,X,1.60,4.17,5.06
2022,2022-04-04,Mjøndalen,Kongsvinger,1,0,1,2.09,3.45,3.39
2022,2022-04-04,Skeid,Stabæk,2,3,2,3.70,3.46,1.99
2022,2022-04-04,Sogndal,Raufoss,2,0,1,1.88,3.69,3.79
2022,2022-04-04,Åsane,Start,1,5,2,2.81,3.59,2.33
2022,2022-04-09,Brann,Åsane,1,1,X,1.22,6.28,11.32
2022,2022-04-10,Grorud,Fredrikstad,2,2,X,2.77,3.59,2.36
2022,2022-04-11,Bryne,KFUM Oslo,1,2,2,2.32,3.25,3.07
2022,2022-04-11,Kongsvinger,Skeid,1,0,1,1.87,3.73,3.81
2022,2022-04-11,Raufoss,Ranheim,1,1,X,1.97,3.92,3.28
2022,2022-04-11,Stabæk,Sogndal,0,0,X,1.87,3.57,4.01
2022,2022-04-11,Start,Mjøndalen,1,1,X,1.97,3.75,3.51
2022,2022-04-11,Stjørdals-Blink,Sandnes Ulf,1,2,2,2.39,3.53,2.78
2022,2022-04-18,Fredrikstad,Start,1,0,1,2.44,3.73,2.59
2022,2022-04-19,KFUM Oslo,Raufoss,1,1,X,1.96,3.72,3.49
2022,2022-04-19,Mjøndalen,Stjørdals-Blink,2,1,1,1.65,4.01,4.72
2022,2022-04-19,Ranheim,Grorud,2,1,1,1.79,4.05,3.83
2022,2022-04-19,Sandnes Ulf,Kongsvinger,4,1,1,2.07,3.69,3.23
2022,2022-04-19,Skeid,Brann,2,3,2,5.17,4.28,1.56
2022,2022-04-19,Sogndal,Bryne,2,1,1,1.56,4.02,5.65
2022,2022-04-19,Åsane,Stabæk,0,4,2,3.40,3.68,2.00
2022,2022-04-23,Brann,Sogndal,1,1,X,1.53,4.25,5.72
2022,2022-04-24,Raufoss,Grorud,1,1,X,1.83,3.95,3.77
2022,2022-04-24,Stjørdals-Blink,KFUM Oslo,1,3,2,2.85,3.34,2.42
2022,2022-04-25,Bryne,Ranheim,1,2,2,2.23,3.52,3.02
2022,2022-04-25,Kongsvinger,Åsane,1,1,X,1.61,4.21,4.74
2022,2022-04-25,Mjøndalen,Fredrikstad,2,0,1,2.35,3.47,2.84
2022,2022-04-25,Stabæk,Sandnes Ulf,0,1,2,1.65,3.97,4.81
2022,2022-04-25,Start,Skeid,3,2,1,1.42,4.84,6.59
2022,2022-04-29,Mjøndalen,Bryne,2,1,1,1.88,3.76,3.79
2022,2022-05-08,Grorud,Start,0,3,2,3.20,3.71,2.07
2022,2022-05-08,Skeid,Mjøndalen,1,2,2,2.84,3.51,2.36
2022,2022-05-08,Åsane,Stjørdals-Blink,1,1,X,2.30,3.51,2.89
2022,2022-05-09,KFUM Oslo,Brann,1,5,2,3.91,3.61,1.88
2022,2022-05-09,Ranheim,Stabæk,0,1,2,3.87,3.78,1.85
2022,2022-05-09,Raufoss,Bryne,2,0,1,1.91,3.71,3.71
2022,2022-05-09,Sandnes Ulf,Fredrikstad,0,4,2,2.24,3.48,3.04
2022,2022-05-09,Sogndal,Kongsvinger,2,1,1,1.74,3.89,4.30
2022,2022-05-15,Bryne,Åsane,2,1,1,1.83,3.66,4.06
2022,2022-05-15,Kongsvinger,Raufoss,4,1,1,1.99,3.81,3.33
2022,2022-05-15,Mjøndalen,KFUM Oslo,2,1,1,2.17,3.50,3.14
2022,2022-05-15,Start,Sogndal,5,1,1,1.74,4.00,4.20
2022,2022-05-15,Stjørdals-Blink,Ranheim,0,1,2,2.36,3.57,2.77
2022,2022-05-16,Brann,Sandnes Ulf,3,0,1,1.32,5.32,8.23
2022,2022-05-16,Fredrikstad,Skeid,2,0,1,1.52,4.52,5.40
2022,2022-05-16,Stabæk,Grorud,1,1,X,1.32,5.14,8.87
2022,2022-05-21,Brann,Fredrikstad,3,0,1,1.36,5.13,7.19
2022,2022-05-22,Raufoss,Stabæk,0,4,2,3.42,3.63,2.01
2022,2022-05-22,Sogndal,Åsane,2,3,2,1.57,4.25,5.22
2022,2022-05-23,Grorud,Bryne,2,2,X,2.33,3.56,2.83
2022,2022-05-23,KFUM Oslo,Kongsvinger,1,0,1,1.89,3.80,3.70
2022,2022-05-23,Ranheim,Start,2,2,X,3.86,4.38,1.73
2022,2022-05-23,Sandnes Ulf,Mjøndalen,0,2,2,2.25,3.50,3.00
2022,2022-05-23,Skeid,Stjørdals-Blink,3,1,1,1.94,3.67,3.62
2022,2022-05-26,Bryne,Stabæk,0,0,X,3.44,3.66,1.99
2022,2022-05-26,Fredrikstad,KFUM Oslo,1,2,2,2.26,3.52,2.94
2022,2022-05-26,Kongsvinger,Brann,1,3,2,6.23,4.97,1.45
2022,2022-05-26,Mjøndalen,Ranheim,1,2,2,1.85,3.83,3.82
2022,2022-05-26,Skeid,Sandnes Ulf,0,1,2,2.32,3.50,2.86
2022,2022-05-26,Start,Raufoss,2,2,X,1.34,5.51,7.19
2022,2022-05-26,Stjørdals-Blink,Sogndal,1,3,2,2.92,3.59,2.25
2022,2022-05-26,Åsane,Grorud,3,2,1,2.03,3.70,3.31
2022,2022-05-29,Bryne,Start,2,0,1,3.56,3.96,1.88
2022,2022-05-29,Ranheim,Fredrikstad,3,2,1,2.14,3.80,2.99
2022,2022-05-29,Sogndal,Sandnes Ulf,1,2,2,1.99,3.64,3.48
2022,2022-05-30,Brann,Mjøndalen,7,0,1,1.25,6.04,10.35
2022,2022-05-30,Grorud,Stjørdals-Blink,1,2,2,2.06,3.91,3.09
2022,2022-05-30,KFUM Oslo,Skeid,3,0,1,1.73,3.83,4.41
2022,2022-05-30,Raufoss,Åsane,1,0,1,1.75,4.06,4.05
2022,2022-05-30,Stabæk,Kongsvinger,1,0,1,1.36,5.17,7.43
2022,2022-06-19,Start,Stabæk,0,0,X,2.23,3.56,2.99
2022,2022-06-19,Stjørdals-Blink,Brann,1,2,2,10.10,6.38,1.24
2022,2022-06-20,Kongsvinger,Grorud,2,2,X,1.97,4.01,3.24
2022,2022-06-20,Sandnes Ulf,KFUM Oslo,2,2,X,2.69,3.41,2.49
2022,2022-06-20,Skeid,Sogndal,2,3,2,2.76,3.56,2.39
2022,2022-06-20,Åsane,Ranheim,1,2,2,2.88,3.97,2.15
2022,2022-06-26,Raufoss,Skeid,1,0,1,1.86,3.81,3.78
2022,2022-06-26,Stabæk,Fredrikstad,0,0,X,1.57,4.17,5.28
2022,2022-06-26,Start,Kongsvinger,0,1,2,1.38,5.00,6.92
2022,2022-06-27,Bryne,Stjørdals-Blink,0,0,X,1.68,4.18,4.30
2022,2022-06-27,Grorud,Brann,0,2,2,9.59,6.65,1.23
2022,2022-06-27,Ranheim,KFUM Oslo,4,1,1,2.50,3.60,2.57
2022,2022-06-27,Sogndal,Mjøndalen,1,0,1,2.10,3.71,3.16
2022,2022-06-27,Åsane,Sandnes Ulf,2,1,1,2.59,3.73,2.43
2022,2022-07-03,KFUM Oslo,Sogndal,3,2,1,1.91,3.79,3.64
2022,2022-07-03,Mjøndalen,Stabæk,2,4,2,3.63,3.68,1.93
2022,2022-07-03,Skeid,Grorud,3,2,1,1.84,3.93,3.77
2022,2022-07-04,Brann,Bryne,2,1,1,1.17,7.77,12.54
2022,2022-07-04,Fredrikstad,Åsane,2,2,X,1.71,4.16,4.19
2022,2022-07-04,Kongsvinger,Ranheim,2,2,X,2.29,3.84,2.73
2022,2022-07-04,Sandnes Ulf,Raufoss,1,4,2,2.07,3.77,3.16
2022,2022-07-04,Stjørdals-Blink,Start,0,3,2,3.98,4.25,1.73
2022,2022-07-07,Bryne,Kongsvinger,1,1,X,2.04,3.53,3.45
2022,2022-07-07,Grorud,Sandnes Ulf,1,3,2,2.67,3.55,2.44
2022,2022-07-07,Ranheim,Skeid,4,0,1,1.56,4.46,4.98
2022,2022-07-07,Raufoss,Mjøndalen,2,1,1,2.06,3.67,3.26
2022,2022-07-07,Sogndal,Fredrikstad,1,1,X,2.12,3.78,3.04
2022,2022-07-07,Stabæk,Stjørdals-Blink,4,2,1,1.20,6.54,12.62
2022,2022-07-07,Start,Brann,0,2,2,4.03,4.07,1.75
2022,2022-07-07,Åsane,KFUM Oslo,0,3,2,3.16,3.67,2.10
2022,2022-07-10,Brann,Stabæk,1,1,X,1.49,4.56,5.73
2022,2022-07-10,Sandnes Ulf,Ranheim,3,2,1,2.44,3.72,2.59
2022,2022-07-10,Stjørdals-Blink,Raufoss,1,2,2,3.19,3.76,2.07
2022,2022-07-11,Fredrikstad,Kongsvinger,0,0,X,1.97,3.78,3.41
2022,2022-07-11,KFUM Oslo,Start,0,1,2,2.57,3.64,2.49
2022,2022-07-11,Mjøndalen,Åsane,1,1,X,1.90,3.90,3.57
2022,2022-07-11,Skeid,Bryne,1,2,2,2.30,3.55,2.86
2022,2022-07-11,Sogndal,Grorud,4,0,1,1.55,4.64,4.91
2022,2022-07-17,Kongsvinger,Stjørdals-Blink,5,0,1,1.43,4.87,6.31
2022,2022-07-17,Ranheim,Sogndal,3,3,X,2.07,3.87,3.09
2022,2022-07-17,Stabæk,KFUM Oslo,2,2,X,1.71,3.87,4.54
2022,2022-07-18,Bryne,Fredrikstad,0,2,2,2.38,3.47,2.80
2022,2022-07-18,Grorud,Mjøndalen,0,1,2,2.89,3.61,2.27
2022,2022-07-18,Raufoss,Brann,0,5,2,7.80,5.36,1.33
2022,2022-07-18,Start,Sandnes Ulf,1,2,2,1.47,4.71,5.74
2022,2022-07-18,Åsane,Skeid,3,2,1,1.99,3.74,3.39
2022,2022-07-24,Fredrikstad,Grorud,3,1,1,1.62,4.31,4.69
2022,2022-07-24,Mjøndalen,Start,0,0,X,3.11,3.74,2.10
2022,2022-07-24,Skeid,Raufoss,2,2,X,2.75,3.65,2.34
2022,2022-07-25,Brann,Kongsvinger,3,0,1,1.13,8.36,17.48
2022,2022-07-25,KFUM Oslo,Ranheim,1,2,2,1.98,4.04,3.18
2022,2022-07-25,Sandnes Ulf,Åsane,6,0,1,1.66,4.21,4.41
2022,2022-07-25,Sogndal,Stabæk,4,3,1,3.58,3.66,1.97
2022,2022-07-25,Stjørdals-Blink,Bryne,0,2,2,3.63,3.65,1.95
2022,2022-07-27,Fredrikstad,Raufoss,0,4,2,1.91,3.98,3.41
2022,2022-07-31,Bryne,Brann,1,5,2,9.29,6.23,1.25
2022,2022-07-31,Grorud,KFUM Oslo,1,3,2,4.04,4.14,1.72
2022,2022-07-31,Kongsvinger,Mjøndalen,2,1,1,2.34,3.46,2.84
2022,2022-07-31,Ranheim,Stjørdals-Blink,2,1,1,1.25,6.32,9.25
2022,2022-07-31,Raufoss,Sandnes Ulf,1,1,X,1.95,3.83,3.37
2022,2022-07-31,Stabæk,Skeid,2,0,1,1.25,6.15,9.09
2022,2022-07-31,Start,Fredrikstad,1,0,1,1.72,4.14,4.05
2022,2022-07-31,Åsane,Sogndal,1,1,X,2.97,3.88,2.11
2022,2022-08-04,Brann,Start,1,0,1,1.20,6.59,11.19
2022,2022-08-04,Fredrikstad,Stabæk,2,4,2,3.61,3.62,1.91
2022,2022-08-04,KFUM Oslo,Åsane,2,2,X,1.45,4.93,5.57
2022,2022-08-04,Kongsvinger,Bryne,2,1,1,1.97,3.58,3.49
2022,2022-08-04,Mjøndalen,Raufoss,1,2,2,2.21,3.77,2.81
2022,2022-08-04,Sandnes Ulf,Sogndal,6,0,1,2.11,3.78,2.97
2022,2022-08-04,Skeid,Ranheim,1,0,1,3.16,3.92,1.99
2022,2022-08-04,Stjørdals-Blink,Grorud,1,0,1,2.38,3.77,2.59
2022,2022-08-07,Raufoss,Stjørdals-Blink,2,2,X,1.48,4.59,5.58
2022,2022-08-07,Sogndal,KFUM Oslo,1,2,2,2.69,3.58,2.28
2022,2022-08-07,Stabæk,Brann,1,2,2,3.63,3.65,1.92
2022,2022-08-08,Grorud,Kongsvinger,1,2,2,3.32,3.96,1.93
2022,2022-08-08,Ranheim,Mjøndalen,2,1,1,1.71,4.01,4.19
2022,2022-08-08,Sandnes Ulf,Skeid,0,0,X,1.54,4.49,5.03
2022,2022-08-08,Start,Bryne,6,0,1,1.66,3.87,4.64
2022,2022-08-08,Åsane,Fredrikstad,4,3,1,2.93,3.64,2.19
2022,2022-08-14,Brann,Raufoss,3,0,1,1.12,8.72,16.75
2022,2022-08-14,Bryne,Grorud,2,1,1,1.69,4.04,4.28
2022,2022-08-14,Fredrikstad,Ranheim,1,1,X,2.25,3.74,2.74
2022,2022-08-14,KFUM Oslo,Sandnes Ulf,3,2,1,1.96,3.84,3.34
2022,2022-08-14,Kongsvinger,Start,2,2,X,2.85,3.55,2.26
2022,2022-08-14,Mjøndalen,Sogndal,0,4,2,2.19,3.55,2.97
2022,2022-08-14,Skeid,Åsane,2,0,1,2.06,3.75,3.12
2022,2022-08-14,Stjørdals-Blink,Stabæk,3,2,1,5.96,4.59,1.45
2022,2022-08-20,Sogndal,Brann,0,4,2,8.45,6.01,1.27
2022,2022-08-21,Sandnes Ulf,Stjørdals-Blink,0,0,X,1.35,5.23,7.20
2022,2022-08-21,Stabæk,Start,5,0,1,1.90,3.62,3.65
2022,2022-08-22,Grorud,Skeid,1,1,X,2.71,3.62,2.33
2022,2022-08-22,KFUM Oslo,Fredrikstad,2,1,1,1.83,4.11,3.53
2022,2022-08-22,Ranheim,Bryne,1,1,X,1.51,4.68,4.98
2022,2022-08-22,Raufoss,Kongsvinger,0,1,2,2.19,3.63,2.92
2022,2022-08-22,Åsane,Mjøndalen,3,1,1,2.57,3.52,2.48
2022,2022-08-27,Fredrikstad,Sogndal,5,2,1,1.90,3.90,3.41
2022,2022-08-27,Kongsvinger,Stabæk,0,1,2,3.74,3.81,1.85
2022,2022-08-27,Stjørdals-Blink,Åsane,2,4,2,2.34,3.58,2.74
2022,2022-08-29,Brann,Ranheim,5,0,1,1.15,7.96,12.74
2022,2022-08-29,Bryne,Raufoss,5,0,1,2.50,3.40,2.64
2022,2022-08-29,Mjøndalen,Sandnes Ulf,4,1,1,2.51,3.59,2.51
2022,2022-08-29,Skeid,KFUM Oslo,1,5,2,3.23,3.70,2.03
2022,2022-08-29,Start,Grorud,5,0,1,1.30,5.76,7.69
2022,2022-09-03,Åsane,Brann,0,2,2,18.61,8.98,1.10
2022,2022-09-04,KFUM Oslo,Mjøndalen,3,0,1,1.76,3.95,4.00
2022,2022-09-04,Sandnes Ulf,Start,3,5,2,2.68,3.60,2.37
2022,2022-09-05,Grorud,Ranheim,2,1,1,3.75,4.31,1.74
2022,2022-09-05,Raufoss,Fredrikstad,2,1,1,2.33,3.83,2.60
2022,2022-09-05,Sogndal,Skeid,0,1,2,1.87,3.76,3.65
2022,2022-09-05,Stabæk,Bryne,2,2,X,1.31,5.35,8.10
2022,2022-09-05,Stjørdals-Blink,Kongsvinger,1,4,2,3.41,3.83,1.94
2022,2022-09-11,Bryne,Sogndal,3,3,X,1.92,3.66,3.59
2022,2022-09-11,Fredrikstad,Sandnes Ulf,1,2,2,1.94,4.04,3.21
2022,2022-09-11,Ranheim,Åsane,3,3,X,1.48,4.67,5.46
2022,2022-09-11,Start,Stjørdals-Blink,3,1,1,1.17,7.59,11.49
2022,2022-09-12,Brann,Grorud,7,0,1,1.02,16.24,40.36
2022,2022-09-12,Kongsvinger,KFUM Oslo,3,1,1,2.81,3.64,2.26
2022,2022-09-12,Mjøndalen,Skeid,1,0,1,1.87,3.71,3.69
2022,2022-09-12,Stabæk,Raufoss,2,0,1,1.33,5.30,7.64
2022,2022-09-17,Raufoss,Start,1,2,2,3.24,3.89,1.97
2022,2022-09-17,Sandnes Ulf,Brann,0,3,2,7.58,5.56,1.32
2022,2022-09-17,Skeid,Fredrikstad,3,3,X,2.42,3.62,2.61
2022,2022-09-17,Sogndal,Ranheim,2,0,1,2.65,3.61,2.39
2022,2022-09-17,Stjørdals-Blink,Mjøndalen,1,2,2,3.01,3.71,2.11
2022,2022-09-17,Åsane,Kongsvinger,1,2,2,2.93,3.66,2.18
2022,2022-09-18,Grorud,Stabæk,0,4,2,10.74,6.05,1.23
2022,2022-09-18,KFUM Oslo,Bryne,3,3,X,1.62,4.08,4.77
2022,2022-10-02,Brann,Stjørdals-Blink,5,0,1,1.02,14.38,37.64
2022,2022-10-02,Bryne,Skeid,0,3,2,2.08,3.44,3.30
2022,2022-10-02,Fredrikstad,Mjøndalen,2,1,1,2.28,3.48,2.89
2022,2022-10-03,Grorud,Raufoss,1,1,X,3.44,4.04,1.87
2022,2022-10-03,Kongsvinger,Sogndal,0,0,X,1.84,3.91,3.63
2022,2022-10-03,Ranheim,Sandnes Ulf,1,2,2,1.94,4.06,3.19
2022,2022-10-03,Stabæk,Åsane,4,0,1,1.20,6.90,10.54
2022,2022-10-03,Start,KFUM Oslo,3,2,1,1.90,3.85,3.46
2022,2022-10-08,Mjøndalen,Brann,3,1,1,9.91,6.16,1.24
2022,2022-10-09,Skeid,Start,3,2,1,3.16,3.82,2.01
2022,2022-10-09,Sogndal,Stjørdals-Blink,6,1,1,1.39,5.03,6.25
2022,2022-10-10,Fredrikstad,Bryne,1,3,2,1.91,3.99,3.35
2022,2022-10-10,KFUM Oslo,Stabæk,0,0,X,3.19,3.73,2.02
2022,2022-10-10,Ranheim,Kongsvinger,0,2,2,1.96,3.64,3.39
2022,2022-10-10,Sandnes Ulf,Grorud,2,4,2,1.27,6.45,7.84
2022,2022-10-10,Åsane,Raufoss,1,0,1,1.90,3.95,3.39
2022,2022-10-16,Bryne,Mjøndalen,2,1,1,2.28,3.61,2.80
2022,2022-10-16,Grorud,Sogndal,2,0,1,3.80,4.32,1.72
2022,2022-10-16,Stabæk,Ranheim,3,2,1,1.32,5.55,7.38
2022,2022-10-16,Start,Åsane,4,1,1,1.35,5.24,6.90
2022,2022-10-17,Brann,Skeid,3,0,1,1.09,9.39,18.39
2022,2022-10-17,Kongsvinger,Sandnes Ulf,3,1,1,2.11,3.67,3.04
2022,2022-10-17,Raufoss,KFUM Oslo,0,3,2,3.08,3.68,2.09
2022,2022-10-17,Stjørdals-Blink,Fredrikstad,1,2,2,4.74,4.53,1.56
2022,2022-10-22,Fredrikstad,Brann,1,3,2,9.98,6.69,1.21
2022,2022-10-22,KFUM Oslo,Stjørdals-Blink,3,1,1,1.20,7.10,10.42
2022,2022-10-22,Mjøndalen,Grorud,3,0,1,1.39,4.99,6.40
2022,2022-10-22,Ranheim,Raufoss,3,2,1,1.83,4.10,3.55
2022,2022-10-22,Sandnes Ulf,Stabæk,2,2,X,3.29,3.78,1.98
2022,2022-10-22,Skeid,Kongsvinger,4,0,1,3.11,3.75,2.06
2022,2022-10-22,Sogndal,Start,1,2,2,2.43,3.94,2.45
2022,2022-10-22,Åsane,Bryne,1,2,2,2.52,3.75,2.44
2022,2022-10-29,Brann,KFUM Oslo,4,1,1,1.14,8.17,14.72
2022,2022-10-29,Bryne,Sandnes Ulf,0,2,2,2.66,3.77,2.32
2022,2022-10-29,Grorud,Åsane,3,1,1,2.61,4.12,2.24
2022,2022-10-29,Kongsvinger,Fredrikstad,0,1,2,1.63,4.32,4.36
2022,2022-10-29,Raufoss,Sogndal,0,3,2,2.08,4.01,2.93
2022,2022-10-29,Stabæk,Mjøndalen,2,0,1,1.54,4.47,5.05
2022,2022-10-29,Start,Ranheim,2,1,1,1.68,4.37,4.04
2022,2022-10-29,Stjørdals-Blink,Skeid,1,0,1,1.58,4.73,4.46
2023,2023-04-10,Bryne,Kongsvinger,2,1,1,2.71,3.30,2.54
2023,2023-04-10,Hødd,Raufoss,1,0,1,2.03,3.46,3.53
2023,2023-04-10,Jerv,Ranheim,1,2,2,2.13,3.68,3.14
2023,2023-04-10,KFUM Oslo,Sogndal,1,1,X,1.86,3.82,3.71
2023,2023-04-10,Kristiansund,Fredrikstad,0,1,2,1.94,3.84,3.50
2023,2023-04-10,Mjøndalen,Åsane,0,0,X,1.76,3.97,4.03
2023,2023-04-10,Moss,Start,0,0,X,3.31,3.70,2.03
2023,2023-04-10,Sandnes Ulf,Skeid,4,1,1,2.12,3.68,3.16
2023,2023-04-15,Ranheim,Bryne,2,1,1,1.73,3.93,4.25
2023,2023-04-15,Sogndal,Sandnes Ulf,1,0,1,1.92,3.91,3.54
2023,2023-04-16,Fredrikstad,Moss,1,1,X,1.68,3.97,4.64
2023,2023-04-16,Kongsvinger,Mjøndalen,2,0,1,1.73,3.84,4.43
2023,2023-04-16,Raufoss,KFUM Oslo,4,0,1,2.55,3.57,2.54
2023,2023-04-16,Skeid,Hødd,1,1,X,2.20,3.37,3.15
2023,2023-04-16,Start,Kristiansund,4,0,1,2.48,3.53,2.65
2023,2023-04-16,Åsane,Jerv,1,2,2,2.23,3.65,2.90
2023,2023-04-22,Hødd,Åsane,1,1,X,2.03,3.64,3.40
2023,2023-04-22,Jerv,Skeid,3,2,1,2.05,3.74,3.23
2023,2023-04-22,Kristiansund,Kongsvinger,2,0,1,1.91,3.66,3.76
2023,2023-04-22,Sandnes Ulf,Raufoss,0,0,X,2.29,3.68,2.84
2023,2023-04-23,Bryne,Start,2,2,X,2.76,3.50,2.40
2023,2023-04-23,KFUM Oslo,Ranheim,0,1,2,2.11,3.65,3.16
2023,2023-04-23,Moss,Sogndal,1,2,2,2.49,3.37,2.74
2023,2023-04-24,Mjøndalen,Fredrikstad,0,1,2,2.98,3.48,2.25
2023,2023-04-29,Mjøndalen,Kristiansund,1,3,2,3.83,3.73,1.87
2023,2023-04-29,Ranheim,Skeid,0,4,2,1.84,3.94,3.75
2023,2023-04-29,Sogndal,Bryne,2,2,X,2.02,3.71,3.37
2023,2023-04-30,Fredrikstad,Sandnes Ulf,0,0,X,1.69,4.04,4.39
2023,2023-04-30,Kongsvinger,Hødd,0,3,2,1.84,3.49,4.18
2023,2023-04-30,Moss,Jerv,2,1,1,2.86,3.37,2.38
2023,2023-04-30,Start,Raufoss,1,3,2,2.13,3.67,3.05
2023,2023-04-30,Åsane,KFUM Oslo,1,1,X,2.45,3.55,2.62
2023,2023-05-03,Bryne,Fredrikstad,0,0,X,2.75,3.45,2.42
2023,2023-05-03,Hødd,Ranheim,0,0,X,2.15,3.59,3.10
2023,2023-05-03,Jerv,Mjøndalen,2,3,2,1.91,3.61,3.78
2023,2023-05-03,KFUM Oslo,Start,2,2,X,2.23,3.71,2.87
2023,2023-05-03,Kristiansund,Sogndal,2,1,1,1.65,4.38,4.30
2023,2023-05-03,Raufoss,Åsane,0,0,X,1.73,3.97,4.28
2023,2023-05-03,Sandnes Ulf,Kongsvinger,1,2,2,2.38,3.48,2.81
2023,2023-05-03,Skeid,Moss,2,2,X,2.06,3.65,3.24
2023,2023-05-06,Kristiansund,Bryne,3,1,1,1.56,4.31,4.99
2023,2023-05-06,Mjøndalen,KFUM Oslo,2,2,X,2.66,3.50,2.49
2023,2023-05-06,Ranheim,Åsane,3,2,1,1.79,4.00,3.81
2023,2023-05-06,Sogndal,Raufoss,2,1,1,2.11,3.58,3.13
2023,2023-05-07,Fredrikstad,Skeid,0,0,X,1.71,3.81,4.52
2023,2023-05-07,Kongsvinger,Jerv,2,1,1,1.84,3.75,3.86
2023,2023-05-07,Moss,Sandnes Ulf,1,0,1,2.22,3.50,2.99
2023,2023-05-07,Start,Hødd,4,2,1,1.96,3.47,3.66
2023,2023-05-12,Sandnes Ulf,Kristiansund,1,1,X,3.29,3.73,2.01
2023,2023-05-13,Bryne,Mjøndalen,2,1,1,1.76,3.74,4.35
2023,2023-05-13,Hødd,Moss,1,1,X,2.16,3.30,3.37
2023,2023-05-13,Jerv,Fredrikstad,1,1,X,3.17,3.50,2.15
2023,2023-05-13,KFUM Oslo,Kongsvinger,2,0,1,2.18,3.57,3.03
2023,2023-05-13,Raufoss,Ranheim,0,0,X,2.37,3.44,2.83
2023,2023-05-13,Skeid,Start,1,4,2,2.54,3.65,2.50
2023,2023-05-13,Åsane,Sogndal,2,3,2,2.86,3.70,2.23
2023,2023-05-16,Bryne,Jerv,0,0,X,2.12,3.52,3.21
2023,2023-05-16,Fredrikstad,KFUM Oslo,1,0,1,2.00,3.49,3.55
2023,2023-05-16,Kongsvinger,Skeid,5,0,1,2.02,3.56,3.43
2023,2023-05-16,Kristiansund,Ranheim,3,2,1,1.71,3.86,4.42
2023,2023-05-16,Mjøndalen,Raufoss,3,0,1,2.84,3.38,2.38
2023,2023-05-16,Moss,Åsane,1,0,1,2.03,3.54,3.42
2023,2023-05-16,Sogndal,Hødd,1,0,1,1.78,3.65,4.27
2023,2023-05-16,Start,Sandnes Ulf,3,3,X,1.67,4.20,4.29
2023,2023-05-20,Sandnes Ulf,Bryne,2,0,1,2.50,3.45,2.67
2023,2023-05-21,Hødd,Fredrikstad,1,1,X,2.65,3.03,2.79
2023,2023-05-21,Jerv,Kristiansund,1,1,X,3.13,3.53,2.14
2023,2023-05-21,KFUM Oslo,Moss,4,2,1,1.98,3.50,3.64
2023,2023-05-21,Ranheim,Sogndal,2,0,1,2.29,3.58,2.85
2023,2023-05-21,Raufoss,Kongsvinger,1,2,2,2.75,3.32,2.48
2023,2023-05-21,Skeid,Mjøndalen,0,2,2,1.91,3.75,3.58
2023,2023-05-21,Åsane,Start,2,2,X,3.23,3.71,2.05
2023,2023-05-29,Bryne,KFUM Oslo,0,1,2,2.68,3.33,2.55
2023,2023-05-29,Fredrikstad,Åsane,2,1,1,1.79,3.75,4.21
2023,2023-05-29,Jerv,Hødd,2,1,1,1.83,3.56,4.15
2023,2023-05-29,Kongsvinger,Sogndal,1,0,1,2.04,3.59,3.38
2023,2023-05-29,Kristiansund,Skeid,2,2,X,1.55,4.56,4.96
2023,2023-05-29,Mjøndalen,Sandnes Ulf,1,3,2,2.42,3.57,2.69
2023,2023-05-29,Moss,Raufoss,1,0,1,2.25,3.38,3.07
2023,2023-05-29,Start,Ranheim,2,1,1,1.95,3.93,3.36
2023,2023-06-04,Hødd,Mjøndalen,1,2,2,2.18,3.37,3.23
2023,2023-06-04,KFUM Oslo,Kristiansund,2,0,1,2.34,3.57,2.81
2023,2023-06-04,Ranheim,Moss,2,1,1,1.85,3.73,3.90
2023,2023-06-04,Raufoss,Fredrikstad,1,1,X,2.76,3.11,2.62
2023,2023-06-04,Sandnes Ulf,Jerv,2,3,2,2.28,3.54,2.92
2023,2023-06-04,Skeid,Bryne,2,0,1,1.85,3.73,3.87
2023,2023-06-04,Sogndal,Start,2,1,1,1.86,3.95,3.58
2023,2023-06-04,Åsane,Kongsvinger,1,2,2,2.66,3.55,2.44
2023,2023-06-10,Jerv,Raufoss,1,0,1,2.15,3.40,3.31
2023,2023-06-10,Kristiansund,Moss,4,1,1,1.77,3.77,4.31
2023,2023-06-10,Mjøndalen,Sogndal,0,0,X,2.92,3.56,2.28
2023,2023-06-11,Bryne,Åsane,1,2,2,2.26,3.53,2.96
2023,2023-06-11,Fredrikstad,Start,3,1,1,1.96,3.66,3.56
2023,2023-06-11,Kongsvinger,Ranheim,3,0,1,1.72,4.05,4.36
2023,2023-06-11,Sandnes Ulf,Hødd,1,3,2,1.66,3.92,4.73
2023,2023-06-11,Skeid,KFUM Oslo,0,4,2,2.92,3.52,2.29
2023,2023-06-23,Start,Jerv,2,1,1,1.81,4.21,3.64
2023,2023-06-24,Hødd,Bryne,0,1,2,2.30,3.17,3.17
2023,2023-06-24,Ranheim,Mjøndalen,2,3,2,2.03,3.79,3.23
2023,2023-06-24,Sogndal,Fredrikstad,0,1,2,2.19,3.29,3.29
2023,2023-06-25,KFUM Oslo,Sandnes Ulf,3,1,1,1.49,4.53,5.74
2023,2023-06-25,Moss,Kongsvinger,0,1,2,2.92,3.55,2.27
2023,2023-06-25,Raufoss,Skeid,1,0,1,1.91,3.76,3.74
2023,2023-06-25,Åsane,Kristiansund,2,2,X,3.37,3.86,1.96
2023,2023-07-01,Jerv,KFUM Oslo,4,3,1,3.13,3.59,2.15
2023,2023-07-01,Kristiansund,Hødd,4,0,1,1.46,4.64,6.18
2023,2023-07-01,Mjøndalen,Moss,1,2,2,2.38,3.61,2.73
2023,2023-07-01,Sandnes Ulf,Åsane,3,3,X,2.16,3.76,2.98
2023,2023-07-01,Skeid,Sogndal,2,4,2,3.13,3.90,2.04
2023,2023-07-02,Bryne,Raufoss,4,1,1,2.58,3.30,2.71
2023,2023-07-02,Fredrikstad,Ranheim,4,0,1,1.67,3.95,4.84
2023,2023-07-02,Kongsvinger,Start,2,1,1,1.72,4.15,4.10
2023,2023-07-08,Hødd,KFUM Oslo,0,1,2,4.06,3.59,1.87
2023,2023-07-08,Ranheim,Sandnes Ulf,0,5,2,2.01,3.82,3.33
2023,2023-07-08,Raufoss,Kristiansund,3,2,1,3.07,3.66,2.14
2023,2023-07-08,Sogndal,Jerv,5,1,1,1.50,4.51,5.58
2023,2023-07-08,Start,Mjøndalen,3,0,1,1.70,4.23,4.15
2023,2023-07-09,Fredrikstad,Kongsvinger,1,1,X,2.18,3.35,3.28
2023,2023-07-09,Moss,Bryne,2,1,1,2.00,3.53,3.59
2023,2023-07-09,Åsane,Skeid,0,0,X,1.87,3.97,3.60
2023,2023-08-04,Skeid,Fredrikstad,1,2,2,4.61,3.64,1.75
2023,2023-08-05,Jerv,Moss,1,1,X,2.27,3.58,2.93
2023,2023-08-05,Kristiansund,Start,1,1,X,2.15,3.54,3.17
2023,2023-08-05,Mjøndalen,Hødd,3,0,1,2.28,3.41,3.04
2023,2023-08-06,Bryne,Ranheim,1,0,1,1.81,4.00,3.80
2023,2023-08-06,KFUM Oslo,Åsane,2,1,1,1.43,4.80,6.28
2023,2023-08-06,Kongsvinger,Raufoss,1,3,2,1.44,4.58,6.44
2023,2023-08-06,Sandnes Ulf,Sogndal,1,2,2,2.63,3.80,2.38
2023,2023-08-09,Fredrikstad,Bryne,2,1,1,1.54,3.93,6.20
2023,2023-08-09,Moss,KFUM Oslo,0,1,2,3.08,3.47,2.22
2023,2023-08-09,Ranheim,Kongsvinger,1,4,2,3.21,3.64,2.10
2023,2023-08-09,Raufoss,Jerv,2,3,2,2.05,3.54,3.40
2023,2023-08-09,Start,Skeid,3,0,1,1.45,4.77,6.09
2023,2023-08-09,Åsane,Mjøndalen,3,2,1,1.97,3.82,3.42
2023,2023-08-13,Bryne,Hødd,2,1,1,1.98,3.38,3.84
2023,2023-08-13,KFUM Oslo,Fredrikstad,2,1,1,2.53,3.19,2.86
2023,2023-08-13,Kongsvinger,Åsane,3,1,1,1.49,4.54,5.77
2023,2023-08-13,Kristiansund,Jerv,3,1,1,1.56,4.60,4.89
2023,2023-08-13,Mjøndalen,Ranheim,1,2,2,2.09,3.79,3.17
2023,2023-08-13,Sandnes Ulf,Moss,2,0,1,2.13,3.63,3.17
2023,2023-08-13,Skeid,Raufoss,1,2,2,2.95,3.48,2.31
2023,2023-08-13,Start,Sogndal,2,0,1,2.28,3.75,2.81
2023,2023-08-19,Hødd,Skeid,2,0,1,1.73,3.62,4.77
2023,2023-08-19,Jerv,Sandnes Ulf,0,2,2,2.20,3.92,2.84
2023,2023-08-19,Ranheim,KFUM Oslo,4,2,1,3.58,3.58,2.00
2023,2023-08-19,Sogndal,Kongsvinger,3,3,X,2.19,3.59,3.06
2023,2023-08-20,Fredrikstad,Kristiansund,4,1,1,1.84,3.65,4.06
2023,2023-08-20,Moss,Mjøndalen,4,1,1,2.02,3.60,3.49
2023,2023-08-20,Raufoss,Start,2,1,1,2.37,3.56,2.80
2023,2023-08-20,Åsane,Bryne,2,1,1,2.13,3.63,3.13
2023,2023-08-23,Bryne,Moss,3,1,1,2.07,3.57,3.31
2023,2023-08-23,KFUM Oslo,Hødd,0,1,2,1.49,4.33,6.27
2023,2023-08-23,Kongsvinger,Fredrikstad,1,2,2,2.57,3.29,2.68
2023,2023-08-23,Kristiansund,Sandnes Ulf,0,1,2,1.63,4.36,4.52
2023,2023-08-23,Mjøndalen,Jerv,2,2,X,2.29,3.55,2.94
2023,2023-08-23,Raufoss,Sogndal,3,0,1,2.77,3.66,2.35
2023,2023-08-23,Skeid,Ranheim,0,1,2,2.70,3.74,2.36
2023,2023-08-23,Start,Åsane,1,0,1,1.61,4.32,4.70
2023,2023-08-27,Fredrikstad,Hødd,1,0,1,1.37,4.41,9.54
2023,2023-08-27,Jerv,Bryne,1,3,2,2.12,3.87,3.03
2023,2023-08-27,Kongsvinger,KFUM Oslo,1,1,X,2.22,3.67,2.95
2023,2023-08-27,Ranheim,Start,0,0,X,2.76,3.73,2.30
2023,2023-08-27,Sandnes Ulf,Mjøndalen,1,0,1,1.98,3.87,3.33
2023,2023-08-27,Sogndal,Skeid,2,0,1,1.24,6.49,9.63
2023,2023-08-27,Åsane,Raufoss,3,1,1,2.43,3.64,2.64
2023,2023-08-28,Moss,Kristiansund,0,3,2,2.96,3.74,2.19
2023,2023-09-01,Skeid,Åsane,1,3,2,3.23,3.77,2.07
2023,2023-09-02,Hødd,Kongsvinger,2,1,1,3.06,3.44,2.26
2023,2023-09-02,Kristiansund,Mjøndalen,0,0,X,1.50,4.54,5.68
2023,2023-09-02,Sogndal,Ranheim,1,2,2,1.51,4.60,5.40
2023,2023-09-03,Bryne,Sandnes Ulf,3,0,1,2.02,3.73,3.41
2023,2023-09-03,KFUM Oslo,Jerv,6,2,1,1.50,4.63,5.65
2023,2023-09-03,Raufoss,Moss,1,1,X,1.89,3.68,3.88
2023,2023-09-03,Start,Fredrikstad,2,2,X,3.44,3.56,2.06
2023,2023-09-15,Ranheim,Raufoss,1,3,2,2.34,3.70,2.75
2023,2023-09-16,Jerv,Start,0,1,2,3.03,3.82,2.14
2023,2023-09-16,Sandnes Ulf,KFUM Oslo,1,2,2,3.76,3.69,1.90
2023,2023-09-17,Fredrikstad,Sogndal,2,1,1,1.89,3.65,3.89
2023,2023-09-17,Kongsvinger,Kristiansund,1,1,X,1.94,3.70,3.60
2023,2023-09-17,Mjøndalen,Bryne,2,1,1,2.17,3.62,3.06
2023,2023-09-17,Moss,Skeid,3,0,1,1.49,4.36,6.30
2023,2023-09-17,Åsane,Hødd,1,0,1,2.15,3.50,3.23
2023,2023-09-23,Hødd,Jerv,2,2,X,1.88,3.75,3.85
2023,2023-09-23,Ranheim,Fredrikstad,1,2,2,4.10,3.64,1.85
2023,2023-09-23,Skeid,Kongsvinger,1,2,2,6.18,4.50,1.47
2023,2023-09-23,Sogndal,Åsane,1,1,X,1.49,4.81,5.36
2023,2023-09-24,Bryne,Kristiansund,1,1,X,2.22,3.70,2.95
2023,2023-09-24,KFUM Oslo,Mjøndalen,1,0,1,1.57,4.53,4.92
2023,2023-09-24,Raufoss,Sandnes Ulf,1,1,X,1.83,3.94,3.86
2023,2023-09-24,Start,Moss,0,0,X,1.73,4.00,4.24
2023,2023-09-27,Hødd,Sandnes Ulf,1,1,X,1.99,3.55,3.65
2023,2023-09-30,Jerv,Sogndal,1,3,2,3.47,4.06,1.91
2023,2023-09-30,Kristiansund,KFUM Oslo,0,2,2,2.50,3.71,2.54
2023,2023-09-30,Mjøndalen,Skeid,2,0,1,1.43,4.81,6.40
2023,2023-09-30,Sandnes Ulf,Start,1,0,1,2.89,3.60,2.29
2023,2023-10-01,Fredrikstad,Raufoss,3,0,1,1.50,4.37,5.97
2023,2023-10-01,Kongsvinger,Bryne,1,3,2,1.73,3.98,4.31
2023,2023-10-01,Moss,Hødd,3,0,1,2.09,3.42,3.43
2023,2023-10-01,Åsane,Ranheim,3,0,1,1.98,4.03,3.24
2023,2023-10-04,Sogndal,Kristiansund,2,4,2,1.88,3.82,3.72
2023,2023-10-07,Hødd,Kristiansund,0,1,2,2.40,3.52,2.73
2023,2023-10-07,Raufoss,Mjøndalen,0,0,X,2.06,3.75,3.24
2023,2023-10-07,Skeid,Sandnes Ulf,3,0,1,3.84,3.87,1.83
2023,2023-10-07,Sogndal,Moss,2,1,1,1.60,4.10,4.97
2023,2023-10-08,KFUM Oslo,Bryne,1,0,1,1.67,4.09,4.58
2023,2023-10-08,Ranheim,Jerv,4,2,1,1.95,3.98,3.42
2023,2023-10-08,Start,Kongsvinger,2,1,1,2.31,3.66,2.82
2023,2023-10-08,Åsane,Fredrikstad,0,4,2,3.44,3.61,2.03
2023,2023-10-21,Hødd,Sogndal,2,2,X,2.49,3.56,2.64
2023,2023-10-21,Jerv,Kongsvinger,0,2,2,3.25,3.81,2.03
2023,2023-10-21,Kristiansund,Åsane,4,1,1,1.70,4.20,4.28
2023,2023-10-21,Mjøndalen,Start,2,0,1,2.41,3.48,2.81
2023,2023-10-21,Sandnes Ulf,Fredrikstad,2,3,2,4.58,3.94,1.70
2023,2023-10-22,Bryne,Skeid,1,0,1,1.33,5.46,8.01
2023,2023-10-22,KFUM Oslo,Raufoss,0,0,X,1.51,4.30,6.00
2023,2023-10-22,Moss,Ranheim,0,1,2,1.87,3.87,3.69
2023,2023-10-28,Ranheim,Kristiansund,0,2,2,2.99,3.77,2.15
2023,2023-10-28,Skeid,Jerv,0,1,2,4.03,4.19,1.75
2023,2023-10-28,Sogndal,KFUM Oslo,0,3,2,2.30,3.65,2.80
2023,2023-10-29,Fredrikstad,Mjøndalen,1,2,2,1.46,4.40,6.51
2023,2023-10-29,Kongsvinger,Sandnes Ulf,4,0,1,1.49,4.56,5.51
2023,2023-10-29,Raufoss,Hødd,0,1,2,2.56,3.41,2.60
2023,2023-10-29,Start,Bryne,2,0,1,1.92,3.72,3.59
2023,2023-10-29,Åsane,Moss,2,1,1,2.12,3.60,3.17
2023,2023-11-05,Bryne,Sogndal,2,1,1,2.38,3.62,2.73
2023,2023-11-05,Hødd,Start,2,1,1,2.15,3.52,3.19
2023,2023-11-05,Jerv,Åsane,0,0,X,2.34,3.76,2.71
2023,2023-11-05,KFUM Oslo,Skeid,1,0,1,1.15,8.08,14.72
2023,2023-11-05,Kristiansund,Raufoss,1,2,2,1.43,4.85,6.38
2023,2023-11-05,Mjøndalen,Kongsvinger,2,3,2,3.14,3.62,2.14
2023,2023-11-05,Moss,Fredrikstad,2,2,X,3.21,3.46,2.17
2023,2023-11-05,Sandnes Ulf,Ranheim,3,2,1,1.91,4.07,3.42
2023,2023-11-12,Fredrikstad,Jerv,1,0,1,1.47,4.61,5.94
2023,2023-11-12,Kongsvinger,Moss,1,2,2,1.86,3.80,3.83
2023,2023-11-12,Ranheim,Hødd,0,0,X,4.54,4.35,1.62
2023,2023-11-12,Raufoss,Bryne,0,1,2,3.07,3.73,2.13
2023,2023-11-12,Skeid,Kristiansund,0,5,2,6.36,5.13,1.40
2023,2023-11-12,Sogndal,Mjøndalen,1,1,X,1.38,5.01,7.23
2023,2023-11-12,Start,KFUM Oslo,1,1,X,1.68,4.15,4.37
2023,2023-11-12,Åsane,Sandnes Ulf,2,0,1,1.40,5.25,6.84
2024,2024-04-01,Aalesund,Stabæk,1,1,X,2.35,3.51,2.74
2024,2024-04-01,Bryne,Start,3,1,1,1.95,3.60,3.47
2024,2024-04-01,Kongsvinger,Ranheim,2,1,1,1.75,3.90,4.04
2024,2024-04-01,Mjøndalen,Raufoss,1,1,X,2.14,3.36,3.25
2024,2024-04-01,Moss,Lyn,3,0,1,2.64,3.38,2.49
2024,2024-04-01,Sandnes Ulf,Egersund,3,4,2,2.52,3.71,2.46
2024,2024-04-01,Vålerenga,Sogndal,1,1,X,1.41,4.70,6.45
2024,2024-04-01,Åsane,Levanger,2,2,X,2.41,3.55,2.63
2024,2024-04-06,Levanger,Moss,5,0,1,2.11,3.50,3.26
2024,2024-04-06,Ranheim,Sandnes Ulf,3,1,1,1.56,4.52,4.88
2024,2024-04-06,Raufoss,Vålerenga,1,2,2,6.07,4.09,1.51
2024,2024-04-06,Sogndal,Mjøndalen,3,1,1,1.68,3.99,4.53
2024,2024-04-06,Stabæk,Bryne,1,0,1,2.02,3.76,3.27
2024,2024-04-06,Start,Aalesund,1,3,2,2.55,3.54,2.52
2024,2024-04-07,Lyn,Kongsvinger,1,1,X,2.61,3.54,2.49
2024,2024-04-14,Vålerenga,Stabæk,1,3,2,1.55,4.16,5.41
2024,2024-04-15,Aalesund,Lyn,0,3,2,1.63,3.96,5.04
2024,2024-04-15,Bryne,Levanger,0,1,2,2.11,3.64,3.14
2024,2024-04-15,Kongsvinger,Egersund,3,3,X,1.65,4.17,4.60
2024,2024-04-15,Mjøndalen,Start,1,1,X,2.84,3.71,2.24
2024,2024-04-15,Moss,Ranheim,2,1,1,2.39,3.68,2.66
2024,2024-04-15,Sandnes Ulf,Raufoss,2,0,1,2.75,3.34,2.47
2024,2024-04-15,Åsane,Sogndal,1,1,X,2.58,3.71,2.45
2024,2024-04-20,Egersund,Aalesund,3,1,1,2.29,3.66,2.71
2024,2024-04-20,Levanger,Kongsvinger,1,2,2,2.46,3.67,2.55
2024,2024-04-20,Lyn,Vålerenga,1,1,X,4.66,3.97,1.64
2024,2024-04-20,Ranheim,Åsane,2,2,X,1.64,4.24,4.44
2024,2024-04-20,Raufoss,Bryne,0,1,2,2.67,3.35,2.54
2024,2024-04-20,Sogndal,Moss,1,0,1,2.01,3.63,3.38
2024,2024-04-20,Start,Sandnes Ulf,1,1,X,1.70,4.13,4.00
2024,2024-04-27,Aalesund,Raufoss,1,4,2,1.98,3.76,3.38
2024,2024-04-27,Bryne,Sogndal,1,0,1,1.96,3.66,3.47
2024,2024-04-27,Kongsvinger,Start,3,0,1,1.58,4.17,4.90
2024,2024-04-27,Moss,Egersund,1,2,2,2.30,3.61,2.73
2024,2024-04-27,Sandnes Ulf,Levanger,2,2,X,3.16,3.71,2.05
2024,2024-04-27,Åsane,Stabæk,2,2,X,2.99,3.84,2.07
2024,2024-04-28,Lyn,Ranheim,1,1,X,2.45,3.25,2.80
2024,2024-04-28,Mjøndalen,Vålerenga,5,3,1,5.62,4.22,1.52
2024,2024-05-04,Egersund,Lyn,1,1,X,2.11,3.71,3.02
2024,2024-05-04,Levanger,Sogndal,0,0,X,1.89,3.87,3.49
2024,2024-05-04,Mjøndalen,Aalesund,1,1,X,2.30,3.82,2.74
2024,2024-05-04,Raufoss,Åsane,1,0,1,1.96,3.55,3.68
2024,2024-05-04,Sandnes Ulf,Moss,3,3,X,2.43,3.76,2.56
2024,2024-05-04,Stabæk,Kongsvinger,5,0,1,2.85,3.78,2.27
2024,2024-05-04,Start,Ranheim,0,0,X,2.23,3.61,2.85
2024,2024-05-04,Vålerenga,Bryne,1,0,1,1.77,3.81,4.17
2024,2024-05-11,Aalesund,Vålerenga,0,2,2,3.46,3.78,1.95
2024,2024-05-11,Bryne,Mjøndalen,1,0,1,1.54,4.16,5.42
2024,2024-05-11,Kongsvinger,Raufoss,1,1,X,1.68,3.92,4.49
2024,2024-05-11,Lyn,Levanger,3,1,1,2.34,3.43,2.86
2024,2024-05-11,Moss,Stabæk,3,3,X,3.08,3.60,2.15
2024,2024-05-11,Ranheim,Egersund,1,3,2,2.15,3.67,2.97
2024,2024-05-11,Sogndal,Sandnes Ulf,5,1,1,1.72,3.89,4.27
2024,2024-05-11,Åsane,Start,1,0,1,2.53,3.50,2.56
2024,2024-05-16,Aalesund,Sogndal,0,2,2,2.40,3.49,2.73
2024,2024-05-16,Levanger,Ranheim,2,2,X,2.08,3.61,3.19
2024,2024-05-16,Mjøndalen,Åsane,2,1,1,2.08,3.64,3.21
2024,2024-05-16,Raufoss,Moss,0,2,2,2.17,3.43,3.12
2024,2024-05-16,Sandnes Ulf,Bryne,2,1,1,3.91,3.98,1.77
2024,2024-05-16,Stabæk,Lyn,2,2,X,2.14,3.75,2.97
2024,2024-05-16,Start,Egersund,4,3,1,2.69,3.60,2.38
2024,2024-05-16,Vålerenga,Kongsvinger,0,2,2,1.93,3.78,3.47
2024,2024-05-21,Moss,Start,2,1,1,1.96,3.66,3.48
2024,2024-05-22,Bryne,Aalesund,2,0,1,1.58,4.13,5.07
2024,2024-05-22,Egersund,Levanger,2,2,X,2.24,3.56,2.89
2024,2024-05-22,Kongsvinger,Mjøndalen,3,2,1,1.59,4.35,4.62
2024,2024-05-22,Ranheim,Stabæk,3,0,1,2.36,3.79,2.59
2024,2024-05-22,Sogndal,Raufoss,1,1,X,1.71,3.85,4.42
2024,2024-05-22,Åsane,Vålerenga,1,5,2,3.95,3.83,1.79
2024,2024-05-23,Lyn,Sandnes Ulf,5,0,1,1.56,4.29,4.96
2024,2024-05-26,Vålerenga,Levanger,3,1,1,1.72,3.92,4.24
2024,2024-05-27,Aalesund,Åsane,4,1,1,1.81,3.87,3.81
2024,2024-05-27,Bryne,Ranheim,3,2,1,1.82,3.81,3.85
2024,2024-05-27,Mjøndalen,Moss,1,2,2,2.52,3.50,2.57
2024,2024-05-27,Raufoss,Lyn,1,0,1,2.51,3.50,2.59
2024,2024-05-27,Sandnes Ulf,Kongsvinger,0,2,2,4.33,4.92,1.57
2024,2024-05-27,Stabæk,Egersund,4,5,2,2.10,4.06,2.86
2024,2024-05-28,Start,Sogndal,2,1,1,2.62,3.46,2.48
2024,2024-05-31,Lyn,Mjøndalen,1,1,X,1.71,4.04,4.20
2024,2024-06-01,Egersund,Raufoss,1,2,2,1.81,3.86,3.85
2024,2024-06-01,Kongsvinger,Bryne,3,1,1,1.96,3.78,3.41
2024,2024-06-01,Levanger,Start,1,1,X,1.76,3.85,4.15
2024,2024-06-01,Moss,Aalesund,1,0,1,1.71,4.11,4.13
2024,2024-06-01,Ranheim,Vålerenga,1,3,2,3.29,3.70,2.02
2024,2024-06-01,Sogndal,Stabæk,2,3,2,2.18,3.71,2.90
2024,2024-06-01,Åsane,Sandnes Ulf,1,0,1,1.97,3.70,3.44
2024,2024-06-05,Egersund,Åsane,1,0,1,1.59,4.58,4.51
2024,2024-06-09,Aalesund,Kongsvinger,4,4,X,3.20,3.77,2.03
2024,2024-06-09,Bryne,Åsane,1,0,1,1.48,4.49,5.84
2024,2024-06-09,Mjøndalen,Ranheim,3,3,X,2.54,3.62,2.52
2024,2024-06-09,Sogndal,Egersund,2,2,X,1.95,3.95,3.29
2024,2024-06-09,Start,Lyn,1,4,2,2.95,3.68,2.19
2024,2024-06-09,Vålerenga,Moss,5,1,1,1.66,4.15,4.43
2024,2024-06-12,Stabæk,Mjøndalen,4,2,1,1.74,4.26,3.86
2024,2024-06-16,Egersund,Vålerenga,1,1,X,3.20,3.98,1.97
2024,2024-06-16,Kongsvinger,Åsane,0,5,2,1.38,4.98,6.77
2024,2024-06-16,Levanger,Aalesund,4,0,1,1.84,3.93,3.71
2024,2024-06-16,Lyn,Sogndal,1,2,2,2.19,3.65,2.95
2024,2024-06-16,Moss,Bryne,1,0,1,2.35,3.41,2.86
2024,2024-06-16,Ranheim,Raufoss,1,0,1,1.83,3.77,3.88
2024,2024-06-16,Sandnes Ulf,Mjøndalen,2,3,2,2.30,3.93,2.60
2024,2024-06-16,Start,Stabæk,4,3,1,2.55,3.96,2.35
2024,2024-06-22,Sogndal,Kongsvinger,2,0,1,2.42,3.67,2.61
2024,2024-06-23,Aalesund,Ranheim,1,2,2,2.45,3.86,2.48
2024,2024-06-23,Bryne,Lyn,5,3,1,2.10,3.53,3.21
2024,2024-06-23,Mjøndalen,Egersund,0,3,2,2.57,3.96,2.33
2024,2024-06-23,Raufoss,Start,2,1,1,2.28,3.39,2.96
2024,2024-06-23,Stabæk,Levanger,1,0,1,2.19,3.87,2.82
2024,2024-06-23,Vålerenga,Sandnes Ulf,8,0,1,1.18,7.39,10.99
2024,2024-06-23,Åsane,Moss,1,4,2,2.70,3.40,2.46
2024,2024-07-20,Egersund,Bryne,0,2,2,2.82,3.39,2.41
2024,2024-07-20,Lyn,Åsane,3,1,1,1.51,4.39,5.42
2024,2024-07-20,Moss,Kongsvinger,1,0,1,2.48,3.52,2.60
2024,2024-07-20,Ranheim,Sogndal,3,0,1,2.02,3.70,3.25
2024,2024-07-20,Raufoss,Stabæk,0,0,X,3.18,3.78,2.03
2024,2024-07-20,Start,Vålerenga,1,2,2,5.66,4.82,1.45
2024,2024-07-23,Raufoss,Levanger,0,3,2,3.02,3.41,2.24
2024,2024-07-27,Aalesund,Egersund,2,3,2,2.20,3.84,2.82
2024,2024-07-27,Bryne,Sandnes Ulf,1,1,X,1.32,5.25,8.27
2024,2024-07-27,Kongsvinger,Levanger,3,3,X,2.03,3.75,3.20
2024,2024-07-27,Mjøndalen,Lyn,1,2,2,3.39,3.89,1.92
2024,2024-07-27,Sogndal,Start,4,0,1,1.67,4.04,4.43
2024,2024-07-27,Stabæk,Moss,1,4,2,2.12,3.80,2.97
2024,2024-07-27,Åsane,Raufoss,0,0,X,2.14,3.50,3.13
2024,2024-07-29,Vålerenga,Ranheim,3,1,1,1.37,5.10,6.69
2024,2024-07-31,Stabæk,Sandnes Ulf,3,0,1,1.43,5.23,5.47
2024,2024-08-03,Egersund,Sogndal,0,2,2,2.03,3.62,3.29
2024,2024-08-03,Levanger,Bryne,0,1,2,2.15,3.55,3.08
2024,2024-08-03,Moss,Vålerenga,0,2,2,3.31,3.48,2.08
2024,2024-08-03,Ranheim,Kongsvinger,2,2,X,2.09,3.69,3.09
2024,2024-08-03,Raufoss,Aalesund,0,2,2,2.83,3.48,2.32
2024,2024-08-03,Sandnes Ulf,Åsane,0,3,2,2.55,3.65,2.47
2024,2024-08-03,Start,Mjøndalen,1,0,1,1.92,3.96,3.38
2024,2024-08-04,Lyn,Stabæk,7,1,1,1.92,4.08,3.24
2024,2024-08-10,Aalesund,Moss,1,0,1,2.26,3.83,2.74
2024,2024-08-10,Mjøndalen,Sandnes Ulf,0,1,2,1.94,3.88,3.38
2024,2024-08-10,Sogndal,Levanger,1,1,X,1.93,3.75,3.51
2024,2024-08-10,Stabæk,Ranheim,3,0,1,2.32,4.18,2.51
2024,2024-08-10,Åsane,Bryne,2,5,2,3.32,3.62,2.04
2024,2024-08-11,Egersund,Start,3,2,1,1.69,4.18,4.15
2024,2024-08-11,Kongsvinger,Lyn,1,1,X,2.04,3.95,3.05
2024,2024-08-11,Vålerenga,Raufoss,3,0,1,1.20,6.66,11.41
2024,2024-08-14,Levanger,Mjøndalen,1,1,X,1.57,4.37,4.82
2024,2024-08-14,Sandnes Ulf,Aalesund,0,2,2,3.31,3.66,2.03
2024,2024-08-18,Levanger,Vålerenga,1,4,2,4.85,4.28,1.58
2024,2024-08-19,Bryne,Kongsvinger,1,1,X,2.26,3.61,2.82
2024,2024-08-19,Lyn,Start,2,2,X,1.52,4.75,4.85
2024,2024-08-19,Moss,Sogndal,3,0,1,2.33,3.34,2.91
2024,2024-08-19,Ranheim,Mjøndalen,0,1,2,1.55,4.41,4.95
2024,2024-08-19,Raufoss,Egersund,4,1,1,3.25,3.66,2.03
2024,2024-08-19,Sandnes Ulf,Stabæk,1,3,2,3.60,4.39,1.76
2024,2024-08-20,Åsane,Aalesund,2,0,1,3.10,3.69,2.09
2024,2024-08-24,Vålerenga,Lyn,4,2,1,1.42,4.76,6.22
2024,2024-08-25,Sogndal,Ranheim,0,2,2,2.12,3.67,3.04
2024,2024-08-26,Aalesund,Bryne,1,2,2,2.19,3.62,2.97
2024,2024-08-26,Egersund,Moss,3,2,1,2.27,3.61,2.83
2024,2024-08-26,Mjøndalen,Levanger,2,0,1,2.79,3.55,2.30
2024,2024-08-26,Stabæk,Åsane,1,1,X,1.45,4.98,5.42
2024,2024-08-26,Start,Raufoss,1,2,2,1.88,3.82,3.61
2024,2024-08-27,Kongsvinger,Sandnes Ulf,1,0,1,1.23,6.18,10.29
2024,2024-09-01,Bryne,Stabæk,3,0,1,1.92,3.78,3.44
2024,2024-09-01,Lyn,Aalesund,0,0,X,1.78,3.86,3.98
2024,2024-09-01,Moss,Mjøndalen,1,0,1,1.74,3.88,4.08
2024,2024-09-01,Sandnes Ulf,Vålerenga,0,2,2,9.04,5.81,1.26
2024,2024-09-02,Levanger,Egersund,2,1,1,2.26,3.74,2.75
2024,2024-09-02,Ranheim,Start,2,3,2,1.60,4.02,4.78
2024,2024-09-02,Raufoss,Sogndal,4,1,1,2.85,3.32,2.36
2024,2024-09-02,Åsane,Kongsvinger,2,1,1,3.67,3.78,1.85
2024,2024-09-15,Sogndal,Lyn,0,1,2,2.54,3.56,2.50
2024,2024-09-16,Aalesund,Sandnes Ulf,2,0,1,1.36,5.06,6.87
2024,2024-09-16,Egersund,Ranheim,0,2,2,2.19,3.69,2.85
2024,2024-09-16,Kongsvinger,Moss,0,0,X,2.03,3.63,3.25
2024,2024-09-16,Mjøndalen,Bryne,1,1,X,3.56,3.71,1.90
2024,2024-09-16,Stabæk,Raufoss,1,2,2,1.53,4.49,5.00
2024,2024-09-16,Start,Levanger,1,1,X,2.08,3.67,3.11
2024,2024-09-16,Vålerenga,Åsane,5,0,1,1.17,7.46,11.40
2024,2024-09-21,Bryne,Vålerenga,1,1,X,3.80,3.71,1.85
2024,2024-09-21,Kongsvinger,Aalesund,1,5,2,2.00,3.72,3.23
2024,2024-09-21,Levanger,Raufoss,0,1,2,1.82,3.85,3.75
2024,2024-09-21,Ranheim,Moss,1,0,1,2.48,3.57,2.53
2024,2024-09-21,Sandnes Ulf,Sogndal,1,0,1,3.33,3.71,1.98
2024,2024-09-21,Stabæk,Start,2,3,2,1.87,4.13,3.35
2024,2024-09-21,Åsane,Mjøndalen,5,0,1,2.23,3.60,2.88
2024,2024-09-24,Vålerenga,Aalesund,4,1,1,1.37,4.99,6.90
2024,2024-09-25,Egersund,Stabæk,2,1,1,2.06,4.14,2.90
2024,2024-09-25,Levanger,Lyn,1,3,2,2.95,3.56,2.21
2024,2024-09-25,Mjøndalen,Kongsvinger,1,2,2,2.93,3.73,2.17
2024,2024-09-25,Moss,Sandnes Ulf,6,1,1,1.36,5.17,6.95
2024,2024-09-25,Raufoss,Ranheim,1,1,X,2.67,3.36,2.50
2024,2024-09-25,Sogndal,Bryne,2,3,2,3.17,3.39,2.17
2024,2024-09-25,Start,Åsane,3,1,1,1.94,3.69,3.50
2024,2024-09-28,Aalesund,Mjøndalen,0,1,2,1.58,4.24,5.01
2024,2024-09-28,Bryne,Moss,3,0,1,1.97,3.37,3.75
2024,2024-09-28,Kongsvinger,Vålerenga,2,2,X,4.29,4.00,1.71
2024,2024-09-28,Ranheim,Levanger,1,1,X,1.81,3.88,3.89
2024,2024-09-28,Sandnes Ulf,Start,0,4,2,3.78,3.91,1.82
2024,2024-09-28,Stabæk,Sogndal,2,0,1,1.77,3.92,3.97
2024,2024-09-28,Åsane,Egersund,1,2,2,2.41,3.73,2.60
2024,2024-09-29,Lyn,Raufoss,1,2,2,1.52,4.20,5.77
2024,2024-10-02,Levanger,Stabæk,1,2,2,2.57,3.73,2.45
2024,2024-10-02,Lyn,Egersund,2,1,1,1.61,4.46,4.46
2024,2024-10-02,Raufoss,Sandnes Ulf,1,1,X,1.38,4.82,7.36
2024,2024-10-02,Vålerenga,Mjøndalen,4,2,1,1.30,5.85,7.97
2024,2024-10-05,Sogndal,Aalesund,0,1,2,2.95,3.56,2.24
2024,2024-10-05,Start,Bryne,2,1,1,2.86,3.46,2.33
2024,2024-10-06,Egersund,Kongsvinger,0,1,2,2.49,3.55,2.61
2024,2024-10-06,Moss,Åsane,1,1,X,1.61,4.09,4.96
2024,2024-10-06,Ranheim,Lyn,1,1,X,2.73,3.66,2.34
2024,2024-10-21,Aalesund,Start,3,1,1,1.66,3.96,4.63
2024,2024-10-21,Bryne,Raufoss,1,0,1,1.51,4.28,5.78
2024,2024-10-21,Kongsvinger,Stabæk,1,3,2,2.33,3.83,2.66
2024,2024-10-21,Mjøndalen,Sogndal,0,0,X,2.11,3.43,3.31
2024,2024-10-21,Moss,Levanger,5,1,1,1.67,3.96,4.59
2024,2024-10-21,Sandnes Ulf,Lyn,0,1,2,5.31,4.74,1.49
2024,2024-10-21,Vålerenga,Egersund,4,0,1,1.37,5.42,6.49
2024,2024-10-21,Åsane,Ranheim,1,2,2,2.42,3.48,2.58
2024,2024-10-25,Stabæk,Vålerenga,1,2,2,2.71,3.95,2.25
2024,2024-10-26,Egersund,Mjøndalen,3,1,1,1.86,4.02,3.57
2024,2024-10-26,Levanger,Sandnes Ulf,4,0,1,1.44,5.22,5.64
2024,2024-10-26,Lyn,Bryne,1,0,1,2.37,3.43,2.83
2024,2024-10-26,Ranheim,Aalesund,0,1,2,2.53,3.43,2.61
2024,2024-10-26,Raufoss,Kongsvinger,1,1,X,3.21,3.46,2.15
2024,2024-10-26,Sogndal,Åsane,0,2,2,2.33,3.51,2.85
2024,2024-10-26,Start,Moss,1,1,X,2.83,3.58,2.29
2024,2024-11-02,Aalesund,Levanger,4,3,1,1.61,4.05,4.98
2024,2024-11-02,Bryne,Egersund,2,1,1,1.78,3.66,4.30
2024,2024-11-02,Kongsvinger,Sogndal,0,1,2,1.63,3.94,4.95
2024,2024-11-02,Mjøndalen,Stabæk,3,0,1,3.32,3.95,1.95
2024,2024-11-02,Moss,Raufoss,3,2,1,1.62,3.86,5.25
2024,2024-11-02,Sandnes Ulf,Ranheim,2,6,2,4.38,4.07,1.69
2024,2024-11-02,Vålerenga,Start,1,1,X,1.45,5.12,5.50
2024,2024-11-02,Åsane,Lyn,3,2,1,2.97,3.54,2.23
2024,2024-11-09,Egersund,Sandnes Ulf,3,1,1,1.23,6.64,9.56
2024,2024-11-09,Levanger,Åsane,2,3,2,1.54,4.48,5.06
2024,2024-11-09,Lyn,Moss,1,2,2,1.70,4.03,4.30
2024,2024-11-09,Ranheim,Bryne,1,4,2,2.04,3.82,3.14
2024,2024-11-09,Raufoss,Mjøndalen,0,1,2,2.41,3.86,2.53
2024,2024-11-09,Sogndal,Vålerenga,0,3,2,4.58,4.31,1.62
2024,2024-11-09,Stabæk,Aalesund,1,4,2,1.73,4.68,3.66
2024,2024-11-09,Start,Kongsvinger,1,4,2,3.00,3.70,2.15
2025,2025-03-31,Aalesund,Lillestrøm,2,2,X,2.70,3.36,2.47
2025,2025-03-31,Egersund,Mjøndalen,3,2,1,1.61,4.20,4.65
2025,2025-03-31,Kongsvinger,Åsane,1,1,X,1.69,3.95,4.43
2025,2025-03-31,Odd,Skeid,2,1,1,1.59,3.93,5.28
2025,2025-03-31,Ranheim,Lyn,0,3,2,2.35,3.51,2.74
2025,2025-03-31,Stabæk,Hødd,1,1,X,1.71,3.92,4.26
2025,2025-03-31,Start,Sogndal,2,1,1,1.85,3.78,3.69
2025,2025-04-01,Raufoss,Moss,3,2,1,2.97,3.32,2.29
2025,2025-04-05,Hødd,Kongsvinger,0,2,2,3.17,3.39,2.15
2025,2025-04-05,Lillestrøm,Odd,1,0,1,1.64,3.85,4.89
2025,2025-04-05,Mjøndalen,Raufoss,1,1,X,2.72,3.56,2.36
2025,2025-04-05,Moss,Ranheim,2,0,1,1.98,3.57,3.48
2025,2025-04-05,Skeid,Start,1,3,2,2.44,3.24,2.83
2025,2025-04-05,Sogndal,Aalesund,3,4,2,3.38,3.53,2.03
2025,2025-04-05,Åsane,Egersund,0,2,2,2.17,3.73,2.93
2025,2025-04-06,Lyn,Stabæk,0,1,2,2.36,3.64,2.67
2025,2025-04-21,Aalesund,Mjøndalen,0,0,X,1.27,5.43,10.32
2025,2025-04-21,Egersund,Skeid,4,3,1,1.70,3.89,4.45
2025,2025-04-21,Kongsvinger,Moss,6,0,1,1.73,3.89,4.17
2025,2025-04-21,Odd,Lyn,2,1,1,2.01,3.66,3.35
2025,2025-04-21,Ranheim,Sogndal,1,2,2,2.18,3.54,3.04
2025,2025-04-21,Raufoss,Åsane,3,2,1,2.28,3.34,3.04
2025,2025-04-21,Stabæk,Lillestrøm,0,3,2,2.89,3.49,2.29
2025,2025-04-21,Start,Hødd,1,2,2,1.66,3.72,4.96
2025,2025-04-27,Lyn,Lillestrøm,0,1,2,3.74,3.73,1.88
2025,2025-04-27,Moss,Stabæk,4,2,1,2.66,3.42,2.49
2025,2025-04-28,Mjøndalen,Start,2,3,2,3.43,3.54,2.02
2025,2025-04-28,Raufoss,Egersund,0,1,2,2.56,3.61,2.51
2025,2025-04-28,Skeid,Kongsvinger,1,4,2,4.47,3.83,1.71
2025,2025-04-28,Sogndal,Odd,3,2,1,2.76,3.43,2.41
2025,2025-04-28,Åsane,Aalesund,0,0,X,3.23,3.86,1.98
2025,2025-04-29,Hødd,Ranheim,0,1,2,2.78,3.43,2.40
2025,2025-05-03,Aalesund,Raufoss,3,1,1,1.43,4.46,6.83
2025,2025-05-03,Lillestrøm,Moss,3,0,1,1.38,4.96,6.90
2025,2025-05-03,Odd,Egersund,1,1,X,1.88,3.88,3.57
2025,2025-05-03,Ranheim,Kongsvinger,2,1,1,3.39,3.86,1.94
2025,2025-05-03,Sogndal,Mjøndalen,1,0,1,1.52,4.26,5.64
2025,2025-05-03,Start,Åsane,2,3,2,1.74,3.94,4.17
2025,2025-05-04,Lyn,Hødd,0,1,2,1.68,3.79,4.71
2025,2025-05-04,Stabæk,Skeid,1,0,1,1.37,4.96,7.00
2025,2025-05-11,Hødd,Sogndal,2,1,1,2.57,3.36,2.58
2025,2025-05-11,Mjøndalen,Ranheim,1,4,2,2.95,3.56,2.21
2025,2025-05-11,Moss,Lyn,2,0,1,2.41,3.51,2.70
2025,2025-05-11,Raufoss,Start,0,0,X,2.71,3.55,2.37
2025,2025-05-12,Kongsvinger,Odd,1,3,2,1.65,4.14,4.45
2025,2025-05-12,Skeid,Lillestrøm,1,1,X,7.59,5.36,1.33
2025,2025-05-12,Åsane,Stabæk,1,1,X,2.81,3.70,2.23
2025,2025-05-15,Ranheim,Raufoss,1,1,X,1.96,3.64,3.44
2025,2025-05-16,Aalesund,Hødd,2,0,1,1.38,4.58,7.55
2025,2025-05-16,Lillestrøm,Kongsvinger,2,0,1,1.82,3.99,3.65
2025,2025-05-16,Lyn,Skeid,1,1,X,1.61,3.87,5.19
2025,2025-05-16,Odd,Moss,2,0,1,1.68,3.87,4.58
2025,2025-05-16,Sogndal,Åsane,2,0,1,2.02,3.63,3.27
2025,2025-05-16,Stabæk,Mjøndalen,4,0,1,1.44,4.57,6.31
2025,2025-05-16,Start,Egersund,2,1,1,2.16,3.69,2.93
2025,2025-05-24,Aalesund,Start,1,1,X,1.61,4.05,4.82
2025,2025-05-24,Kongsvinger,Lyn,2,1,1,1.62,4.13,4.67
2025,2025-05-24,Mjøndalen,Lillestrøm,0,6,2,10.98,6.33,1.21
2025,2025-05-24,Moss,Skeid,2,1,1,1.58,4.04,5.19
2025,2025-05-24,Raufoss,Stabæk,1,0,1,3.02,3.61,2.13
2025,2025-05-25,Egersund,Sogndal,0,2,2,2.07,3.67,3.13
2025,2025-05-25,Hødd,Odd,3,1,1,3.26,3.32,2.15
2025,2025-05-25,Åsane,Ranheim,2,1,1,2.20,3.64,2.88
2025,2025-05-29,Lyn,Mjøndalen,1,3,2,1.49,4.42,5.65
2025,2025-05-30,Skeid,Hødd,1,1,X,2.87,3.36,2.34
2025,2025-05-31,Lillestrøm,Egersund,1,0,1,1.32,5.71,7.16
2025,2025-05-31,Moss,Start,0,3,2,2.50,3.42,2.62
2025,2025-05-31,Odd,Åsane,1,0,1,1.78,3.84,3.95
2025,2025-05-31,Ranheim,Aalesund,2,1,1,3.13,3.50,2.13
2025,2025-05-31,Sogndal,Raufoss,2,2,X,1.74,3.72,4.31
2025,2025-05-31,Stabæk,Kongsvinger,2,2,X,2.57,3.85,2.36
2025,2025-06-14,Hødd,Lillestrøm,2,2,X,5.61,4.34,1.50
2025,2025-06-14,Kongsvinger,Sogndal,4,2,1,1.68,4.12,4.22
2025,2025-06-15,Aalesund,Stabæk,2,2,X,1.99,3.69,3.29
2025,2025-06-15,Egersund,Ranheim,3,4,2,2.20,3.84,2.78
2025,2025-06-15,Mjøndalen,Moss,2,2,X,3.43,3.55,2.00
2025,2025-06-15,Raufoss,Odd,1,1,X,3.09,3.48,2.16
2025,2025-06-15,Start,Lyn,1,1,X,1.65,4.15,4.38
2025,2025-06-15,Åsane,Skeid,2,1,1,1.69,3.85,4.45
2025,2025-06-18,Kongsvinger,Aalesund,3,0,1,1.87,3.93,3.53
2025,2025-06-18,Lillestrøm,Åsane,2,2,X,1.19,6.65,11.48
2025,2025-06-18,Lyn,Raufoss,3,2,1,1.99,3.61,3.38
2025,2025-06-18,Moss,Hødd,3,1,1,1.99,3.62,3.34
2025,2025-06-18,Odd,Mjøndalen,1,1,X,1.51,4.33,5.45
2025,2025-06-18,Ranheim,Start,0,1,2,2.50,3.74,2.46
2025,2025-06-18,Skeid,Sogndal,1,4,2,3.20,3.63,2.06
2025,2025-06-18,Stabæk,Egersund,1,3,2,1.67,4.23,4.20
2025,2025-06-21,Aalesund,Odd,1,0,1,1.77,4.01,3.79
2025,2025-06-21,Egersund,Kongsvinger,2,2,X,3.24,4.00,1.92
2025,2025-06-21,Ranheim,Lillestrøm,0,4,2,4.32,4.16,1.65
2025,2025-06-21,Raufoss,Hødd,6,1,1,2.52,3.56,2.52
2025,2025-06-21,Start,Stabæk,5,1,1,1.91,4.05,3.28
2025,2025-06-21,Åsane,Moss,2,1,1,2.19,3.45,3.04
2025,2025-06-22,Sogndal,Lyn,1,2,2,1.70,4.16,3.99
2025,2025-06-23,Mjøndalen,Skeid,1,4,2,2.47,3.53,2.58
2025,2025-06-28,Hødd,Mjøndalen,3,1,1,1.58,4.06,5.03
2025,2025-06-28,Kongsvinger,Raufoss,2,2,X,1.35,5.23,7.13
2025,2025-06-28,Lillestrøm,Sogndal,0,0,X,1.27,5.86,8.21
2025,2025-06-28,Moss,Egersund,2,4,2,2.49,3.62,2.51
2025,2025-06-28,Odd,Start,2,2,X,2.68,3.67,2.32
2025,2025-06-28,Skeid,Aalesund,1,1,X,3.89,3.73,1.81
2025,2025-06-28,Stabæk,Ranheim,1,2,2,2.14,3.95,2.82
2025,2025-06-29,Lyn,Åsane,2,1,1,2.19,3.75,2.82
2025,2025-07-22,Egersund,Aalesund,2,2,X,3.68,3.36,1.98
2025,2025-07-26,Aalesund,Moss,2,0,1,1.48,4.30,5.92
2025,2025-07-26,Egersund,Lyn,0,5,2,2.24,3.65,2.82
2025,2025-07-26,Mjøndalen,Kongsvinger,1,1,X,5.81,4.75,1.44
2025,2025-07-26,Ranheim,Odd,3,1,1,2.16,3.90,2.81
2025,2025-07-26,Raufoss,Skeid,1,1,X,2.06,3.66,3.17
2025,2025-07-26,Sogndal,Stabæk,1,1,X,2.27,3.73,2.72
2025,2025-07-26,Start,Lillestrøm,0,3,2,3.42,3.93,1.89
2025,2025-07-26,Åsane,Hødd,2,2,X,2.06,3.28,3.56
2025,2025-07-30,Hødd,Egersund,1,0,1,2.18,3.65,2.93
2025,2025-07-30,Kongsvinger,Start,0,3,2,1.91,3.82,3.48
2025,2025-07-30,Lillestrøm,Raufoss,2,1,1,1.24,6.55,9.12
2025,2025-07-30,Lyn,Aalesund,2,2,X,3.03,3.36,2.24
2025,2025-07-30,Mjøndalen,Åsane,2,0,1,3.29,3.41,2.10
2025,2025-07-30,Moss,Sogndal,3,1,1,2.59,3.53,2.47
2025,2025-07-30,Odd,Stabæk,2,0,1,2.57,3.47,2.52
2025,2025-07-30,Skeid,Ranheim,0,0,X,3.31,3.55,2.04
2025,2025-08-02,Aalesund,Kongsvinger,3,1,1,2.16,3.57,3.04
2025,2025-08-02,Egersund,Odd,1,0,1,2.36,3.54,2.74
2025,2025-08-02,Ranheim,Hødd,2,1,1,1.74,3.79,4.23
2025,2025-08-02,Raufoss,Lyn,0,3,2,2.89,3.53,2.26
2025,2025-08-02,Sogndal,Skeid,1,1,X,1.67,4.05,4.37
2025,2025-08-02,Stabæk,Moss,3,3,X,1.85,3.94,3.57
2025,2025-08-02,Start,Mjøndalen,4,0,1,1.34,5.03,7.62
2025,2025-08-02,Åsane,Lillestrøm,1,2,2,7.06,4.80,1.38
2025,2025-08-06,Egersund,Lillestrøm,0,2,2,7.03,5.09,1.36
2025,2025-08-06,Ranheim,Moss,0,0,X,1.76,3.93,3.99
2025,2025-08-06,Raufoss,Kongsvinger,2,2,X,4.02,4.22,1.70
2025,2025-08-06,Skeid,Mjøndalen,1,2,2,1.84,3.66,3.95
2025,2025-08-06,Sogndal,Hødd,2,1,1,1.84,3.82,3.75
2025,2025-08-06,Stabæk,Aalesund,1,2,2,2.71,3.58,2.37
2025,2025-08-06,Start,Odd,2,0,1,1.70,4.05,4.24
2025,2025-08-06,Åsane,Lyn,0,2,2,2.94,3.51,2.24
2025,2025-08-10,Hødd,Start,0,2,2,4.41,3.78,1.71
2025,2025-08-10,Kongsvinger,Stabæk,2,1,1,1.64,4.28,4.27
2025,2025-08-10,Lillestrøm,Aalesund,5,1,1,1.50,4.29,5.57
2025,2025-08-10,Lyn,Ranheim,2,1,1,2.19,3.58,2.95
2025,2025-08-10,Mjøndalen,Sogndal,2,3,2,3.76,3.77,1.84
2025,2025-08-10,Moss,Åsane,1,2,2,1.84,3.76,3.75
2025,2025-08-10,Odd,Raufoss,1,2,2,1.88,3.74,3.62
2025,2025-08-10,Skeid,Egersund,0,2,2,2.55,3.41,2.56
2025,2025-08-16,Lillestrøm,Start,3,0,1,1.56,4.45,4.82
2025,2025-08-17,Hødd,Skeid,1,1,X,1.89,3.50,3.84
2025,2025-08-17,Moss,Odd,2,2,X,2.24,3.44,2.94
2025,2025-08-18,Aalesund,Ranheim,6,0,1,1.64,4.07,4.54
2025,2025-08-18,Kongsvinger,Mjøndalen,4,3,1,1.31,5.51,7.68
2025,2025-08-18,Stabæk,Sogndal,1,2,2,2.34,3.86,2.56
2025,2025-08-18,Åsane,Raufoss,4,2,1,2.18,3.37,3.12
2025,2025-08-19,Lyn,Egersund,1,1,X,1.81,3.89,3.68
2025,2025-08-23,Egersund,Åsane,1,1,X,1.92,3.70,3.51
2025,2025-08-23,Mjøndalen,Hødd,1,1,X,2.69,3.39,2.44
2025,2025-08-23,Odd,Kongsvinger,1,2,2,3.08,3.88,2.02
2025,2025-08-23,Ranheim,Stabæk,1,1,X,2.57,3.61,2.44
2025,2025-08-23,Raufoss,Lillestrøm,1,2,2,7.51,5.02,1.34
2025,2025-08-23,Skeid,Lyn,2,3,2,4.21,3.87,1.73
2025,2025-08-23,Sogndal,Moss,3,1,1,1.77,3.85,3.98
2025,2025-08-23,Start,Aalesund,3,1,1,2.20,3.49,2.97
2025,2025-08-30,Hødd,Raufoss,2,4,2,2.20,3.42,3.02
2025,2025-08-30,Kongsvinger,Ranheim,1,1,X,1.61,4.34,4.40
2025,2025-08-30,Lillestrøm,Skeid,3,1,1,1.13,7.72,15.89
2025,2025-08-30,Moss,Mjøndalen,3,1,1,1.65,3.96,4.52
2025,2025-08-30,Stabæk,Start,1,1,X,3.13,3.64,2.08
2025,2025-08-30,Åsane,Sogndal,1,1,X,3.01,3.46,2.20
2025,2025-08-31,Aalesund,Egersund,2,3,2,1.53,4.39,5.06
2025,2025-08-31,Lyn,Odd,0,0,X,1.59,4.19,4.77
2025,2025-09-13,Egersund,Stabæk,1,1,X,2.34,3.69,2.63
2025,2025-09-13,Odd,Hødd,1,2,2,1.91,3.65,3.55
2025,2025-09-13,Ranheim,Åsane,5,2,1,1.80,3.74,3.98
2025,2025-09-13,Raufoss,Aalesund,0,1,2,3.79,3.71,1.84
2025,2025-09-13,Sogndal,Lillestrøm,1,5,2,4.79,4.17,1.59
2025,2025-09-13,Start,Kongsvinger,2,3,2,2.08,3.80,3.00
2025,2025-09-14,Mjøndalen,Lyn,0,1,2,4.01,4.01,1.72
2025,2025-09-14,Skeid,Moss,1,1,X,2.97,3.66,2.14
2025,2025-09-20,Aalesund,Skeid,3,0,1,1.26,5.80,9.18
2025,2025-09-20,Hødd,Moss,2,1,1,2.35,3.48,2.75
2025,2025-09-20,Lillestrøm,Mjøndalen,4,1,1,1.09,9.64,16.85
2025,2025-09-20,Start,Ranheim,2,3,2,1.67,4.20,4.21
2025,2025-09-20,Åsane,Odd,0,2,2,2.34,3.42,2.81
2025,2025-09-21,Kongsvinger,Egersund,2,1,1,1.70,4.26,3.91
2025,2025-09-21,Lyn,Sogndal,2,1,1,1.98,3.67,3.34
2025,2025-09-21,Stabæk,Raufoss,3,0,1,1.67,4.09,4.27
2025,2025-09-27,Egersund,Start,2,0,1,3.29,3.63,2.02
2025,2025-09-27,Skeid,Åsane,1,2,2,2.82,3.55,2.27
2025,2025-09-28,Sogndal,Kongsvinger,2,2,X,2.74,3.79,2.23
2025,2025-09-29,Hødd,Lyn,0,1,2,3.34,3.49,2.03
2025,2025-09-29,Moss,Lillestrøm,1,5,2,6.51,4.98,1.38
2025,2025-09-29,Odd,Aalesund,1,0,1,3.24,3.50,2.07
2025,2025-09-29,Raufoss,Ranheim,1,2,2,2.69,3.49,2.38
2025,2025-10-04,Aalesund,Sogndal,2,0,1,1.63,3.99,4.67
2025,2025-10-04,Kongsvinger,Skeid,3,0,1,1.30,5.67,7.66
2025,2025-10-04,Lillestrøm,Hødd,4,0,1,1.16,7.13,12.83
2025,2025-10-04,Ranheim,Egersund,0,4,2,2.09,3.47,3.22
2025,2025-10-04,Start,Raufoss,4,0,1,1.40,4.83,6.53
2025,2025-10-04,Åsane,Mjøndalen,2,3,2,1.68,4.04,4.28
2025,2025-10-05,Lyn,Moss,4,0,1,1.56,4.14,5.17
2025,2025-10-05,Stabæk,Odd,2,2,X,1.77,3.85,3.96
2025,2025-10-17,Lillestrøm,Lyn,5,1,1,1.37,4.83,7.13
2025,2025-10-18,Egersund,Raufoss,4,0,1,1.60,3.99,5.00
2025,2025-10-18,Hødd,Åsane,3,3,X,2.12,3.31,3.29
2025,2025-10-18,Mjøndalen,Aalesund,0,6,2,4.79,4.22,1.59
2025,2025-10-18,Moss,Kongsvinger,2,4,2,3.48,4.10,1.83
2025,2025-10-18,Odd,Ranheim,1,1,X,2.33,3.66,2.65
2025,2025-10-18,Skeid,Stabæk,0,5,2,5.29,4.50,1.50
2025,2025-10-18,Sogndal,Start,0,0,X,2.69,3.56,2.35
2025,2025-10-22,Aalesund,Lyn,2,1,1,1.75,3.73,4.18
2025,2025-10-22,Egersund,Moss,2,0,1,1.68,4.08,4.18
2025,2025-10-22,Kongsvinger,Hødd,3,0,1,1.35,5.21,6.74
2025,2025-10-22,Odd,Lillestrøm,1,7,2,6.59,5.14,1.36
2025,2025-10-22,Ranheim,Mjøndalen,3,0,1,1.57,4.60,4.54
2025,2025-10-22,Raufoss,Sogndal,1,3,2,2.62,3.52,2.44
2025,2025-10-22,Stabæk,Åsane,2,0,1,1.36,5.04,6.74
2025,2025-10-22,Start,Skeid,2,1,1,1.18,6.76,11.80
2025,2025-10-25,Hødd,Stabæk,1,3,2,3.94,3.75,1.79
2025,2025-10-25,Lillestrøm,Ranheim,2,1,1,1.23,6.41,8.88
2025,2025-10-25,Lyn,Kongsvinger,0,1,2,2.53,3.66,2.45
2025,2025-10-25,Mjøndalen,Odd,1,1,X,3.18,3.71,2.02
2025,2025-10-25,Moss,Aalesund,1,1,X,5.07,4.23,1.55
2025,2025-10-25,Skeid,Raufoss,1,4,2,3.73,3.80,1.83
2025,2025-10-25,Sogndal,Egersund,0,1,2,2.19,3.63,2.88
2025,2025-10-25,Åsane,Start,2,2,X,4.16,3.83,1.73
2025,2025-10-29,Mjøndalen,Stabæk,3,2,1,4.77,4.23,1.57
2025,2025-11-01,Aalesund,Åsane,3,0,1,1.28,5.47,8.46
2025,2025-11-01,Egersund,Hødd,0,0,X,1.55,4.16,5.17
2025,2025-11-01,Kongsvinger,Lillestrøm,0,2,2,3.06,3.91,2.01
2025,2025-11-01,Odd,Sogndal,1,4,2,2.53,3.68,2.42
2025,2025-11-01,Ranheim,Skeid,4,2,1,1.27,5.75,8.69
2025,2025-11-01,Start,Moss,2,1,1,1.41,4.77,6.29
2025,2025-11-02,Raufoss,Mjøndalen,0,1,2,1.74,4.32,3.67
2025,2025-11-02,Stabæk,Lyn,1,5,2,2.30,3.95,2.55
2025,2025-11-08,Hødd,Aalesund,0,0,X,6.78,4.70,1.39
2025,2025-11-08,Lillestrøm,Stabæk,3,0,1,1.20,6.68,9.93
2025,2025-11-08,Lyn,Start,0,3,2,2.34,3.51,2.72
2025,2025-11-08,Mjøndalen,Egersund,1,2,2,2.78,4.03,2.12
2025,2025-11-08,Moss,Raufoss,1,1,X,2.07,3.23,3.53
2025,2025-11-08,Skeid,Odd,5,2,1,2.74,3.75,2.24
2025,2025-11-08,Sogndal,Ranheim,0,3,2,2.68,3.94,2.21
2025,2025-11-08,Åsane,Kongsvinger,0,0,X,6.74,5.11,1.36
